,brand_name,key,appraisal_value,front_tag,status
0,Screen Stars,L8-rp0o66e,750,https://s3.amazonaws.com/com.images.legiteem8/9647fad3-261c-46f9-a973-780c90afcb4b-2022042914360.jpeg,1
1,Screen Stars Best,L8-el3npic,500,https://s3.amazonaws.com/com.images.legiteem8/0d1b0e44-d9cc-40d0-aa56-5bfe36f5696c-20220429142552%40blurHash%3DVVhJNHxrTUokfXhdflhSaW4qeGFufnh2TkdOSGJZdFNNe2Fk.jpeg,1
2,Eazy-E 2006 Ruthless Branded Shirt,L8-g4gw8pg,75,https://s3.amazonaws.com/com.images.legiteem8/6628ba9c-41a2-4eee-9e45-2e8aed46859c-20220430212239%40blurHash%3DVWRJRVV7fUAsP3haP15LNUk6UiotO29mV0Jhek14eFp0Nmpb.jpeg,0
3,2000s Tiesto Remix The Future Armani Exchange T-Shirt,L8-0j6bmsw,200,https://s3.amazonaws.com/com.images.legiteem8/b8fbbdca-14df-46b1-8916-442ab21c7213-2022050161938%40blurHash%3DVTA1aEpSSVQwMF8xflV4dE5Hb2YwNSVLXn5JV14lb2VNfHhh.jpeg,0
4,Screen Stars Funky A,L8-1qnj7gd,1000,https://s3.amazonaws.com/com.images.legiteem8/85a92eba-e31e-45bf-a04c-bb96d43db046-2022050221136%40blurHash%3DVTM3LX50WngwRklWJEd0VTlHUmswNWtFfkslTTAyUk9%2BbHh3.jpeg,1
5,John Lennon,L8-t0nrnvs,50,https://s3.amazonaws.com/com.images.legiteem8/ad241e8e-e7a9-4f6c-9303-b03f0849d8a5-2022050305957%40blurHash%3DVTU5UTVCeEcweUVMIywlMTl2STsweUUyfkItbzFnYnY7eSRp.jpeg,0
6,Jerzees,L8-lu7tnhs,500,https://s3.amazonaws.com/com.images.legiteem8/5f3b36dc-40e3-4354-814c-f92b123d7e38-2022043017555%40blurHash%3DVUZFLnxjOXIwMF4sXzNrVkUwbmowMC07fkRFMEkuV0ElMmtX.jpeg,1
7,Velva Sheen,L8-23olqcn,25,https://s3.amazonaws.com/com.images.legiteem8/3f746c17-a570-4588-b2f9-f136f1867dde-2022051116925%40blurHash%3DVUNCeV0kK3AwMUZNR0lFbFZxPX05SXdHflVPWnNpTkhKV3hZ.jpeg,0
8,Adidas,L8-b9l0hg1,300,https://s3.amazonaws.com/com.images.legiteem8/261b00ba-6107-4db6-a4f9-4cca2cdc4a04-2022051217358%40blurHash%3DVTM3MWNqXzIwSzRvfldXQkQqTXtJVklWJU0lTWtEYXl4YWpa.jpeg,0
9,Souls of Mischief Hieroglyphics Branded Shirt,L8-ujqb8dg,350,https://s3.amazonaws.com/com.images.legiteem8/e9792f2a-dff9-4bb9-8123-d00033b13eb0-202205077752.jpeg,0
10,QTees Of California,L8-1q2u8oo,2000,https://s3.amazonaws.com/com.images.legiteem8/d0407158-dfb7-43bd-a796-202d2f9ff586-20220429151327%40blurHash%3DVUlDJThKeHUwMFJQUipmNm9ma0MwME17fnF0OHh1b2dSKldB.jpeg,1
11,Wu Wear,L8-em5pfkw,400,https://s3.amazonaws.com/com.images.legiteem8/6cf4a8f4-4e68-43e5-acef-d7ba57df2717-2022052224320%40blurHash%3DVWJFTDdedDZJcFJsfWxvSlc9Ykh9bW9lV0NXQz1Zall0N29m.jpeg,1
12,Jockey,L8-mig3vjg,400,https://s3.amazonaws.com/com.images.legiteem8/1f1aa2cd-4a84-42b0-97ea-6920f30cdf6f-202206198810%40blurHash%3DVUhMZyV9fnBfMyVMUmgtO3Q4UmswSz9hJTB0NzlHeHR0UnM6.jpeg,0
13,Bay Club,L8-r2eb86m,1200,https://s3.amazonaws.com/com.images.legiteem8/06ae2ce9-de18-4cb2-8965-ab12bfb275b5-20220622215225%40blurHash%3DVUFEOXR7cl5NZCVlMDBYUjQ6SUN%2BQnhheER0UTB5TXslZnQ2.jpeg,1
14,Screen Stars FOTL,L8-p10iewg,380,https://s3.amazonaws.com/com.images.legiteem8/85ea5448-2013-4995-a5cd-6790fcd06c8a-2022062573749%40blurHash%3DVSRGZ10sb0xSKmF5fT1qWVdXakBeTWF5b2ZvZi1UYXlqc2pA.jpeg,1
15,Led Zeppelin Bootleg,L8-4phsggi,175,https://s3.amazonaws.com/com.images.legiteem8/4ebc740b-fa1e-41c4-ad5c-17e61a5fb9ae-2022070131819%40blurHash%3DVU5IeEUyeGF4diVNflU5YUUySW9%2BQU14SVVNfF4qP2EtcHRR.jpeg,1
16,Fruit of the Loom,L8-mtoncbw,150,https://s3.amazonaws.com/com.images.legiteem8/f7655da6-3677-4492-8218-967ff079bddc-202207022199%40blurHash%3DVXhHN0Aub0xqc29KLC1mUmpzakB%2BQW9Lb2ZvTHdhZmtvZW9l.jpeg,1
17,Björk Debut Tee,L8-i44fvbq,1500,https://s3.amazonaws.com/com.images.legiteem8/b67f94b3-2996-42a1-82f1-944e7b229258-20220627142632%40blurHash%3DVVlNR1Y2cy5vZnhhflZzOmF5b2ZSam9laltheVZAV0NiSGpb.jpeg,1
18,Liquid Blue,L8-7qank4u,300,https://s3.amazonaws.com/com.images.legiteem8/be84aaad-d43e-4116-b284-0685e44027a3-2022070454641%40blurHash%3DVVNEMDRJb2ZEJW9nfldiSFJqb2YlMVdDdFJvSi1xaltXQWEj.jpeg,1
19,Hanes Ultraweight,L8-dspcavs,500,https://s3.amazonaws.com/com.images.legiteem8/9f0611d6-d91a-47e5-abaa-357bf06ddc04-20220625114918%40blurHash%3DVUtJcWZrJTM5cyUyfXRvZ0pUeFowMFIqc3FWQDNxV1V2ek5H.jpeg,1
20,Great Southern Company,L8-1lcs5no,160,https://s3.amazonaws.com/com.images.legiteem8/50cb06c4-1b0d-460f-ad8d-69440e890585-2022070915140%40blurHash%3DVTlCcHFYXzMwMElBX014dUlVYXkwMElCfnElTTRuV0IlTVdC.jpeg,1
21,Fruit of the Loom Heavy,L8-ldib6l2,500,https://s3.amazonaws.com/com.images.legiteem8/29b2e1c8-5067-491e-97cc-07ee00e41ec6-2022071031937%40blurHash%3DVUJCZlkxP0cwMzl2Xip4dEk7YmMwem9mfkIlMiVMJTFuak18.jpeg,1
22,Fruit of the Loom,L8-luo8s67,400,https://s3.amazonaws.com/com.images.legiteem8/e5bce9a5-50a8-494e-9858-54763face161-20220708161548%40blurHash%3DVUREOVNGPXswTDU2cElSanhHbmowMEUyfkM9eyM4c3BKLFN6.jpeg,1
23,Hanes,L8-anff50f,200,https://s3.amazonaws.com/com.images.legiteem8/a65bcb59-18bb-4e5a-bf25-1c84576b3401-20220718173656%40blurHash%3DVWdHUlZZLVZFMWF9P2JTNE5IV0N4XVc7cztqWn5WeGFJb1dX.jpeg,1
24,AAA,L8-t1uj487,45,https://s3.amazonaws.com/com.images.legiteem8/728c0f34-1bdf-4659-82b2-31d748a962a4-20220719152342%40blurHash%3DVVNHdCstcl9SNW9jfkJzRE5Haj00Ok5Hb31SayQqeEd4YWF5.jpeg,1
25,Brockum Collection (The),L8-4tt41wp,100,https://s3.amazonaws.com/com.images.legiteem8/fac035e4-d435-458e-9316-fa22ef55b237-20220719224630%40blurHash%3DVVJGRm1YV0JJVXhiMDBheFJpb2Z%2BcG9mUmpvZm9MUipXQ1dC.jpeg,1
26,Hanes Heavyweight,L8-pgmk34b,180,https://s3.amazonaws.com/com.images.legiteem8/2ff6255c-fcd7-41ab-92e3-787d38363eab-2022072223454%40blurHash%3DVUZDNnJ3LXAwMElveGFvTFIrYkkwMElvfnEkKk9YV1d3Xm4k.jpeg,1
27,led zeppelin rules america ,L8-mwc3cra,75,https://s3.amazonaws.com/com.images.legiteem8/fbc93ebb-6d5d-4d98-9e7b-c982f2a45f0f-2022072502321%40blurHash%3DVVFIZTV9eHVJVXh0JXlrQk17YXh%2BcCVNYXpSaj9ieHV0N017.jpeg,1
28,King Crimson,L8-jinahiv,250,https://s3.amazonaws.com/com.images.legiteem8/1fc7613f-2d76-478f-b779-931dc9c7941e-20220721185722%40blurHash%3DVTlMNFFrdTQ9e35VMF0jOWpGRCowMFRjeVdmKzAwbmpWYVIr.jpeg,1
29,Hanes Ultraweight,L8-81gmava,1500,https://s3.amazonaws.com/com.images.legiteem8/0e0ae337-394c-4cd8-8b04-383734e7faf1-20220728223150%40blurHash%3DVW9NN3J4eHVqPXh1aj9qW1dCb2Z%2BcVdXb2dqc3h1altzOmF4.jpeg,1
30,Nike,L8-aul725j,80,https://s3.amazonaws.com/com.images.legiteem8/cd89302a-4b8f-4d7b-9227-642c41dfaac2-2022050971937%40blurHash%3DVWVLNz86fF5yWWFlLStPQlM1alske1MyWFJmK3hAU2duaW4k.jpeg,1
31,Vintage 1993 Alice In Chains Lollapalooza Tour T-Shirt,L8-7a1vlli,1000,https://s3.amazonaws.com/com.images.legiteem8/feaf57d2-38db-476b-a240-d5311f974596-2022072472154%40blurHash%3DVTZNUUlyPXx5Ql8yfnBvZnQ4eHVfTFJrYTFyP3hdU08tb3M5.jpeg,1
32,Wild Oats,L8-6lsum6h,750,https://s3.amazonaws.com/com.images.legiteem8/65879dfb-c0f4-458c-ad9a-6da6915f8b97-20220730231238.jpeg,1
33,Giant by Tultex,L8-gpasmoo,360,https://s3.amazonaws.com/com.images.legiteem8/1d4c2507-e5a0-443c-bf83-07ebfad60cc4-20220801204344%40blurHash%3DVUhMTnVsT0d%2BcC07OF9FMS06JUxSUFJqeHVhZS1weHZSaklV.jpeg,1
34,Rolling Stones T-shirt,L8-k7895qg,200,https://s3.amazonaws.com/com.images.legiteem8/ca9e7b33-9a6f-4df1-b507-42e761607716-2022080243155%40blurHash%3DVVZFe1JxdDdJVW9mfnFSKlJqZlFfM1dCdDZqW35Xb2VSKmpb.jpeg,1
35,Screen Stars,L8-bna2h1c,250,https://s3.amazonaws.com/com.images.legiteem8/89543b20-814d-486b-8b67-384661f64d3f-202207243320%40blurHash%3DVUtMTlBpTXtOS3hhfnB0N29mczotO3hhakVvZU18TXtSaldC.jpeg,1
36,Metallica ,L8-viajv11,300,https://s3.amazonaws.com/com.images.legiteem8/54ac7608-6811-4a29-a569-b2885d206806-2022080395327.jpeg,1
37,Hanes Beefy T,L8-im3fri8,650,https://s3.amazonaws.com/com.images.legiteem8/25a79664-165d-4767-830a-4c94db5187ac-2022070819161%40blurHash%3DVUVLLXpseF0tbT9hX014dVZAb3p%2BcHQySVdJcSVma0N4YmpF.jpeg,1
38,All Sport Proweight,L8-05rtctd,450,https://s3.amazonaws.com/com.images.legiteem8/e92983e5-c0c9-4057-b1b5-31736c9c99a4-20220708154830%40blurHash%3DVVNDNj1VUmtST1dBfnBSa29nb2ZeKk17eF10N18yUmpvSmpZ.jpeg,1
39,Ozzy Osbourne Ultimate Sin tour 1986 ,L8-c09eglt,150,https://s3.amazonaws.com/com.images.legiteem8/9df03ea5-192c-45bd-ab13-087155a0e6c6-20220806135658%40blurHash%3DVVBIZVJSeHVNe3M6MDBXQnRSV1Y5Rk17UipqW35wa0NWQGFl.jpeg,1
40,Screen Stars Premium,L8-v9ub7q5,750,https://s3.amazonaws.com/com.images.legiteem8/790842dc-d9c8-408f-9e8b-c1aca00ecfdf-2022062395345%40blurHash%3DVU5Od05TP2NJVS07fnB0N1JQV0JNdyVNTkdXQ19Ob3lNe29n.jpeg,1
41,Screen Stars,L8-eohlnhd,175,https://s3.amazonaws.com/com.images.legiteem8/ee865ba2-7e62-4525-9212-c81c986d5bc8-20220622165722%40blurHash%3DVTU5JXhFb3owMDlGLjdqdUQlRCpSJVZbLXB0NzRuRCp%2BcT9i.jpeg,1
42,Adidas,L8-cnupj6i,750,https://s3.amazonaws.com/com.images.legiteem8/bbbac1d5-b6ee-4e8c-9f4b-c4bd455b43b8-20220715222532.jpeg,1
43,M Prints,L8-48uemwt,100,https://s3.amazonaws.com/com.images.legiteem8/1ffc680a-8736-4cb9-b80e-fcb3a3cae597-2022080311250%40blurHash%3DVTU4emxZSW8wMHQ3fkJiSEUyTkcwMHh0fldJVnhhUmtXVWJI.jpeg,1
44,Giant by Tee Jays,L8-gs9t7ak,630,https://s3.amazonaws.com/com.images.legiteem8/2cd0ee59-b4d2-4988-8408-054c7bea625b-20220805113743.jpeg,1
45,Giant by Tultex,L8-bhd36bf,750,https://s3.amazonaws.com/com.images.legiteem8/2c61a242-ef38-4d89-aa99-17edeb5b919c-20220802205940%40blurHash%3DVUlKa3J8d0hFM35xRCw0by1veF0jN0QleFp4WnhBTXdXWldC.jpeg,1
46,Anvil,L8-jc9vpmk,110,https://s3.amazonaws.com/com.images.legiteem8/a4936944-6ed1-4e33-b69d-dbe97f703b10-2022080305745%40blurHash%3DVUZIY19tSXAtVU5HfT9heVdDJCVvS05IJCVzLkUyUmtrQmtC.jpeg,1
47,Screen Stars,L8-m5hrp29,600,https://s3.amazonaws.com/com.images.legiteem8/fd92449e-d182-457d-be87-f2538911c24c-20220804131748%40blurHash%3DVVVCeWRQTXxJb29nfW1OSVMlalleS05JV1hqQC1wUmthY29m.jpeg,1
48,kurt memorial,L8-a9riiwq,310,https://s3.amazonaws.com/com.images.legiteem8/979343fa-cdc1-48a2-baf4-16b4ff8a7b82-20220804123339%40blurHash%3DVXFGNUViczlmbGpGfTtzVmZrbiUtNmpialpzOlItYXlheXQ2.jpeg,1
49,Giant,L8-u779o32,150,https://s3.amazonaws.com/com.images.legiteem8/07343719-2aa9-4f0e-8d9c-9376b45311cb-2022081045613%40blurHash%3DVTNJQn1%2BXmsubjpre15dLkZ5TnUqS2l3OHZ4Xn5XWDhtbGl7.jpeg,1
50,kurt memorial,L8-o05q03u,310,https://s3.amazonaws.com/com.images.legiteem8/d6ba043f-3991-4540-bfd8-21ad8c7f350d-2022080412021%40blurHash%3DVVRMO1F0RCRSaSVNXzR4dHQ3b2Z4dG9nal1SaXMueHVSaVdC.jpeg,1
51,Anvil,L8-kjshqi2,100,https://s3.amazonaws.com/com.images.legiteem8/f4625ea9-e812-4dca-8989-989248979ad2-20220804114649%40blurHash%3DVTlLQStyNFR%2BcX5WMDAkJTlaUlIwMHhecytSNG9%2BP2IlMiQl.jpeg,1
52,Hanes Ultraweight,L8-s9oawj3,500,https://s3.amazonaws.com/com.images.legiteem8/2a9afd43-e619-4baf-b3b0-e6785f6a9442-20220809125451.jpeg,1
53,Handtex,L8-gnmkbtu,100,https://s3.amazonaws.com/com.images.legiteem8/c060af41-81a2-4bd6-ade8-d4d8fe49c1f8-2022080413321%40blurHash%3DVU1GT012dG14dXJxfEMwTFJqJTJ%2BQVhUeFpqRUVRUit4Wm9m.jpeg,1
54,Anvil,L8-g4bsc79,100,https://s3.amazonaws.com/com.images.legiteem8/e4e6e0c6-4487-47cd-acab-0cd878b11912-202208031822%40blurHash%3DVVFFMklFb2Y1N0lwJCU5dXQ2eGEtVUlwYXx0Nn5Cb2ZJcGZQ.jpeg,1
55,J Classic,L8-ge6m5uh,130,https://s3.amazonaws.com/com.images.legiteem8/a68ca44a-d037-41c7-9a7b-8708a5bc7499-2022080412443%40blurHash%3DVWlMWDldSUFvS3RSfnBWQGtDb2ZSaldBZmxvZmtDUmpvZ2F5.jpeg,1
56,Giant by Tee Jays,L8-cvkn5c4,650,https://s3.amazonaws.com/com.images.legiteem8/dcfe796e-ebe2-4917-a37d-a6a3f26ca998-20220621161124%40blurHash%3DVTVDUHQuTXg0VEQlMEslTTlaSTswMk1fP3ctcU1iV0N9QD14.jpeg,1
57,Screen Stars Best,L8-naw9lem,180,https://s3.amazonaws.com/com.images.legiteem8/94faffe1-20a3-42b1-9b10-d4a6930847c6-2022062573037%40blurHash%3DVSVGO2ZtbzBheW9KfTtvSmpbb0peTGpzb0xvTC1TZjZhfWpb.jpeg,1
58,nirvana muddy banks,L8-m74pq1p,160,https://s3.amazonaws.com/com.images.legiteem8/7433ff35-d172-4203-9ac2-85b6292d8f73-20220804121130%40blurHash%3DVUdFe0lOc2wwMHRSMDBXWH5XUmk0OldYJTFvSn5WYWU5YW9n.jpeg,1
59,kurt memorial,L8-v4jkipq,60,https://s3.amazonaws.com/com.images.legiteem8/f63a19ae-4644-4a0e-97a4-844507d3914f-20220804122949%40blurHash%3DVU9FMklIbk4lTE5IfVF0N3dIdDZ9P05HJUxzU1JQV3JWP29l.jpeg,1
60,kurt memorial,L8-jhl8u7g,50,https://s3.amazonaws.com/com.images.legiteem8/cceb7901-9c4d-4221-9e01-b4978ee4ce57-2022080412268%40blurHash%3DVW9ILURFSXBOSG9MfT9OSFIqb2VOSGEjV1ZheWJJYXlvZldD.jpeg,1
61,nirvana kurt,L8-vwtl9k5,60,https://s3.amazonaws.com/com.images.legiteem8/bf08a914-fc55-490b-abeb-2592f2c5ad94-2022080412232%40blurHash%3DVWNGcjA5JTNEJXNrfC5pXlhVeHV%2BQ28jSW9uI2FkUmtSLWJJ.jpeg,1
62,kurt memorial ,L8-qbo43gm,60,https://s3.amazonaws.com/com.images.legiteem8/26ab4511-1b39-404a-b54f-ab387efc775f-2022080412201%40blurHash%3DVUlEKzN2TkY0b15pXSMtVSVMUiU6aWtCLjd3Xn5CYXlEJXQ3.jpeg,1
63,Gildan,L8-qqmicut,50,https://s3.amazonaws.com/com.images.legiteem8/563f4a98-1a67-47cd-bbe3-19375a9aeb86-2022080419478%40blurHash%3DVTVIZXdpfkMwMF8ycGElfjlaYncrWEg9SVdJQS45STotO3h1.jpeg,1
64,nirvana all apologies,L8-1gwtpk2,70,https://s3.amazonaws.com/com.images.legiteem8/8adc3867-e8c0-4b71-a4e2-c5ebeba61ed6-20220804134022%40blurHash%3DVUdDUHp9XzIwMDAwMDA5Wn5wXzJvZVdCUmp0N18yJUxFMUQl.jpeg,1
65,nirvana ,L8-5adsi00,60,https://s3.amazonaws.com/com.images.legiteem8/477e093e-9470-4bda-8047-788eb6a57ee4-20220804132531.jpeg,1
66,Rock Express,L8-6pahcig,50,https://s3.amazonaws.com/com.images.legiteem8/d14feb21-07f7-407c-a54d-7d8d1fcb7b31-20220811984%40blurHash%3DVTZCZkNRfkIxSDlHMHoweko3P0cweH5CPXlGZDBlRTIjU295.jpeg,1
67,nirvana,L8-ibgivhu,220,https://s3.amazonaws.com/com.images.legiteem8/5877cdbf-8cbd-4c5c-9fd7-24de1c75306e-20220804132853.jpeg,1
68,Nirvana Hoddie,L8-vap654s,80,https://s3.amazonaws.com/com.images.legiteem8/3b18d57c-69a4-4e0f-9874-2e0f00da96f0-20220812124243%40blurHash%3DVVJFZkg2LTs5WlNMMDFvZi07Vls5RkQlV0J4dX5XczpFMVMy.jpeg,1
69,Nirvana Bleach,L8-37a4wrs,220,https://s3.amazonaws.com/com.images.legiteem8/c96a7f23-f4e8-4b2d-a31c-cd90e44a9d50-20220812123322%40blurHash%3DVXNGWXJ2TV94dXRSfnBWQHQ4dDdeK1ZAdDdvZ3h1anR0N2F8.jpeg,1
70,Thunder Island,L8-oh8jbon,40,https://s3.amazonaws.com/com.images.legiteem8/9fa16a22-9528-4c92-ad0d-b764f3a4f450-20220812125322%40blurHash%3DVUNDc0JYXmpJblJPU2k5dUVOSTs0LklBfkJeKkpUTkgtVldC.jpeg,1
71,Stampa,L8-lrq14og,50,https://s3.amazonaws.com/com.images.legiteem8/6ccd6886-5286-4e6f-b84e-efce1daf1851-20220812125854%40blurHash%3DVTROVHExSkYwMF8yMDB4V0UyVlswMFJPfnBSajAwNG5fMmtE.jpeg,1
72,Nirvana Polly ,L8-9mwwpjh,120,https://s3.amazonaws.com/com.images.legiteem8/b0734e30-3cb7-4068-83ea-aa5dce5430cf-20220812131245%40blurHash%3DVU9GNXN0P3VEJU14RE85R3hdeHV%2BQnQ3TkdXQn5VJTJNe1dC.jpeg,1
73,Kurt Cobain “Blew” ,L8-wlim3ec,40,https://s3.amazonaws.com/com.images.legiteem8/30cf4bbc-263a-4ba6-b224-0a8d471d0896-20220812131832%40blurHash%3DVTdBbWg6dGswMDAxP0VFTHhJUi00VDlhfld0Ul4rWFRWcklV.jpeg,1
74,Hanes Ultraweight,L8-0e5oh9l,1500,https://s3.amazonaws.com/com.images.legiteem8/b6c4e2da-af76-4e87-8f33-67071e31cea6-202208116625.jpeg,1
75,Fruit of the Loom Best,L8-itngmgr,50,https://s3.amazonaws.com/com.images.legiteem8/860dc5d6-2436-4e49-b0d5-7b0edbfee012-20220812132639%40blurHash%3DVUhFb3hsfnAwMiVMMDFFMSVMUmowNUlxLW9heF8yeHVNfWpA.jpeg,1
76,Gildan Heavy,L8-msnrseo,40,https://s3.amazonaws.com/com.images.legiteem8/dc4ae8b1-79d3-430f-957c-f9ef1f5583cd-20220812133136%40blurHash%3DVVpKUX19TWJ%2BcCVMSVMlaFIlUmlqW2pbTXt4dSUybiRrRGtB.jpeg,1
77,Gildan,L8-a4mige3,15,https://s3.amazonaws.com/com.images.legiteem8/ae4e123a-f12d-47f8-87a4-27604e4d99d4-20220812133717.jpeg,1
78,Fruit of the Loom,L8-4crblih,25,https://s3.amazonaws.com/com.images.legiteem8/0de5bf42-cded-43de-b5dc-23215828691d-2022080223449%40blurHash%3DVUU5P3dVeHQwZUUyfUBvZjVRVlsreE17SzQtcCNTTkdKKiUy.jpeg,1
79,nirvana nevermind,L8-esffkme,30,https://s3.amazonaws.com/com.images.legiteem8/e39d259d-c267-4164-bcff-52efe531cfc0-2022080413142%40blurHash%3DVW1GWGh1allSKmF8fT1vTW9mV1YtOW9Mb0lXVldZb0xzOmF5.jpeg,1
80,nirvana,L8-qkq5j6r,40,https://s3.amazonaws.com/com.images.legiteem8/0c368628-aef4-445a-97eb-08c4b81a8715-20220804134322%40blurHash%3DVU5FeTYkVkVXWU50OUZ0N054c0N7ez9hTXtOYS1vRUslMXhh.jpeg,1
81,nirvana rolling stone ,L8-9fcsars,40,https://s3.amazonaws.com/com.images.legiteem8/c3eb1532-4033-4cd4-9446-f4285d2dfe0a-20220804134616%40blurHash%3DVTQ2QFtAOWF4QUlxfkE5ei1tSXBeaTQ7LS5OS15pNDstbklx.jpeg,1
82,Gildan,L8-81ci8ob,45,https://s3.amazonaws.com/com.images.legiteem8/c34ac56a-1152-449a-929b-2ac4b3236ff9-2022080413521.jpeg,1
83,CONART,L8-kqasmt8,300,https://s3.amazonaws.com/com.images.legiteem8/c57bcb04-22f7-46fb-8d4a-577d82f95f61-20220814141811.jpeg,1
84,green day 94 dookie ,L8-7hhkkjr,300,https://s3.amazonaws.com/com.images.legiteem8/28ed6a26-dff8-4dc9-9cd5-cf4c2dc16302-20220816131031%40blurHash%3DVV9Jcjg1JU1XQm9mfnF4dVdCb2YtO1dCYWVvZmtDTXtqW2pb.jpeg,1
85,Euro (Generic) ,L8-ub6j3hd,900,https://s3.amazonaws.com/com.images.legiteem8/28ad2f5a-afab-44d7-b4c5-a86c3f42f562-20220817105140%40blurHash%3DVWVLVTFVfnB4dW9mP0hSak5HaltWQFdCV0JmUXQ2a0NheVdC.jpeg,1
86,Hanes Heavyweight,L8-jcj6jtw,1200,https://s3.amazonaws.com/com.images.legiteem8/ad76666e-6e48-4169-8243-3f9bd7ce89a8-2022081516326%40blurHash%3DVXhLXm1hc3BubHM6P15rQlcta0MlMm96UitqQFJRb2ZzLldD.jpeg,1
87,Bay Club,L8-87sm96e,1000,https://s3.amazonaws.com/com.images.legiteem8/614be506-a77e-4dfa-a1bb-a5d3b4d9ab4c-20220818204814%40blurHash%3DVS1KdEAteHVSalc7X05XO29MczolMm4lb2ZiSElVUipma2F5.jpeg,1
88,TOP,L8-qa851ri,380,https://s3.amazonaws.com/com.images.legiteem8/57684bf5-79f6-4ed3-8789-796c1f22b536-2022081821224%40blurHash%3DVT1JRV5XUipSampbfnFheWF5b2Z4dXQ3b2ZqW1JqdDdqW2F5.jpeg,1
89,Schwartz,L8-srwkbsf,950,https://s3.amazonaws.com/com.images.legiteem8/9c79e1a8-aed3-4882-b725-9ffde46f8410-2022081964246%40blurHash%3DVU9LMXRGeFouOCVNeEBzLiVOdDdEaWpaeF1vel9Oalp4dXRS.jpeg,1
90,Euro (Generic) ,L8-6d1jdtj,410,https://s3.amazonaws.com/com.images.legiteem8/ef03ef71-58d9-484b-bf1d-847538eeac94-20220819145247%40blurHash%3DVVJGRlRdfkJNeFIqOXVFTHM6dDdEJUlvVDBOR3M6dDZ4dSUy.jpeg,1
91,Bay Club,L8-jvbrgnj,1000,https://s3.amazonaws.com/com.images.legiteem8/dc0b2586-39de-4bc1-b41d-2d18a8afe18d-20220819151828.jpeg,1
92,Short Hills,L8-9rfgbuc,800,https://s3.amazonaws.com/com.images.legiteem8/a1dfc0a9-e40b-4c74-9849-be1d7df5a210-20220819152248%40blurHash%3DVT9JT2hFb2ZSampbfnFvZmp0b2YlMmpbb2ZvZk18altqW2Y2.jpeg,1
93,outcast luda ,L8-ff3v2oo,275,https://s3.amazonaws.com/com.images.legiteem8/a33d2a3a-7032-4be6-a54d-f788c6d8da06-20220818211741%40blurHash%3DVWxFb1tLUmpSaldCfnFSaldDaltfMldCb01vZj9ib2ZXQmF5.jpeg,1
94,biggie / pac,L8-swi4v5j,550,https://s3.amazonaws.com/com.images.legiteem8/944177b4-95c2-4a35-aa6e-6ccfe511b08e-20220819152626%40blurHash%3DVXpIQiNob3pWQHMuJWhqWldDa0N%2BV29nYWVvTHhdalprQ29m.jpeg,1
95,2pac,L8-j1nhe96,125,https://s3.amazonaws.com/com.images.legiteem8/380e94ea-d753-45cc-af82-6dcb85879208-20220819152953%40blurHash%3DVSpIMmNxb3lXQm9mfnFvZmF5b2YlTWZRb2ZvTE18YXlvZmpb.jpeg,1
96,anthrax mexican boot ,L8-f4uum1f,140,https://s3.amazonaws.com/com.images.legiteem8/60aec8b2-30c4-4c47-adc2-c350d9e4ff3b-2022081821549%40blurHash%3DVXpJT2FfV0JNe1dCfnFSaldCalstOnhhdDdqW018dDd0N29m.jpeg,1
97,Brockum,L8-l7h0q76,500,https://s3.amazonaws.com/com.images.legiteem8/0e0a36ce-2c03-4c17-94ee-791715592715-20220819153751%40blurHash%3DVUBIb0k0b2ZXQm9mfnFvZmY2b2YlTWtCb2ZqW017altqW2F5.jpeg,1
98,doors mexican bootleg ,L8-omu1wkk,150,https://s3.amazonaws.com/com.images.legiteem8/bced0dd9-8046-46ad-92b9-259aaf5b4e8b-2022081821030%40blurHash%3DVS1IZXRVZmtheWF5fnFiR29mb2YtcG9maltvZm9NczpSaldC.jpeg,1
99,Fruit of the Loom Best,L8-sdqewkb,320,https://s3.amazonaws.com/com.images.legiteem8/30c689f7-48a9-4335-9b3b-a9c526601476-20220819182149%40blurHash%3DVU9LMSxsJWd4dXh1fnF0N1dCYXklTm9mTXthenh1alt0N2F5.jpeg,1
100,janet velvet rope ,L8-jg7ho2m,200,https://s3.amazonaws.com/com.images.legiteem8/7d5601ea-6504-4baa-a9ab-b38ab3d6ea7a-20220818204224%40blurHash%3DVTtIVjl3dDdSa29mfnFvZmF5b2YlTWY2b2ZqW1JqYXlqW2F5.jpeg,1
101,Screen Stars,L8-t1w2t9l,250,https://s3.amazonaws.com/com.images.legiteem8/22efd774-9b45-49a7-a4d8-07ee59857a82-20220818205529%40blurHash%3DVUZKYjIxb19XVi1xfnF0N1JpYX1Sa3RRV0FXQS07YXh0N1dC.jpeg,1
102,catch me if you can ,L8-slqpu7u,100,https://s3.amazonaws.com/com.images.legiteem8/c3c31168-cadb-48e9-8de3-1ee52ac2eabd-20220818211355%40blurHash%3DVTVJWTU7fnA5RT9iLjZ4dU17b2YlTXQ3SW5Ne35xdDclTXQ2.jpeg,1
103,bob marley natural mystic,L8-2ll4ujq,300,https://s3.amazonaws.com/com.images.legiteem8/197c7459-f0ac-4450-ba9c-62f10ad1c845-20220819153328.jpeg,1
104,Expert Tees,L8-i0aj0pl,150,https://s3.amazonaws.com/com.images.legiteem8/2222f966-17db-4e70-bbe4-bbf12f96a4e2-20220821174713.jpeg,1
105,black sheep,L8-oefum9q,300,https://s3.amazonaws.com/com.images.legiteem8/64d50887-b12a-424c-916d-2d9b69b0cc47-20220822162747%40blurHash%3DVUpLS1tedDZJVXRSfnElTXQ3dDdSa1JqUmlXQi07dDZ0N2pb.jpeg,1
106,GEM,L8-db7wf4o,1500,https://s3.amazonaws.com/com.images.legiteem8/0c4a94a8-7817-4c98-b89b-e13d0a0871dc-20220822163854.jpeg,1
107,Bay Club,L8-ihc7hks,800,https://s3.amazonaws.com/com.images.legiteem8/460c8120-ace0-467b-bb72-3856a684f589-20220822163134%40blurHash%3DVSxITGhbb3phZm9mfnFvZmF5b2YtO2pbb2ZqW1dCaltvZmp0.jpeg,1
108,biggie life after death ,L8-hvjles2,1250,https://s3.amazonaws.com/com.images.legiteem8/f5a3e82c-a07e-4507-b2be-58823921ec44-20220822163531%40blurHash%3DVXdIMlRUb2VSalc9fnFrRGFlb0xeK2pZb2ZrQ2JHa0NzOm9M.jpeg,1
109,Screen Stars,L8-c6anmnn,150,https://s3.amazonaws.com/com.images.legiteem8/a9e1ad41-398b-4ccc-a2e9-60eeb7c28e53-20220821235728.jpeg,1
110,Hanes Heavyweight,L8-qishdjo,2000,https://s3.amazonaws.com/com.images.legiteem8/0ba56fef-e711-46d4-89f5-63ffc73f31bb-2022082216433%40blurHash%3DVXhMZ2U3b3lyXWF5LlRvZldual14W29LU2h0NiQrWDduamtD.jpeg,1
111,Giant,L8-7j6vqwd,85,https://s3.amazonaws.com/com.images.legiteem8/126e0dfa-10dc-4543-8b99-eda006f578df-2022082523619%40blurHash%3DVUFCM0hFUzUwMU17SFhJVl8zeHR%2BV3hhOUdXQjU3dDZ4dG9m.jpeg,1
112,sonic youth astronaut,L8-wvts6tg,1250,https://s3.amazonaws.com/com.images.legiteem8/9e4d0943-9f80-4d49-8af1-a8116688828f-2022071441453%40blurHash%3DVURIVG0jcmJ2MiQrOWF4QHJGeGE0VGEwLmxqSW1sLVZhS1JQ.jpeg,1
113,Giant,L8-lsjn32n,2100,https://s3.amazonaws.com/com.images.legiteem8/acfbffe0-5116-4356-8040-34dc6f2ef655-2022082912727.jpeg,1
114,Giant by Tultex,L8-5e7b4cs,750,https://s3.amazonaws.com/com.images.legiteem8/40aa5f4f-9c3c-46d6-8bb7-816b97568ec2-2022083194744%40blurHash%3DVVJNdEVhJTJ0biVOfnFvZSVMV0FNY2F5eF1XQldBaltXP3Q3.jpeg,1
115,Brockum,L8-9vrttb7,325,https://s3.amazonaws.com/com.images.legiteem8/e2e9bf28-4272-4ce0-a387-a956a952d727-2022082919515%40blurHash%3DVVQ2K0Ria1pKSFdAcytqRFdhYXhKYmF5eDdqQE5pYjBzam9K.jpeg,1
116,AAA,L8-waojevg,200,https://s3.amazonaws.com/com.images.legiteem8/8a39671e-b970-4533-8910-3809599cf59e-202206162036.jpeg,1
117,Nike,L8-pj36b7t,400,https://s3.amazonaws.com/com.images.legiteem8/e7111160-b9ad-4059-94cc-88e14dabb379-2022083023247%40blurHash%3DVUNBXlh2czo0bWJHNFRrQ0QkTXtfTldBJU54dTAwVzotPW9N.jpeg,1
118,Brockum Worldwide,L8-p1j81gf,325,https://s3.amazonaws.com/com.images.legiteem8/b2b8ad66-4440-4515-a8f4-a4b43c81130a-202208311317%40blurHash%3DVUFDJCRUVHpFM2tDdkw5fHhZYSM5SE54PV5uaX5WeHVJcXdI.jpeg,1
119,Screen Stars Best,L8-6ubl7k7,175,https://s3.amazonaws.com/com.images.legiteem8/ccfd8046-22c2-488e-9891-c2bdb6d6540e-20220831193839%40blurHash%3DVTZFeFV5NVIwMWs7c0I5di0ueHMwMF5Qfm5lQV4lPXs0O1Jt.jpeg,1
120,M&O Knits,L8-plgdma2,110,https://s3.amazonaws.com/com.images.legiteem8/437970cf-9dc5-4d4b-97ef-8f841ffdda74-2022090204613%40blurHash%3DVTk4NGxERCUwMF8zP2JSUEQleFswMCVNfnE5RjAwJU1fMzlG.jpeg,1
121,tupac thug life,L8-0hu2qdj,500,https://s3.amazonaws.com/com.images.legiteem8/1bfc9fb3-4541-4e2b-9048-afa6df7cff52-2022082417351%40blurHash%3DVXJFX3lfYWRvSlIqfjhhem9lUio9e2pZb2ZqXWpYal1qP29K.jpeg,1
122,2pac / biggie runnin’,L8-1954bps,600,https://s3.amazonaws.com/com.images.legiteem8/9c2c61fb-dc9b-46a2-9de4-e4d1f2639c0a-20220824165944%40blurHash%3DVXNGOz12biRvZlJrfT1qWnMuV0N4WVdXcy5vZU5iV1dvTHMu.jpeg,1
123,Rush by Showtech,L8-qhetm0w,150,https://s3.amazonaws.com/com.images.legiteem8/8bfc962e-ce88-468c-8884-08b3fe5fb0cc-2022090462150%40blurHash%3DVTk5WnJeJTEwTFIqP0dzOk5Hb0wwMW9KflZ0Nklvb0wlMm9l.jpeg,1
124,Sims Board Co,L8-42kk7c6,225,https://s3.amazonaws.com/com.images.legiteem8/72e0434d-c652-4541-b709-eb7ba9904e1f-20220904211057%40blurHash%3DVU5HOD1sUmpfMnM6SVVqdVdCV0J%2BcHh1SVZXQk17UmslMlIq.jpeg,1
125,1993 John Coltrane Heaven Smiles T Shirt,L8-knqsccn,500,https://s3.amazonaws.com/com.images.legiteem8/9462d108-939a-4470-b0e5-0f0968af9356-20220905185851%40blurHash%3DVVhKc2thdDYjN3hhcUVqW2tCb3otOmpdVEtXV3lDV1hvZmFl.jpeg,1
126,Vintage Alice Cooper T-Shirt,L8-t2hlq5a,125,https://s3.amazonaws.com/com.images.legiteem8/e952a25b-ae6e-454f-a325-944282fecda4-2022083116848%40blurHash%3DVVBMZ3R1cElSa2Y2TUpfTnh2V0I4X3Q3b3pqW2pZUmp0Uk5H.jpeg,1
127,Giant by Anvil,L8-tjqmh9u,150,https://s3.amazonaws.com/com.images.legiteem8/9be5bb42-7bff-4b9c-ac26-feb53c3cd553-2022090805519%40blurHash%3DVTVFLnotMDA5V3RrfkN3e1dTU3o3fVIlZV5uajAzY0U5Y3cz.jpeg,1
128,Belton Tough Tee,L8-rsp67cv,25,https://s3.amazonaws.com/com.images.legiteem8/2c75bcfe-822b-470a-a780-ea9b6d08999a-20220907223116%40blurHash%3DVTlMRHVzNFReaz9hLjdfTT92czo4e015Ump0NnNXTXgkJXQ3.jpeg,1
129,Hanes Beefy T,L8-0wwhn25,220,https://s3.amazonaws.com/com.images.legiteem8/c4b4e3e7-763f-4d32-a0e2-13949329238d-202209109138%40blurHash%3DVUdJfWttOWMlS3RSJUx4dHQ3Ykl%2BVG9lUnB4dD9hdDZzbW9j.jpeg,1
130,Nirvana Live In concert 1993,L8-jvbqff8,2000,https://s3.amazonaws.com/com.images.legiteem8/a7cc60ea-642f-4597-96b2-cfbeadcfb604-20220910172244%40blurHash%3DVWtLbW5RRGpNfHQ3flZ4WlJRanRvenh1b2RheXRRa0NiSGF5.jpeg,1
131,Brockum Worldwide,L8-dlkd04l,700,https://s3.amazonaws.com/com.images.legiteem8/618d3e8b-8ccb-4431-94f6-80c5884a3df4-20220911182436%40blurHash%3DVUhMTm9ZNFRJVVJQSW5EaXdfUlBEaVZAVz1iSV9OdDZWc28w.jpeg,1
132,Liquid Blue,L8-2s6v7i2,750,https://s3.amazonaws.com/com.images.legiteem8/6bcca1e9-389e-422a-9400-2c02ebfcc109-20220912173234%40blurHash%3DVStJckVMaltJVXQ3fnFvZm9malt4dW9meHVXVnQ3YXlSampb.jpeg,1
133,Fruit of the Loom,L8-cedrngj,150,https://s3.amazonaws.com/com.images.legiteem8/cfe24daf-3bc9-4750-bcb1-ad42a5d47e33-20220912173834%40blurHash%3DVUtKa28uLjh0N3h1X05vemY2b2UlZ2F8YXlqXS07b2ZqW2Zr.jpeg,1
134,The Mountain,L8-p6aji38,250,https://s3.amazonaws.com/com.images.legiteem8/0dfab96a-068b-48a1-9905-8811dd39ddb5-20220912182140%40blurHash%3DVXhJNVktb2ZWW29mfnBheVdCalstO29mb2ZqW1dCdDd0N2pb.jpeg,1
135,Hanes,L8-4t23qvp,175,https://s3.amazonaws.com/com.images.legiteem8/a0ff75d3-9938-4c82-b5b5-009ad0c998d3-20220912181723%40blurHash%3DVWFLVUsxSVVSUHQ2X04lTWZQalslTnM6UiphfW9nV0JhZWFl.jpeg,1
136,Fruit of the Loom,L8-4fet3bj,75,https://s3.amazonaws.com/com.images.legiteem8/2a5884af-ea02-4a60-96f4-9e727fb5dc4c-20220912175548%40blurHash%3DVUFJfTtYX04lTz9iWDd0N1Jrb2ZqXVdCTXtSai07V1Z4dW9m.jpeg,1
137,‘94 pulp fiction,L8-td1skvo,500,https://s3.amazonaws.com/com.images.legiteem8/088e7664-26be-4df5-b7ff-7f30a3037803-2022091312154%40blurHash%3DVU9HW3ZSUmx0Unh0fk9hfnQ3dDZORnQ2b0l0N04zdDZXQm9m.jpeg,1
138,Type O Negative Original Vintage Black No.1 Tee,L8-jg2o739,400,https://s3.amazonaws.com/com.images.legiteem8/170fd34d-a52d-461e-9952-db9e1c5c1bce-2022091371736%40blurHash%3DVUREY0JoJUwwME18P2F0N0UxUmowMG9mflZzOmpdUmpheXQ3.jpeg,1
139,Sof Tee by Tee Jays,L8-tmjdotm,250,https://s3.amazonaws.com/com.images.legiteem8/80f35c19-221c-474d-8f07-892e6b3e342e-2022091373321%40blurHash%3DVUZDNlMueHUwMU5HSVVXQnh1czowMFJqfkNvZi07b2ZNe1dC.jpeg,1
140,Jerzees,L8-1uu78mu,100,https://s3.amazonaws.com/com.images.legiteem8/125b37db-0322-44a6-899f-501c3bbb87a7-20220914174744%40blurHash%3DVWVIX01ad3c5WmJieUNvfGY2czp%2BVXNUeHVXVl4qb2VJb29m.jpeg,1
141,Euro (Generic) ,L8-drenpp7,1500,https://s3.amazonaws.com/com.images.legiteem8/faaa9975-3b6b-4f38-a59b-fe63bec03bb0-20220916125943.jpeg,1
142,Euro (Generic) ,L8-g8u3qsv,1000,https://s3.amazonaws.com/com.images.legiteem8/f5530171-1dc7-492a-8306-7c84c832f50d-20220916123622%40blurHash%3DVVBFTCt9PWVSNW9MLjhFTUUxUipfM1ZAczp0N35WeGFXQlIq.jpeg,1
143,Goosebumps 90s,L8-rvtudk2,50,https://s3.amazonaws.com/com.images.legiteem8/1a732c63-b64a-42fe-a22c-4c2601d8a97c-20220916155429%40blurHash%3DVUxKYVFJXX5fTEZ6fUAtNEVLRW0uUlN3TkxzclNeSlZvaCRm.jpeg,1
144,Hanes Fifty-Fifty,L8-0igmo2q,100,https://s3.amazonaws.com/com.images.legiteem8/a902498b-61d7-4578-895d-99b706d5195e-2022091511735%40blurHash%3DVThBLDJweFowZT18MUlJV141Sjhbb1N9Y1l3ST9dd0ttbE5i.jpeg,1
145,Anvil,L8-otaen6r,100,https://s3.amazonaws.com/com.images.legiteem8/2312db5b-c129-4adc-a311-6e95b9037ac7-2022091774736%40blurHash%3DVUFFeTZdRnw0VF4qPWQuUy1vSW8wMFhTflhJVj9HSVZOSD9H.jpeg,1
146,BG,L8-1oin0jk,600,https://s3.amazonaws.com/com.images.legiteem8/47e43932-8948-4896-8660-5a810f5668da-20220921152136.jpeg,1
147,Helter Skelter,L8-36vm1ec,210,https://s3.amazonaws.com/com.images.legiteem8/088914dc-7489-45c4-8b59-8e61f76420b3-20220921162731.jpeg,1
148,Fruit of the Loom,L8-ed8afda,650,https://s3.amazonaws.com/com.images.legiteem8/1afaba3e-3c5f-4d14-85ae-2086fdbfdcc5-20220917153733%40blurHash%3DVVdCfEJISXROR1dCfjlJcFIqYXk9Xk5Ib2dvZi1tUitiY2Zr.jpeg,1
149,Giant by Tee Jays,L8-qrs029a,500,https://s3.amazonaws.com/com.images.legiteem8/7d2d2c75-b2c6-4aa5-8f21-53049d932878-20220924184420%40blurHash%3DVVJHKnlnUi10N29mXmRvTFdCV1Z%2BQmF5V0NqWz9HV1ZvZmpa.jpeg,1
150,Screen Stars,L8-ai08gj1,200,https://s3.amazonaws.com/com.images.legiteem8/daa5eb1f-1f96-430d-8c52-4f6c4b656e00-2022092553328.jpeg,1
151,Iron maiden 1982 Japan tour Iron maiden 1982 Japan tour,L8-gstt4f7,500,https://s3.amazonaws.com/com.images.legiteem8/a4c9e503-b7ef-4f3e-a372-dc063edd40b4-2022092511156%40blurHash%3DVUtFM1lndDhqWXQ3cE10OFdBb2clJWJKZjVmbHQ6b3pXQW9m.jpeg,0
152,Smashing Pumpkins Mellon Collie 1996 European Tour ,L8-0993m11,700,https://s3.amazonaws.com/com.images.legiteem8/1803eecf-de24-44a4-b8f8-ab5481d316dd-20220925204521%40blurHash%3DVU5KdGslNC45SE5HflZvTFJrZjhJcHQ2eHRSKj9adDZqYlIq.jpeg,1
153,Iron Maiden 1982 Japan Tour,L8-gp5ndk6,500,https://s3.amazonaws.com/com.images.legiteem8/8bf01e00-4b6e-445d-8be8-166c3915120f-2022092742348%40blurHash%3DVVNDUUpkdDhNe3MudDpqXW9JV0J0OmZsallheCUlb2ZXQ29m.jpeg,1
154,Giant by Anvil,L8-vfo4wn9,150,https://s3.amazonaws.com/com.images.legiteem8/2b0518d7-b68e-4a07-9ad8-3c056433dfba-2022092714534.jpeg,1
155,Euro (Generic) ,L8-oc3gs0a,85,https://s3.amazonaws.com/com.images.legiteem8/93e6af45-f04a-41e9-9a3e-f81a8d17d702-2022092893819%40blurHash%3DVUE5UWRVLTswMDlGNC5Sai07eHUwMElVXzMlTX5xeHU0Lk17.jpeg,1
156,Giant,L8-9hkak5o,700,https://s3.amazonaws.com/com.images.legiteem8/6f3e7a76-fa64-48d5-84fb-716197fd53f1-20220928103723%40blurHash%3DVTtJRXRveHRmOG9mfnBvZmY4b2YtOmZRYXpqW2Y3V0Jhe2F5.jpeg,1
157,Bay Club,L8-0tkap29,1200,https://s3.amazonaws.com/com.images.legiteem8/7c089552-7c33-4530-96e6-02ec86b9ace8-2022092816458%40blurHash%3DVUZFcDcjdDgwMHMueHZvZ2F4UmowMFJqX05rQ29kTXtqXXQ4.jpeg,1
158,Euro (Generic) ,L8-ad0o0kc,150,https://s3.amazonaws.com/com.images.legiteem8/70039dfe-42dd-4964-9993-e55fd268a27c-20220928175617%40blurHash%3DVUhBQTJTfkNuNFI1YmJTMk5HTkc0LkUxb314XSRmLUEtcC1w.jpeg,1
159,Birdhouse,L8-veqrt8m,125,https://s3.amazonaws.com/com.images.legiteem8/78105247-f901-46cf-9265-9ed8b49b4624-20220930173411%40blurHash%3DVTQ5UTI0SXB9LC1VTmZ0Nm5ocy49P2F5SV1SayR5dDZYOU5I.jpeg,1
160,Screen Stars,L8-hua3v6r,250,https://s3.amazonaws.com/com.images.legiteem8/c1c5434f-2805-487e-99cf-76f90bb72cb9-2022092822525%40blurHash%3DVTc5amZpeGE5RldBbENrQ017UmtFb1IqLXB0N0pFalstOnQ3.jpeg,1
161,Mosquitohead,L8-utp452s,800,https://s3.amazonaws.com/com.images.legiteem8/49bef3b7-b1cd-4716-a660-b7ff525519f0-2022100115228%40blurHash%3DVTlIbnBZWEFzQ35XKkt0N3haeEY6NUlvUmowSyp7XipfMz9I.jpeg,1
162,LEE,L8-j4aq6c8,200,https://s3.amazonaws.com/com.images.legiteem8/104d5e41-f1df-49bf-91ef-c93c5ae6f6a2-20221001152443%40blurHash%3DVUdESi1heF85YUlBX05vSU5HeHVUTVhVb0wlTUlAUml4V2Uu.jpeg,1
163,Wild Oats,L8-t10m0a4,350,https://s3.amazonaws.com/com.images.legiteem8/0b44540a-93cf-4af2-acc2-5bb7fd58401f-20221003133257.jpeg,1
164,Screen Stars,L8-r1ckg1c,300,https://s3.amazonaws.com/com.images.legiteem8/92f93a61-647c-43cd-ad30-2865fa1ec4bb-20221003133753.jpeg,1
165,Nirvana Bootleg,L8-4rqjho2,380,https://s3.amazonaws.com/com.images.legiteem8/25fbc40e-f88b-44e3-b020-0f03ff39f684-2022100618820%40blurHash%3DVTVLXnNhOUUwMElVMDBfTnQ3JU0wMDlheF50UmlHSW8uN0lV.jpeg,1
166,Anvil,L8-h6a3mvm,830,https://s3.amazonaws.com/com.images.legiteem8/bf00edf1-abef-4623-aa53-f31edb763c4b-2022100621828%40blurHash%3DVVlJcldAeF1XRnh1P3drQ2Y2al14XmZrYXpqXXM6ZlBqW2pb.jpeg,1
167,Anvil,L8-uhaen74,860,https://s3.amazonaws.com/com.images.legiteem8/4abccae7-f25f-4d7d-ab0c-ead477380481-2022100621048%40blurHash%3DVUlKdUFYfnFNXyVNJU1vZlJqalt0N2Y2V0JXQnh1b2ZvZm9m.jpeg,1
168,Screen Stars,L8-5nfvt7a,350,https://s3.amazonaws.com/com.images.legiteem8/1052bd44-7b54-47b5-b304-6c86cd63c217-2022100715312%40blurHash%3DVUJBbU1KfUBIcnM5T1lFTTlhTkcwMEVMP2N4YXYjPXt%2BQ3hh.jpeg,1
169,1995 Feile Festival Blur Tour T Shirt,L8-tq1n1dp,350,https://s3.amazonaws.com/com.images.legiteem8/e8ea35c9-e92b-4838-b353-ced84ac037f6-202210098343.jpeg,1
170,Mosquitohead,L8-ra0saot,1250,https://s3.amazonaws.com/com.images.legiteem8/35bd200a-ccef-40bb-9e23-a82abce9c56b-2022100418142%40blurHash%3DVVRGT31ydDd4VXh0fldvZnhZb2Y0b1IqYmNXQjQuV0JOS1dC.jpeg,1
171,Brockum Collection (The),L8-jhfn6tl,250,https://s3.amazonaws.com/com.images.legiteem8/3e92df03-cd18-4b1d-97f0-562cf1a1c5e2-20221010124216.jpeg,1
172,Fruit of the Loom Heavy,L8-6r0edrh,200,https://s3.amazonaws.com/com.images.legiteem8/c49c2ecc-d90b-4424-b92b-687eb9c6fb54-20221010231216%40blurHash%3DVVpKJSVuLXBJQnhafnAtO3h1Ump4XWJiV1ZiSXh0TXxSanQ2.jpeg,1
173,The Knits,L8-oblsvhq,200,https://s3.amazonaws.com/com.images.legiteem8/7a1765b8-41d1-4490-8e85-f5214fa9f94c-2022101411758.jpeg,1
174,Space Jam,L8-guhik6s,150,https://s3.amazonaws.com/com.images.legiteem8/ce4fe43e-7271-4447-9b43-a0f5a3688f82-20221014153711%40blurHash%3DVUtDUHEtfUAjayUxVDBFMkUxTkdFaEUyV1Z4YV4rJTFhSldC.jpeg,1
175,vintage 1995 wu-tang rap tee,L8-nwun99b,800,https://s3.amazonaws.com/com.images.legiteem8/555fa3d4-a849-4cc0-a142-0114f4478f38-20221016205357%40blurHash%3DVVRGT29db2ZXbm9mfm9vZm9mb2VfMm9mYXtvZj9hb2dqXWF7.jpeg,1
176,Vintage 1994 Nirvana European Tour long sleeve t-shirt,L8-i1uk603,1150,https://s3.amazonaws.com/com.images.legiteem8/0b971e4a-fadf-4753-b2b0-c5a759351273-20221017195530.jpeg,1
177,Fruit of the Loom,L8-j6vw8n7,550,https://s3.amazonaws.com/com.images.legiteem8/3f384d70-1ef6-4165-b813-6e6197270ab1-20221017144515%40blurHash%3DVUc5c3xddDZJb0lWfldqW018TXtfMmF5V0JORz9hV0N0Nmpa.jpeg,1
178,Vintage 1990’s Sex Pistols T-Shirt,L8-09tawat,150,https://s3.amazonaws.com/com.images.legiteem8/1eac67e4-5451-4a1f-9704-9a687a094c9b-20221017193117%40blurHash%3DVUZGT19mMDB%2BU0QkSXVFM05MSXBSTyUweHNhZHQ3V1hhfVdY.jpeg,1
179,Brockum Group (The),L8-06b1t52,350,https://s3.amazonaws.com/com.images.legiteem8/48cf3ea6-14d7-4dc2-869d-d576261e3ec5-20221017221352%40blurHash%3DVUZCZnc9b2Y0LlJqflhhI0lvV0JEJU17LTt0N1JQTXslTXQ3.jpeg,1
180,Touch of Gold,L8-uluapil,200,https://s3.amazonaws.com/com.images.legiteem8/de6aea4f-0031-4396-80c6-ce40f60b8a7f-202210184250%40blurHash%3DVVVHdHtIfkJSUElvJTJvZm4qeGFeKiVMTkhXQl4rJTJJcFJq.jpeg,1
181,Brockum Worldwide,L8-6nd8e5g,500,https://s3.amazonaws.com/com.images.legiteem8/1088faea-ad01-4e37-9f73-918fdb2de3a1-2022102022550.jpeg,1
182,Giant,L8-catvg7l,250,https://s3.amazonaws.com/com.images.legiteem8/4695b930-9fe0-4438-a15a-d7d0081bcdc4-20221020144124%40blurHash%3DVWJIZVVwLlMtb3hbLT10OFZAV0F%2BcXRSTXhXQSVNa0NrQmpZ.jpeg,1
183,Giant by Tultex,L8-avnrt3q,1200,https://s3.amazonaws.com/com.images.legiteem8/5990dadc-4551-457b-8d44-a66c5e81a01f-2022102317162%40blurHash%3DVWZIZUYweEctcC1vfnFSKnRRb3l4XVg4UzRmKyUyb2ZWW29m.jpeg,1
184,Oasis US tour,L8-c3kh6dq,250,https://s3.amazonaws.com/com.images.legiteem8/0bdbc14d-c59b-4716-a594-0896d8002842-202210233119%40blurHash%3DVUxGT1Rud1E5V2JIPzF3fk47czs5cVNiV0FSUlhdTlhWeWYj.jpeg,1
185,Winterland,L8-dnt5f8w,350,https://s3.amazonaws.com/com.images.legiteem8/59e2706f-2b3e-4eac-9897-0c361fc71a42-20221025142214%40blurHash%3DVUVDc0JmUEEkKj92NVE9fFN9czo0bk5HP0hEJX5XRUxJVXh1.jpeg,1
186,Winterland,L8-a5abnjk,250,https://s3.amazonaws.com/com.images.legiteem8/01003664-ac8f-4c0b-af30-e4f58829d79b-20221025143838%40blurHash%3DVTdBY19BLTswMDBLP2J4dTlGTXswMEUxfldeK3h1UmpORnM6.jpeg,1
187,Winterland,L8-id0rpvc,300,https://s3.amazonaws.com/com.images.legiteem8/f04c8de0-3133-419a-a3ee-791ad791d423-20221025144235.jpeg,1
188,Winterland,L8-7t7w0wf,200,https://s3.amazonaws.com/com.images.legiteem8/188994e3-dc95-46a0-b52d-bfb7dc2aa2ca-20221025144627%40blurHash%3DVTlDNnJ5P0gwMFIqSVVSanhiYXkwMEQlfnB0Nz9idDdNe2tD.jpeg,1
189,Euro (Generic) ,L8-0naa7fa,400,https://s3.amazonaws.com/com.images.legiteem8/62b3b9a2-2950-49c8-8b79-f50435b18bad-20221026915.jpeg,1
190,Above the rim boot,L8-mabl2w4,300,https://s3.amazonaws.com/com.images.legiteem8/6e8465b3-e8e0-46a9-87e2-a33cef0106ac-20221026135828%40blurHash%3DVTdGcTtLP0kjTCRtMHZYM2JWU2JSI29mS0VrQ14tdDhhOFZd.jpeg,1
191,kurt cobain 67-94,L8-vnpbqh4,80,https://s3.amazonaws.com/com.images.legiteem8/bf3bb9d3-53d8-4b2e-a99a-da42e3c7d0e0-20221026141649%40blurHash%3DVUdEU3pRUmpJVVdCJUhzOlIqV0N%2Bb2pbanVhfC06VltvZm9m.jpeg,1
192,nirvana euro,L8-m7tml6i,100,https://s3.amazonaws.com/com.images.legiteem8/df9c9028-5acf-4169-86b3-359bb40e4a24-2022102614130%40blurHash%3DVVVGRmQ1JTJSLWF6fm90N29nalstcHQ3b2ZvZlJrYXpqW3Q2.jpeg,1
193,Giant,L8-k32slq5,800,https://s3.amazonaws.com/com.images.legiteem8/79f5175f-6a80-4944-bcff-782697e7fab6-2022102622455.jpeg,1
194,GEM,L8-ln1jjw4,200,https://s3.amazonaws.com/com.images.legiteem8/adb3c759-eb13-4be3-8dc4-813dc6db9563-202210280353%40blurHash%3DVUFLLHl5MDAtcC1vTzh%2BcF4qLXA0bk5HSlROSDAwNG9WW3Q3.jpeg,1
195,Hanes,L8-tib5n9b,1000,https://s3.amazonaws.com/com.images.legiteem8/cec81404-c8d6-46eb-9261-8c133610960a-202210288435%40blurHash%3DVSpKa2ZndDZ0NmpAfnBqWWF4al14XVdCUmtvZnh1YXlqW2F6.jpeg,1
196,Mozang,L8-8k9lfc4,175,https://s3.amazonaws.com/com.images.legiteem8/302f85d7-aa16-4935-805c-748e127a6aae-2022102614632%40blurHash%3DVTlHK0tAb3pJVyVMMDBXQklVRCowMHhXJTEtO35xTXxfM3RS.jpeg,1
197,Fruit of the Loom,L8-50o8krc,200,https://s3.amazonaws.com/com.images.legiteem8/dc537e1d-88dc-4951-98da-9d08d008bedb-2022102614228%40blurHash%3DVVlHUnxbeHRXQ2Y2fm90N29MakAlTVdYdDZqW1dFUitiSFdW.jpeg,1
198,2pac against all odds,L8-kfgbau4,350,https://s3.amazonaws.com/com.images.legiteem8/88ce1ec0-a32a-4e76-be8e-4fdbbf86f7a9-2022102613547.jpeg,1
199,Anvil,L8-f9au5ug,500,https://s3.amazonaws.com/com.images.legiteem8/460a2c25-cd9c-422c-a4ab-2b6ae1afc353-2022102823124%40blurHash%3DVTVEYi54LTtSI35VVkNJQ013UipFNTljUldzOzAwTWRlc0lv.jpeg,1
200,Fruit of the Loom,L8-wk1wd42,300,https://s3.amazonaws.com/com.images.legiteem8/d5103b57-534d-4568-b135-c3cb8b7374d0-2022102816463%40blurHash%3DVUdDNXhIfXM0Ok5HMGY1ay1vJTFNeHMudFJJcD18eEdWQCQq.jpeg,1
201,Brockum Collection (The),L8-pq8ag04,1000,https://s3.amazonaws.com/com.images.legiteem8/b916962c-3a59-4067-9f8e-42e626903beb-20221029232113%40blurHash%3DVWNJRWg4V0J4dG9mSXBmUWpbYXl%2BVmpzUmtqWz9HczpqW29m.jpeg,1
202,Giant by Tultex,L8-ke8q2kq,750,https://s3.amazonaws.com/com.images.legiteem8/39bc2bcc-a7b0-4b60-9473-1bfc123fe4b6-2022103017320%40blurHash%3DVTZEUntIJTEwMEI5PXktQk5hT1cwMUk6fkJ3SmJ1RWYtQSNu.jpeg,1
203,Giant,L8-64n80dj,200,https://s3.amazonaws.com/com.images.legiteem8/7b4399c8-0e6c-4ad1-9025-ad9206f240cc-20221030194346%40blurHash%3DVTVCeyszLTIwTDAueE05SzBleTZ%2BVD1eOUhYQTl1JTFJVi1W.jpeg,1
204,All Sport Proweight,L8-39qbcwf,150,https://s3.amazonaws.com/com.images.legiteem8/fce78463-b912-4d3b-9838-f05084111706-2022103119546%40blurHash%3DVTg4O2xYXzQwMDRUJU54dVJQTXswMDheP3dfNDRtSVQtPS07.jpeg,1
205,Fruit of the Loom Best,L8-rknoe4d,370,https://s3.amazonaws.com/com.images.legiteem8/03de661c-c4e4-4ced-b08a-120e0a495718-20221031162732%40blurHash%3DVTdKdTdQJU0lMl8zMDAtOzlGSVUwME17SUI5Rn5xYWVJVWY1.jpeg,1
206,Energizer,L8-34hwcor,100,https://s3.amazonaws.com/com.images.legiteem8/084266e9-b6f0-4538-b873-9ac0bb6ce60f-2022110222488%40blurHash%3DVURMZ1gsJTF%2BVi06fldheklwUmt%2BVldVRCpNfC1vczolMW9m.jpeg,1
207,Gildan,L8-adn46n3,40,https://s3.amazonaws.com/com.images.legiteem8/4324ddcc-67db-4e63-89e5-393196a285d2-20221103215454%40blurHash%3DVUpGNV1hMGZEaEUyOXUkeVIuJTI0Lm5oeF1hZX5xUiU5RnQ3.jpeg,1
208,Orbital Rave Zone - Big Bang,L8-1n9ufmv,200,https://s3.amazonaws.com/com.images.legiteem8/61cca71c-b65b-4a11-bb49-4f77d31a8503-2022110421531%40blurHash%3DVUpIMkFvOUVvZ3Q3OF5vZk17VkB%2BcXhhTkdhfl8ySVVSampz.jpeg,1
209,Black Norvana tee,L8-42e46pl,40,https://s3.amazonaws.com/com.images.legiteem8/b9773c55-23cb-4144-881e-1ea190fe733a-20221106144242%40blurHash%3DVUlILVB2fVswMEVnJUxOYUUzU2d9QSRneUN0UUpBSXBSanh0.jpeg,1
210,Fruit of the Loom Best,L8-92ugdse,300,https://s3.amazonaws.com/com.images.legiteem8/f114e3e8-eef0-41bd-b4c3-dc8a6234eeb5-2022110214596%40blurHash%3DVUJEKy15bn0waDliOWl4c0UzSVY0O0UyflQkfHhdb2YkfHhv.jpeg,1
211,United Sports USA,L8-prqfg30,150,https://s3.amazonaws.com/com.images.legiteem8/25070763-f2ae-4ddc-bdf6-67a9364b5056-20221102143531.jpeg,1
212,Bon Jovi European Tour T-Shirt,L8-a4se55h,40,https://s3.amazonaws.com/com.images.legiteem8/667116f8-7628-4162-b652-6116637de63f-2022110674943%40blurHash%3DVUhMNGo4X05SUHh1TUkuOFJqV0JIP3hda0RSUHNueHR0UklV.jpeg,1
213,Stedman Hi-Cru,L8-hksaufr,400,https://s3.amazonaws.com/com.images.legiteem8/d859ede8-a3e9-4bac-bf5a-c3447c8961be-2022110913726%40blurHash%3DVUlFQ2d9V0EwMU17b2Zma3Q3anRFMVdCP2FzOn5weHU0Lk18.jpeg,1
214,Blue Grape,L8-w9jibgq,200,https://s3.amazonaws.com/com.images.legiteem8/a6b6b213-6437-4bd0-b008-c6c7eb912ea4-2022110752024%40blurHash%3DVVpEOEYya0NyP24kfVhXO3djbiR9WFc7czluJF40V3FzbW4l.jpeg,1
215,Champion (Blue Bar),L8-ckmo3pd,100,https://s3.amazonaws.com/com.images.legiteem8/0e845edf-e107-4075-abde-6fa1b71eeb5a-20221109131448%40blurHash%3DVUtDWlk4Ump4dW9mfnFXQm9maltXQW9mVltheXh1YXlqdGZR.jpeg,1
216,black flag my rules tee ,L8-leedae4,350,https://s3.amazonaws.com/com.images.legiteem8/1ab59430-d454-4b3a-bc30-3318ce5876ff-2022111124652.jpeg,1
217,Mosquitohead,L8-4e1pbgb,600,https://s3.amazonaws.com/com.images.legiteem8/05a2a7f7-e95b-4447-a6df-e33b21dd4a90-202211137325%40blurHash%3DVUlGfVslQXZ4V3Q3P15%2BQkVnb2VUSy1vJCVTaHhaSXB4RiUx.jpeg,1
218,Hanes Beefy T,L8-ajba0ei,160,https://s3.amazonaws.com/com.images.legiteem8/07cce54d-1e80-49f3-83d0-056cefc8cfae-20221114211659%40blurHash%3DVU1GaURNSVVhTG96fnFXVWFNa0MlMldWeHZhZXJdYmJ4dVZA.jpeg,1
219,Hanes,L8-2hkgfbf,150,https://s3.amazonaws.com/com.images.legiteem8/bd33755d-2690-43a6-8971-424094f089c9-202211152938%40blurHash%3DVTk5R3ZfRTIwMD9HXipSa0UxeHQwMXh0flZJVjBMeHReKklv.jpeg,1
220,aphex twin long sleeve ,L8-k6jtm03,500,https://s3.amazonaws.com/com.images.legiteem8/ba073178-71aa-4bb3-a998-fcd6f7f24cb4-2022111617593%40blurHash%3DVTNKKmhwXzJ3SH5wMDB%2BcTAwRCUwMF4rTSRNek5EOUZSOyVN.jpeg,1
221,Disney Store,L8-u5fbwfl,15,https://s3.amazonaws.com/com.images.legiteem8/28cd6af6-343e-4a31-8f22-336f4bd90cfc-2022111664044.jpeg,1
222,80s Damage Inc tour shirt,L8-vaonk6a,250,https://s3.amazonaws.com/com.images.legiteem8/91ec57e9-344d-42cd-b985-025e113c18b5-20221117221225.jpeg,1
223,TOP,L8-pkv1pw3,500,https://s3.amazonaws.com/com.images.legiteem8/4dc0deba-400c-42d7-9c27-aac4c1746326-20221117205353%40blurHash%3DVUVDJGkjfkIwMDlaOVs5W1N6dDZaJC1DXislMn5wYnYwTEUx.jpeg,1
224,Bay Club,L8-851uhpo,350,https://s3.amazonaws.com/com.images.legiteem8/f4baae88-718e-481a-8d2e-89a6abbcc533-2022111813935%40blurHash%3DVVZGcllDJU5uNG4zeG10NU5kWFR%2BVk5IalolMT9HJTJvMldC.jpeg,1
225,Brockum Group (The),L8-fi85dlq,300,https://s3.amazonaws.com/com.images.legiteem8/07b06479-fa7a-4139-9c8e-eff5a350051f-20221118203310%40blurHash%3DVTc4emxhP0gwTE17LW94dHh0czowMXQ1flZ4dT9HLW9OR1Jq.jpeg,1
226,1991 Soundgarden Badmotofinger tee,L8-1b5hbbw,350,https://s3.amazonaws.com/com.images.legiteem8/f9f7f6df-8b49-44ea-ae28-05729b0efd63-20221118203744%40blurHash%3DVWtGT3heLVVuJXQ3fnBvZlJrb2ZfMnMsalpvZiVNTkdXVm9l.jpeg,1
227,Bay Club,L8-h333flu,500,https://s3.amazonaws.com/com.images.legiteem8/cc9f9703-c559-4921-b66b-a333a576e519-20221118203340%40blurHash%3DVWdId1YseHVXbmF5I2tzOVJtV1Z9bWo9eHRvZj9Hb3pSa2Fl.jpeg,1
228,TOP,L8-0ksrwjn,600,https://s3.amazonaws.com/com.images.legiteem8/e0fd6153-c279-4a38-b273-038f9338874c-20221118202857%40blurHash%3DVXlHWzFib0pWW1dFfjlqWW9MYXl4RFIrdDZlLlItV1hqP2Fl.jpeg,1
229,Delta,L8-u0uipda,200,https://s3.amazonaws.com/com.images.legiteem8/c48ef0c7-51f7-4d18-ade4-c5c4a92160d1-2022111820242%40blurHash%3DVXNGPU5AV0JSUFc9fkFhZVdBb2Z4Vm9Kal10N05HcyxheW9m.jpeg,1
230,1984 Judas Priest Defender of the Faith,L8-bbaoh10,150,https://s3.amazonaws.com/com.images.legiteem8/9568dd9f-d019-4276-83b0-437a15ae1ad5-20221118202458%40blurHash%3DVU5FMmRAc20wTXhILjhFMkUxUiwlTVZAJTF0N35WUmpJb1dY.jpeg,1
231,Winterland,L8-qqc48me,150,https://s3.amazonaws.com/com.images.legiteem8/60827fc0-7ab7-4815-83a9-94cb38c9b7dd-20221118202948.jpeg,1
232,1990 Iron Maiden,L8-ihq0ehc,100,https://s3.amazonaws.com/com.images.legiteem8/7615f951-feaf-427e-a698-371fd4475c75-20221118204358.jpeg,1
233,TOP,L8-mafcwdh,600,https://s3.amazonaws.com/com.images.legiteem8/53f6ea3e-073b-4754-95c0-08812f380246-20221121215636%40blurHash%3DVSRJRkQxdFJSam9MfnFvSmFlb2YlZ296dDdqW1JPbiRvZmF6.jpeg,1
234,Bay Club,L8-fetus1k,1000,https://s3.amazonaws.com/com.images.legiteem8/14fd1861-b04d-44fd-ae5a-b145b4afc762-2022112122929%40blurHash%3DVT9JNVNvdDdhZWpbfnFveWpbb2Z4dWF5YXpvZk17V0JXQmF5.jpeg,1
235,Bay Club,L8-wgljhlw,600,https://s3.amazonaws.com/com.images.legiteem8/8f3de8ba-fa7c-40ae-b084-a466677e7d8c-20221121222516%40blurHash%3DVS5JI1N8dDdhZW9mX05vZmJIb2Y9fG9Mb2ZqW0lvV1ZXVldC.jpeg,1
236,Rakim Allah,L8-3vcqcfa,600,https://s3.amazonaws.com/com.images.legiteem8/46b4e119-5460-48aa-8a88-9c098dcf8ddc-20221121221348%40blurHash%3DVT9JT2tPb3pXQ29mfnFvZmZSb2ZvZmpbb2ZvZklVYXlmUWF5.jpeg,1
237,Jodeci freakin you ,L8-1ug54e6,600,https://s3.amazonaws.com/com.images.legiteem8/38ec6127-e15e-4c4a-9350-932d0722a9d8-20221121222111%40blurHash%3DVStIVjZtdDdWW2pbfnFvZmY3b2YtO2tDb2ZvZm9mb2VheWF5.jpeg,1
238,Short Hills,L8-g8a4i6i,500,https://s3.amazonaws.com/com.images.legiteem8/4bd9e147-a065-49ff-b903-20df55db55cb-20221121221725%40blurHash%3DVSpIb0V8eHVXQmpbfnF0N2pbdDctO1dCaltqW29mV0NXQlJq.jpeg,1
239,Eazy-E Funeral shirt ,L8-7vibj3n,500,https://s3.amazonaws.com/com.images.legiteem8/27482c27-29ff-48a9-b522-c7d4db9c1dfb-20221121223024%40blurHash%3DVS5JNVZ4b3lXQmpbfnFvZmY3b2Z4dW9lb2ZvZk17anVmUWF5.jpeg,1
240,TOS,L8-vvjvwnf,500,https://s3.amazonaws.com/com.images.legiteem8/0080cf16-4b99-4cc0-b92e-155a4053019a-2022112122519%40blurHash%3DVStIZXRWdDdNe2pbfnFvZldCb2YtO29mdDdqW29mb2Z0N2F5.jpeg,1
241,SHYHEIM,L8-12hd5md,200,https://s3.amazonaws.com/com.images.legiteem8/a8178194-1a30-4d8f-97f6-524b3563ea73-202211212211%40blurHash%3DVTpJPU1vb2ZXQm9mfnFvZmpAb2ZXQm9mb2ZqW015YXlheWF5.jpeg,1
242,Cronies,L8-11ob6ho,500,https://s3.amazonaws.com/com.images.legiteem8/af80dc92-0bac-4a6e-8125-2ad92dd486af-202211232029%40blurHash%3DVUhCe0p2cj8wZXh1fVl3d0o3ZlJxdXhHLjhNeztnc1VYU1dC.jpeg,1
243,Screen Stars,L8-kgrwqm7,850,https://s3.amazonaws.com/com.images.legiteem8/0374ea70-c185-48c0-8e11-1bd032d92f77-2022112617108%40blurHash%3DVXVILWxXV0FvZnM6flZvZ2F5a0N4dXQ2V1VheVZbaj9XQmY2.jpeg,1
244,Freeze,L8-lmejbo6,75,https://s3.amazonaws.com/com.images.legiteem8/6a820830-2f0f-4355-9fce-30a76091be08-2022112619758%40blurHash%3DVUNBOXZUfT85YU5kMCM1Uk5IbzE5YXQ2Xmp4RnM6cy5vTFdv.jpeg,1
245,Brockum,L8-q927u2n,150,https://s3.amazonaws.com/com.images.legiteem8/1eabd015-7fe9-4051-89ba-2992df5c58fe-20221126191035%40blurHash%3DVUM4emxkfkNqRlJrS1FFZ0UyVlt4XiVNLVR4Wi07eHVNfElw.jpeg,1
246,Winterland,L8-anb5rnf,75,https://s3.amazonaws.com/com.images.legiteem8/bd3f5331-47ae-4349-bf10-4053f905216a-20221126191323.jpeg,1
247,Liquid Blue,L8-canj42o,125,https://s3.amazonaws.com/com.images.legiteem8/11b3f366-07f0-4d55-8882-e47e6c067122-20221126194012.jpeg,1
248,Hanes Beefy T,L8-588o5hg,700,https://s3.amazonaws.com/com.images.legiteem8/6f390e3a-ef45-4587-9d8e-e4b79b1310b8-20221128153950%40blurHash%3DVUJEdldjMDBJbz9JJU1SajlGLTtfTlJRSVVTMVJQeF0lZ1ZA.jpeg,1
249,Gildan,L8-mvrdgf5,150,https://s3.amazonaws.com/com.images.legiteem8/9f7bb09e-911f-47cd-97bf-25ae429d91d6-2022112819134%40blurHash%3DVWdMNHBVYWRNeHh1X054XWtDV0J0N1ZAal1qXW8yYWVvZm9m.jpeg,1
250,The Planet Inc,L8-377icmr,200,https://s3.amazonaws.com/com.images.legiteem8/3cda9fc3-9929-462e-977b-faea01dd962e-2022112818414%40blurHash%3DVTpIVjl2dDdWQGZSfnFvZmF5alstO2pbb2ZvZmY3YXlvZmpb.jpeg,1
251,Bay Club,L8-r2jc5ju,350,https://s3.amazonaws.com/com.images.legiteem8/f6b37936-b9f4-4d37-8298-8a75c8c1015e-20221128184443%40blurHash%3DVSVLbjZ5P0dmNmtDX05TaGY4czolTVZAaltqW1ZAVkBheVdC.jpeg,1
252,TOS,L8-1ub81wm,450,https://s3.amazonaws.com/com.images.legiteem8/5c0d6924-7396-4833-bc7f-77efda6e308f-2022112818333%40blurHash%3DVXRKODM5LVVWdGF7fnFTJFdCdDcuOFdCdDdvZnhha0NheVJr.jpeg,1
253,Murina,L8-054m3tp,300,https://s3.amazonaws.com/com.images.legiteem8/9bc9580e-dc10-4b6f-a85e-979bb028480b-20221128175853%40blurHash%3DVS5Ib0k1dDdSamF5fnFvZmF5b2YlTWF5b2ZvZlZbYXlqW2F5.jpeg,1
254,Envogue funky divas ,L8-wnckua9,450,https://s3.amazonaws.com/com.images.legiteem8/0ce6b7b8-f837-4622-919f-96f94a833858-2022112818370%40blurHash%3DVUBILk5Ub3phZW9mfnBvZmF5b0wlTW9MaltqW1JqYkdmampb.jpeg,1
255,Tupac Thug life Makaveli Boot ? ,L8-99i60is,200,https://s3.amazonaws.com/com.images.legiteem8/eb2955b5-c025-42a3-8bb2-33cface465d5-20221128201356%40blurHash%3DVVJGI1JJfXJNeHhbNVI5XUUyTXtJOkk6JU14Rj18d11vZldY.jpeg,1
256,Tupac Changes ,L8-tedw6e0,400,https://s3.amazonaws.com/com.images.legiteem8/a0bb3b2a-4237-4545-a00e-b0b96d1232de-2022112818242%40blurHash%3DVTtIb0V8b3lXQmpbfnFvZmY3b2Z4dWpbb2ZqW017YXlqW2ZR.jpeg,1
257,Bay Club,L8-tnapfje,700,https://s3.amazonaws.com/com.images.legiteem8/f27641c5-2071-4f9e-b5ee-7389cfb694d6-20221128181454%40blurHash%3DVS5IeCQjdDdSampbfnFvZmF5a0IlTWpbdDdvZlJqYXlvZmpb.jpeg,1
258,No Limit Soldiers of Fortune ,L8-l5gban0,600,https://s3.amazonaws.com/com.images.legiteem8/cabb867a-4a2a-4029-bc84-ac1ba251aa09-20221128181049%40blurHash%3DVStKQHw3LW9uJW9lX05TNFIrb2Z4dWpGczpvZk17ZjVhe1dC.jpeg,1
259,Jerzees,L8-bii9ctd,400,https://s3.amazonaws.com/com.images.legiteem8/f6a73c50-a23d-4201-a16b-49dfdb4572bb-20221128155050%40blurHash%3DVURFeC1hb3kwMHQ4TnJ4dXJeVj8wMGtDfV5XVUQlTV94XXRT.jpeg,1
260,Hanes Ultraweight,L8-a8uuje4,150,https://s3.amazonaws.com/com.images.legiteem8/d1d46ddc-4f64-4b8e-b998-e262beeee4c8-2022112818269.jpeg,1
261,1991 Iron Maiden AOP Eddie ,L8-1a8psg5,650,https://s3.amazonaws.com/com.images.legiteem8/45502a2f-18ef-4f29-a475-8b4d4394df21-20221128154610.jpeg,1
262,Prodigy Fat of the Land Keith Flint ,L8-1p9igiq,50,https://s3.amazonaws.com/com.images.legiteem8/11c85046-23be-4277-b51a-2b43bfd9e343-20221128153148%40blurHash%3DVVo0OmxAa0NhZWZsY2JiSWFlZmxnK2tDallrQ2xCa0NqWmtD.jpeg,1
263,Redwood,L8-ssh04ee,550,https://s3.amazonaws.com/com.images.legiteem8/b0ed7201-06dd-468a-9c79-ec5e9e50d750-20221128174342%40blurHash%3DVUxLQlVOX05vTyVNP3dSamF6b2YlTlJqV0JXQnQ3YXxvem9m.jpeg,1
264,T AMERICA,L8-l6c8dlt,300,https://s3.amazonaws.com/com.images.legiteem8/55d3d530-183b-4c3c-8ddd-db5aa3594cd7-20221128182212.jpeg,1
265,Screen Stars Premium,L8-3jclt4j,200,https://s3.amazonaws.com/com.images.legiteem8/6cbc61b6-6e89-482d-8623-b0c684d9cde3-20221128185428%40blurHash%3DVUNKYX1efnA0bSVNXzR4dHQ3b2d4dmF5b3lheW9MV0JvZWpA.jpeg,1
266,Gildan Heavy Weight,L8-pvudwm4,200,https://s3.amazonaws.com/com.images.legiteem8/a07cfe09-f1e3-48a2-853e-f86cc571d6a8-2022112818646%40blurHash%3DVV9JPU1wb3pmNm9mfnFvZm9Nb2Z0N2F5YXlqW017YXlXQmF5.jpeg,1
267,Public Enemy,L8-6k150k3,350,https://s3.amazonaws.com/com.images.legiteem8/191d0ea0-09d6-4db9-99f4-bba326b79601-20221128174840%40blurHash%3DVTpJNWYzb3pWW2pbfnBvZWY3alt4dWpbb2ZvZk18ZlFqW2pb.jpeg,1
268,Adidas,L8-rrjacr8,700,https://s3.amazonaws.com/com.images.legiteem8/e7fbbe59-6096-47ed-8877-b4daf8458065-2022112819450%40blurHash%3DVT9NRzNidDduanM6Lm1vZmpba0MkKmJIU2ZhfFJQbiVqRmF5.jpeg,1
269,Gildan Heavy Weight,L8-2sw6aef,150,https://s3.amazonaws.com/com.images.legiteem8/cecb1f1d-beb5-412b-9c07-597ba3a89533-20221128185750%40blurHash%3DVSVLMVVaLW9hS29mX05TaGYrb2YlZlIqb2ZvTG9MYWVXQlJq.jpeg,1
270,Fruit of the Loom Heavy,L8-a5515n9,120,https://s3.amazonaws.com/com.images.legiteem8/dc353143-b841-480c-a833-c9f25ea4b5d1-2022112817542%40blurHash%3DVSpNRjVfJGpWQG4lLm1iYmU6YkguOGtDYkhvZnh1b2ZvTG9N.jpeg,1
271,Keith Sweat thought it was me,L8-1jp3is8,150,https://s3.amazonaws.com/com.images.legiteem8/3c440c21-d1cc-4209-ba61-4b8b07268e34-20221128184746%40blurHash%3DVVtJWTU7dDdWW2pdfnFvZmF5b2Z4dWpbb2ZvZk17YXlqW2F5.jpeg,1
272,Fall Jam 93’,L8-pgk883i,50,https://s3.amazonaws.com/com.images.legiteem8/48250a57-92da-4114-bfd7-a394ce90142a-20221128181833%40blurHash%3DVV1JPU1va0NheW9mfnFvZmp1b2ZvZmpbaltqW0lWYXlmUWF5.jpeg,1
273,Screen Stars Best,L8-s8nc5bn,200,https://s3.amazonaws.com/com.images.legiteem8/2a14a657-2edb-433f-bb7a-aa2fd90e0c0b-20221128182926%40blurHash%3DVT1IVkMldDdhZmpdfnFvZmF5b2YlTWpbanVqW018ZjZheWZR.jpeg,1
274,Snoop Dogg the dogg pound ,L8-5na52q2,800,https://s3.amazonaws.com/com.images.legiteem8/e74296c1-9432-477c-92b3-245544b57817-20221121224043%40blurHash%3DVT1ITGt%2BdDdSa2pbfnFvZmF5a0IlTWpbdDdvZlJqYXlvZmpb.jpeg,1
275,Euro (Generic) ,L8-qp7mk6v,240,https://s3.amazonaws.com/com.images.legiteem8/6427c488-cb4b-4365-b5ea-f7854fea3880-202211291466%40blurHash%3DVVNDR1ByYX1JOW9JXmlXQiVMdDYkZFdCLTt0Nn5wb0xNeHMt.jpeg,1
276,bald eagle all over print,L8-m3kh6sn,25,https://s3.amazonaws.com/com.images.legiteem8/3e80b23c-940d-45d1-8596-90839844fcd3-2022113031135.jpeg,1
277,Giant,L8-srp6s0a,250,https://s3.amazonaws.com/com.images.legiteem8/094e9d01-09ab-479a-9abe-14574067832c-2022113083013.jpeg,1
278,Hanes,L8-pa8et6o,300,https://s3.amazonaws.com/com.images.legiteem8/4503077f-2d63-4252-891b-c88b78aff404-202212039716%40blurHash%3DVUFIeHltfnFEJD9hSVUlTU18JUxNdyUyRTNSaldYLXBWW1Jq.jpeg,1
279,Jerzees,L8-f56tm44,240,https://s3.amazonaws.com/com.images.legiteem8/6ccb39d9-7d8a-4fe3-8411-95add64e4e31-2022120223167%40blurHash%3DVWJGPW13UmpFMXQ2Xmp4YXQ3VkB%2BVlJqUmt0N25pdDd0N1dC.jpeg,1
280,Fruit of the Loom,L8-8tb9w4d,100,https://s3.amazonaws.com/com.images.legiteem8/2dcc253c-37d9-4dda-adef-420edc4a41bb-2022120481739%40blurHash%3DVThDUDZTXmkwMCRPSEJ0NzBLTkgqfTl1Z05SajAwSTp%2BcFNl.jpeg,1
281,Tultex,L8-fhf6l37,100,https://s3.amazonaws.com/com.images.legiteem8/5346f8b2-cff3-4aaf-8542-103900c07b95-2022120662336%40blurHash%3DVVlEYzhnJUxEKmF4flZ4dFdDb2YtbnQ2eHZ0N14qdDZXV29m.jpeg,1
282,Vtg 97 Ice Cube Featuring Shirt,L8-bp21d25,250,https://s3.amazonaws.com/com.images.legiteem8/4a15fe0b-2a10-45c4-81aa-b4ccd83597ea-202207137332%40blurHash%3DVWhEdWJ6cytNfGJjfT9zOVJqb3o9X25pakZ0Ny1Vb0pqRm9m.jpeg,1
283,All Sport Events,L8-5kih1av,180,https://s3.amazonaws.com/com.images.legiteem8/17495911-e0d9-4c4f-9561-bbda52c2dcec-2022043081241%40blurHash%3DVUg5c1lWeHVFMklvfXFmNk5kYkg9RVJqYnZ4dX09b0xJO1Iq.jpeg,1
284,Winterland,L8-6ns1hqr,125,https://s3.amazonaws.com/com.images.legiteem8/47405ddd-85e7-475d-a941-e018f5c9fc78-202207047217%40blurHash%3DVUtCe3IkRTE5YSUyfT9SK0VOb2Z2eXQ3YndNeyNRb3prWFJq.jpeg,1
285,Screen Stars,L8-tvlfo98,200,https://s3.amazonaws.com/com.images.legiteem8/93cf1fb9-4b67-4799-a444-10cb2af74926-2022120617542%40blurHash%3DVVFLYzsxdFF0ay1VX01yV3hEYXhveXh0JTJhd0QqYkl4W2Fl.jpeg,1
286,Delta Pro Weights,L8-kpbudio,200,https://s3.amazonaws.com/com.images.legiteem8/33f2bf5d-5679-44b8-8a41-e0763a3d0ff3-2022120661051%40blurHash%3DVUtDaXpGJU0wSlJpflZ4YU5Hb2VNXnMuP2J4dT9HdDZvTXQ3.jpeg,1
287,Screen Stars FOTL,L8-uaqd97c,180,https://s3.amazonaws.com/com.images.legiteem8/9d3cbe4d-c008-4bd4-8bc3-15116328936b-2022120771724%40blurHash%3DVUpFLjtJOUhEJU5GfnA5YXh1eHRSJEQqP2ItcHMuanVSKnRR.jpeg,1
288,Winterland,L8-6u32q07,180,https://s3.amazonaws.com/com.images.legiteem8/7293a3bb-5a70-458b-b32c-38349a610a78-202212082222%40blurHash%3DVTVIbzVyOHwwMDAwMDB%2BcF80RTEwTH5xUmktOjAwMDAlTX5x.jpeg,1
289,Murina,L8-cuv4thb,300,https://s3.amazonaws.com/com.images.legiteem8/3b693482-32ea-4987-9545-9a935a366b57-2022120823308%40blurHash%3DVUJDUFY4eERENHMufldXQklBa0RETlJqeVl0Um5oUmp0Unh0.jpeg,1
290,Screen Stars,L8-sk6nnvl,75,https://s3.amazonaws.com/com.images.legiteem8/ca74e854-8be2-4478-aad0-c06de99a988e-2022120823477%40blurHash%3DVVVIS3clXlBrRG96dTRJOmpGdDZTNkUySVVNfH5Xcj1qW2pz.jpeg,1
291,Vintage Smashing Pumpkins Leave Me Alone 1992,L8-na9qii8,350,https://s3.amazonaws.com/com.images.legiteem8/b9bd3241-adb2-4cbb-b2c2-c4af4caf70af-2022120915359%40blurHash%3DVVFKYWlxOHstb3M5fm9vfUlwUmpeJWFlRTFiSEQkTXxhI1Jq.jpeg,1
292,Giant,L8-uqjhh0a,220,https://s3.amazonaws.com/com.images.legiteem8/c4f44a69-2c98-438d-8a3b-8205b24cc753-2022120993021.jpeg,0
293,skeleton witch,L8-2rjcpm2,50,https://s3.amazonaws.com/com.images.legiteem8/ee503826-29fe-4496-9362-980e76287e37-2022120712942%40blurHash%3DVUlCZndzUmpXRW9MXiUlMk18b2Z%2BVXQ2UmtqQF4leHROR29l.jpeg,1
294,RIDE Nowhere shirt,L8-feun7bi,1800,https://s3.amazonaws.com/com.images.legiteem8/fd614f5a-59bb-48ae-a170-86ccd362df90-20221211173942%40blurHash%3DVVVESi1qdFNzK3h1fSVufnh2cy5%2BcW9mb2NvZl8zb2ZXQm9m.jpeg,1
295,"Selena Quintanilla ""Dreaming Of You""",L8-tvjn2kk,500,https://s3.amazonaws.com/com.images.legiteem8/37b208f3-4b29-4de4-b856-283a0d4ad859-20221212202749%40blurHash%3DVUJFVjddfT1YUkVPMExKRHM6eFZyQEQlTXt4R0RPd11NfEk7.jpeg,1
296,Giant,L8-l76p17n,140,https://s3.amazonaws.com/com.images.legiteem8/6a493cae-5fd3-4521-995e-641b71d29a56-2022121420295.jpeg,1
297,Big black songs about fucking,L8-ga5lfdc,200,https://s3.amazonaws.com/com.images.legiteem8/5861840f-5f48-4cd9-bc10-b2ebd157ae57-2022121522464.jpeg,1
298,Jerzees,L8-u01oqps,800,https://s3.amazonaws.com/com.images.legiteem8/677e891e-8c4c-48a2-b41a-8988b74d6788-2022121622319%40blurHash%3DVU9JQzhGfUdpSnM6PXxFeUVMTmFNeE50cEhOYU17UzJ0Umpb.jpeg,1
299,Nirvana Long Sleeve,L8-6d5jt6c,350,https://s3.amazonaws.com/com.images.legiteem8/ea5482dd-8bbf-4fa9-9028-b4c235b1fb62-20221217145820%40blurHash%3DVUVIXyMsLTpfND93MDB0N1JpSVQ0VFJQUitXQjRtYXh4dWpd.jpeg,1
300,Giant,L8-c0nsqn5,100,https://s3.amazonaws.com/com.images.legiteem8/53aed441-b32c-43c1-a10b-35f4483dbef4-20221219181418%40blurHash%3DVUdEK0N8XjZJVm9mSyUweldCb2V%2BQVJRZitvTH5CUmphZmpb.jpeg,1
301,Fruit of the Loom,L8-c7s2kl3,600,https://s3.amazonaws.com/com.images.legiteem8/6db7c46b-e7b5-4bfa-9954-7289c6323331-2022122003030%40blurHash%3DVUZEOWhxMDE5R3h0fnA0byVMczprU0QqLTolTV4qVls0OiVM.jpeg,1
302,Stanley DeSantis,L8-5g2hdgn,200,https://s3.amazonaws.com/com.images.legiteem8/e7cb075a-860e-4789-bea5-a8ccdedd470d-202212211639%40blurHash%3DVUpIVUlSSTs5Wm4jRDQtOy1waXt%2BQi1wdDh4dV4qdzAlTFdu.jpeg,1
303,Mosquitohead,L8-56vokhg,1000,https://s3.amazonaws.com/com.images.legiteem8/70587a6b-ef38-4057-bd4d-14d863d02e69-2022122285714%40blurHash%3DVUNEY3o4UmhKNSNxW1hJVlRfeF05RmtxfWFyWDBLJCtxXksk.jpeg,1
304,Liquid Blue,L8-eq35b5a,750,https://s3.amazonaws.com/com.images.legiteem8/32637857-c663-4946-bf33-2220561a75ef-2022122215641.jpeg,1
305,Vintage Star Wars Episode 1 T-shirt,L8-fuhcdt5,100,https://s3.amazonaws.com/com.images.legiteem8/1b0019be-7bb5-44cc-acdc-8c1b391341fc-2022122254058%40blurHash%3DVU5FLl5SRCR0NyVNXzQ0b1JseHVfMlJPVkBvemJKYSNNe3Q2.jpeg,1
306,Siouxsie Sioux Shirt,L8-nwe95m2,30,https://s3.amazonaws.com/com.images.legiteem8/00e52f82-df12-401f-8e74-0b3d5300222c-202212240219%40blurHash%3DVXFGaHgxd0ktbyUxflZyP3hhdDYtcE5HUipTTnRRUzNOSFc7.jpeg,0
307,No doubt push and shove ,L8-uo8e5ef,40,https://s3.amazonaws.com/com.images.legiteem8/df7e8e7a-4c31-4f48-b80f-9bf9809a3103-20221224231348%40blurHash%3DVUM5dDdMeHVOR29mfldzOlJqYXleK3M6V0JheT9IczpXQmpb.jpeg,1
308,Nirvana Blew,L8-spmgccs,200,https://s3.amazonaws.com/com.images.legiteem8/9fc43b2a-469a-4940-bf02-65cb72460c88-20221224132554%40blurHash%3DVUJDNk1yfkFeaiUyMDA1Nzl1STpeT1dBdDZzQyVNPXx4YWJh.jpeg,1
309,Giant,L8-58k4e13,200,https://s3.amazonaws.com/com.images.legiteem8/3c349d5a-66d3-4824-9904-21ad9b509e93-202212253189.jpeg,1
310,Champion (Blue Bar),L8-6v4ipgb,300,https://s3.amazonaws.com/com.images.legiteem8/514af500-75cc-41ab-b72c-38d1e6db92b0-20221221124840%40blurHash%3DVVFFZSpeeGFEJUlwflVSKm9meGE9X3MudFJ0Nz9IdDdJVVdV.jpeg,1
311,Winterland,L8-mivn7ci,200,https://s3.amazonaws.com/com.images.legiteem8/aee0a9be-6172-4823-9e3a-8fa9fff5e22e-202212307209%40blurHash%3DVVNDJH1AUmpOR1dCfnBXQmpbb2YtOmF5dDd0NiUyb2ZXQmF5.jpeg,1
312,Hanes,L8-p1e4fw7,300,https://s3.amazonaws.com/com.images.legiteem8/4dd1d8a2-c23f-4d2a-8bc1-96cff84ed132-20221230144048%40blurHash%3DVTdCZmhRTWM0LFRnMDBiY1M1cys7RyVoflhNYjE0SW9NeHh2.jpeg,1
313,grateful dead shirt summer tour 90,L8-eo4058p,250,https://s3.amazonaws.com/com.images.legiteem8/2ee5be6f-f3d4-4129-9e22-b3787ca52ec9-20221230224043%40blurHash%3DVVVMZyo3Ui50OG9lX01za3h1UmswMVIub2VhZHQ1cy5vZldZ.jpeg,1
314,90s undertaker tee,L8-uepgj03,200,https://s3.amazonaws.com/com.images.legiteem8/225bbd58-c7b9-4630-8e6b-bd26b2b4c028-20221230152741%40blurHash%3DVUhBMHpTb2YwMVIqXzNXQklVb2Z4dldCeFp0N35wals5WldW.jpeg,1
315,3D Emblem-Harley,L8-fcpmgqw,300,https://s3.amazonaws.com/com.images.legiteem8/4c679be8-9992-473f-92f6-a50b2db1728d-20230102191442%40blurHash%3DVTdCeXZ5cy4wTE5HflZvZmF8alsuN295JCpvTCVMalt4dHM6.jpeg,1
316,luther vandross boyz II men rap tee,L8-919etg0,200,https://s3.amazonaws.com/com.images.legiteem8/920b08bd-7da4-423e-bf42-375e91824060-202301010239%40blurHash%3DVVdFQn5aVzs5YW9MP0Z4WnQ3b2Z%2BQmJib2ZmNl4qcy5SamtD.jpeg,1
317,Giant by Tultex,L8-oewliio,1900,https://s3.amazonaws.com/com.images.legiteem8/635534e9-3699-4e76-b9e8-f8ee312eeae6-20230102143131%40blurHash%3DVTZDRi1MLW8wME5IMDBJcD17cy59ck5HP2FhI3h0LW9FM3M6.jpeg,1
318,Fruit of the Loom Heavy,L8-ggk46m6,500,https://s3.amazonaws.com/com.images.legiteem8/0202c814-028f-4fc8-b814-27f4577278f2-2022123145257%40blurHash%3DVUxEbCRsX05JVERpP0hYOFJqTXtSanQ3LTt0N018YX1XQlJQ.jpeg,1
319,Disney Character Fashion,L8-6lfg7ep,350,https://s3.amazonaws.com/com.images.legiteem8/8f15a97b-7366-48b5-b366-22ac56522dd0-202301041201%40blurHash%3DVUxITFZjdDhSUSVNclV4dVNpV0J9TlJQZS1hZT9heHR0Nnha.jpeg,1
320,Screen Stars,L8-2jhhe9i,150,https://s3.amazonaws.com/com.images.legiteem8/d28c9b6c-4ed6-4e9a-841f-7ba484619787-20230102173349%40blurHash%3DVTlHW3lldDctb3Q3OVlXQS1wb0xNd29mSXBXQn5Xb2ZNfGF6.jpeg,1
321,Top Line Lemon,L8-1u61rn0,200,https://s3.amazonaws.com/com.images.legiteem8/b2fa5f42-0167-4333-876d-1156b92674c3-20230102174029%40blurHash%3DVUpIbit9SD94SE5iLmwtO2FlbmlyQCVnTkdOYW96aV90NnMu.jpeg,1
322,Screen Stars,L8-3cdd2db,200,https://s3.amazonaws.com/com.images.legiteem8/8191c662-0c12-4abf-9c33-18ff5709c0c8-20230102173744%40blurHash%3DVUhEOD9%2BfXQ0blIqNSw1UklWdDdSNW9leF1iSXd3d3tzOm9l.jpeg,1
323,nirvana australian tour ,L8-el7sqna,600,https://s3.amazonaws.com/com.images.legiteem8/3c3ced25-5c67-41ff-b8a0-e300b59ab205-2023010555613%40blurHash%3DVWhGJF5ob2d0N2tEfjlqWXQ2b0lTaWZrb2ZvZlhBb2Zufm9m.jpeg,1
324,Fruit of the Loom,L8-07mul09,150,https://s3.amazonaws.com/com.images.legiteem8/219c6b2c-6924-4bc1-9c1e-8311f565112c-20230105174033%40blurHash%3DVVNGNVg3fUBIP25ob2dvTGpZV0JEaXhEP0hvel5PPXglMnhh.jpeg,1
325,Oneita Power-T,L8-03p6ean,800,https://s3.amazonaws.com/com.images.legiteem8/e3122562-fcba-40f1-b0cf-74032b95bf55-2023010654625.jpeg,1
326,Liquid Blue,L8-rp59olh,75,https://s3.amazonaws.com/com.images.legiteem8/dfedb29d-c8ff-4d49-b052-f49880df7474-202301075298%40blurHash%3DVTdGWXU6XlMlfT9aelk4fjhfWGtefE1NcmVPUjRLUjgkLHRP.jpeg,1
327,Brockum,L8-nv6pc8w,125,https://s3.amazonaws.com/com.images.legiteem8/41deab1d-4e9b-4bd1-af84-cf7111576b31-20230106185253%40blurHash%3DVVhHanMuc21FTW9MMWpSK3dbV1Z9QG4lYUtzVG8kYXlOR1Iq.jpeg,1
328,Screen Stars,L8-ub4cmln,600,https://s3.amazonaws.com/com.images.legiteem8/14b55560-2ae7-418c-905c-78da43be7b17-20230109125525%40blurHash%3DVURHYkB3d2cjUS1wX010bHRSVz13YXNsSUJNeXRSTXxvZXQ2.jpeg,1
329,Butthole Surfers,L8-3lmgjbp,250,https://s3.amazonaws.com/com.images.legiteem8/5a9dc781-b962-4bc7-8bff-2684580a03c2-2023011175359%40blurHash%3DVUZKUkhrRCUtOy1wXzQtO2FkUit4YldBTkhvZV8ydDhvZmFl.jpeg,1
330,Hanes,L8-875r8iq,800,https://s3.amazonaws.com/com.images.legiteem8/797a391f-c684-49fc-8f3d-c5ac38cd0792-20230111181454%40blurHash%3DVUlGck89S2swMHdhRE5JVnhea0N9UTU3b34kKn5xJU1FMFcu.jpeg,1
331,Jodeci Rap tee,L8-vpflkvw,300,https://s3.amazonaws.com/com.images.legiteem8/359b152f-037b-467e-b9fd-76c0f567f54f-20230111224116%40blurHash%3DVUNLXj80MGdfM35WSHFrWHQ4YX0wMD9Hb2ROSEk5V1hheWFm.jpeg,1
332,Kurt Cobain,L8-wtcg0cw,140,https://s3.amazonaws.com/com.images.legiteem8/455e32fe-8766-42b6-80f9-606416e61e14-2023011124435.jpeg,0
333,Fashion Victim,L8-lvhdj7s,700,https://s3.amazonaws.com/com.images.legiteem8/92937690-fe96-4301-83eb-8e1a4dc44753-2023011051737%40blurHash%3DVUdIVll5JSUtPS09eDglT1JPb0klTXRTRCRSaXhhdDdiSU1f.jpeg,1
334,WWF,L8-wc6fis9,100,https://s3.amazonaws.com/com.images.legiteem8/61683218-ad34-4953-bd6e-142e4afcd893-20230105142740%40blurHash%3DVVFGJFJ4OUh0N3hzfm85YXh0dDYuN0UxYXh0Ny1vUitNfHha.jpeg,1
335,Murina,L8-uhoaef9,350,https://s3.amazonaws.com/com.images.legiteem8/01c517fa-b4fa-46ec-982e-ae5477a9d393-2023011223825%40blurHash%3DVUpLdywsfnEtcGFLP3ZJVCVNeHVJVW9Lb3liSGo6JU1zOmFl.jpeg,1
336,Sneakers,L8-kj9mik9,225,https://s3.amazonaws.com/com.images.legiteem8/84bf133d-a74a-4b20-9004-801744fd047f-20230111214846%40blurHash%3DVWZKNzpqakZJVVdWP0dXPWpdczpSUFdDb3pXb35XZS5SUG9m.jpeg,1
337,Hanes Beefy T,L8-nomp2ii,120,https://s3.amazonaws.com/com.images.legiteem8/25e95369-8c1a-4150-9112-8a51b3464d98-20230113113725%40blurHash%3DVUdKODlGMDBEJXh0fnAlTC06SVV0OCVNdDdSal8yZjdNfE5H.jpeg,0
338,Oneita Power-T,L8-6u1fj8j,50,https://s3.amazonaws.com/com.images.legiteem8/6fad281f-b365-4cad-b889-c4778414ab0c-202301130545%40blurHash%3DVVhHW1FOTXxzOldCfnBSa1dCV0ItOm9lTkdvZiVMb2ZXQm9m.jpeg,1
339,Fruit of the Loom Heavy,L8-c2q6ida,600,https://s3.amazonaws.com/com.images.legiteem8/5be35233-d16f-4e61-8a7c-5dcbcdf1ea32-2023011413244%40blurHash%3DVVdGT00kLVNNfHMufT90NmpZeGFWcklweHVheS1UanNSK05H.jpeg,1
340,Metallica Crash Course in Brain Surgery scrub top,L8-4eo047t,50,https://s3.amazonaws.com/com.images.legiteem8/0db71fce-c7ed-499a-8a37-9fb01fe363dd-20230109231536%40blurHash%3DVUZBcEhdeURUZHNUXyR2Z053cj9ARXJYTnZyPVtCcnJTJHJy.jpeg,1
341,Wild Oats,L8-8vv30vm,700,https://s3.amazonaws.com/com.images.legiteem8/9aa86d2e-8c7f-4919-a0af-b8bcc7535137-202301113328%40blurHash%3DVU1FLHtFPXhJQkVNM1ZLM0lwaV97fXdKdDZYODl1TnUlTHQ3.jpeg,1
342,Jerzees,L8-eacw5mk,500,https://s3.amazonaws.com/com.images.legiteem8/a5d25d81-84a4-4103-a9b4-87787a8f150c-20230114194035%40blurHash%3DVUhDWT9lJTFFMk5ITjNWW0UyV0J%2BVHh0TkhXQzliUmpzOm9l.jpeg,1
343,Jerzees,L8-torp0m1,500,https://s3.amazonaws.com/com.images.legiteem8/502f820a-79e5-43ed-a662-f0b35f50716c-20230115145348%40blurHash%3DVURDWXt1WFJFTXMuRCxSUU5HeHR%2BVHh1SXFuJTQ7Ump4Wlc7.jpeg,1
344,Levis,L8-rdqflht,950,https://s3.amazonaws.com/com.images.legiteem8/de9dc52e-3eb1-4f8f-a543-9775daa24a9f-20230111105526%40blurHash%3DVUpJcWliOUclelZAfXMtO014b3kwMFZzYWhWXUQlV1RvaG4s.jpeg,1
345,1970s Bob Dylan Graphic Tshirt,L8-o3fiqhw,75,https://s3.amazonaws.com/com.images.legiteem8/66243a29-1185-4435-90d0-865f7edecb3b-20230117144418%40blurHash%3DVUlMMnI0fVgwMC1VezF4Wi43bmlxYVdWJSNrQ15RdDdlLmFM.jpeg,1
346,1967 Trip or Freak,L8-gsb7pe6,125,https://s3.amazonaws.com/com.images.legiteem8/8223d7f3-f469-449e-9595-d4e1a7e2add7-202301131928%40blurHash%3DVVFJRUBQSVVSUHQ3fkJvZ3hhals9eVdCdDZqW35DYXlXQmpA.jpeg,1
347,Sporstwear,L8-vdnks38,150,https://s3.amazonaws.com/com.images.legiteem8/2c9c5f6f-3509-48d7-bf89-e1b3d449d346-20230117145719%40blurHash%3DVUxGRmQweGEwMElWcztXQnh0b2UwMU5Hfm94dCVNYXlNe2JI.jpeg,1
348,Screen Stars,L8-ubujnde,200,https://s3.amazonaws.com/com.images.legiteem8/20fcb4e0-2499-4193-8c93-d3e58fb82db8-20230118165119.jpeg,1
349,Evil Dead 2 - Dead by Dawn,L8-q4tp1nt,150,https://s3.amazonaws.com/com.images.legiteem8/99dbdabe-db50-412d-873f-d4be0f491573-2023011820610%40blurHash%3DVUlEK1ZoRTIwMS1VXitSa017b2YwZmpGfkJJO3M4Tkd4dW9M.jpeg,1
350,Giant by Tultex,L8-g7cjqbo,1000,https://s3.amazonaws.com/com.images.legiteem8/a4f21f11-c5bb-4c5d-bba5-4d52451b06d1-20230119182526%40blurHash%3DVWJFLnxieHVSKm9mfnFrQm9mb2YtO2pbdDZvZm9Malthe2pb.jpeg,1
351,Hanes Heavyweight,L8-ugjva4g,1250,https://s3.amazonaws.com/com.images.legiteem8/5485ecac-9d63-4115-af62-79f5c7b5a332-20230119185757%40blurHash%3DVThLQkgqSVVuI3h0MDBEJTlGRCo5Yk17SVZSan5wczolMnh1.jpeg,1
352,Grateful Dead x Bob Dylan,L8-ggs2d6g,150,https://s3.amazonaws.com/com.images.legiteem8/f23aa32f-9e44-4cd8-ad24-a13b55e966d3-20230120171838%40blurHash%3DVUlJckVHVkB4WnM6X050UlJqYmItPWpaYWVvZlJqdDd0UmtD.jpeg,1
353,Fruit of the Loom Best,L8-7jart2q,400,https://s3.amazonaws.com/com.images.legiteem8/5891085a-cbc5-4ffa-abc6-13d2b829a078-2023012112291%40blurHash%3DVTc4M15hfUAjNyRnLThvZ3h1V1deTy1vLXB4Rn5WbyNJb1dD.jpeg,1
354,Rock,L8-l33mo23,800,https://s3.amazonaws.com/com.images.legiteem8/a22f36c4-2a86-4bf4-91ec-f9d8180334da-20221204164840%40blurHash%3DVUFJWFFbOmksbiVONVIqMHRtb2YwMU5HXzMkJFZYdn1OSk9a.jpeg,1
355,Atari Alfred E. Neuman tee 70s,L8-78qbkai,350,https://s3.amazonaws.com/com.images.legiteem8/4b03c115-769e-498a-a45a-01ea326ee3d6-20230122131039%40blurHash%3DVURJI3JzP0h0U3RSLS50UUlVV1hfTlIqeFluaT92OVotOnhh.jpeg,1
356,Brockum Worldwide,L8-0huedsf,50,https://s3.amazonaws.com/com.images.legiteem8/78e7e4ec-e74f-40b4-8a4d-0ae524ad7c7c-2023012218840.jpeg,1
357,Hanes Heavyweight,L8-tdt9hfp,1500,https://s3.amazonaws.com/com.images.legiteem8/5e850d89-e81b-4e35-991d-5e7f9981be3e-20230116141541%40blurHash%3DVThJT0xhal1%2Bb18ySXAtOk17dDc9OldBUnBEK05hcyt%2BVj9I.jpeg,1
358,Screen Stars,L8-ahopjp8,700,https://s3.amazonaws.com/com.images.legiteem8/e6139ce6-daa7-42ae-aa0d-cac7f8cb78a2-20230123113337%40blurHash%3DVVNCeX5xYXlFMWpzfnFheUlVYXlfTmF5UlBXVl8zYXlNe2F5.jpeg,1
359,Cronies,L8-sn1qjw4,120,https://s3.amazonaws.com/com.images.legiteem8/fe77995b-b0e6-4bc7-9b92-4b29959aff78-20230120224233%40blurHash%3DVUE4WFV0UmswMHQ3X05hekRpalswMG9mP3ZSajAwakBfNFdC.jpeg,1
360,MEN IN BLACK RAP TEE,L8-cki8wg7,400,https://s3.amazonaws.com/com.images.legiteem8/5b0924e2-885e-42bb-9e70-0d6ea7b4c514-2023012543224%40blurHash%3DVVpGfUFzUio1NnhafD1qP3RsUmt9cm8wUipvZj17czpSamF4.jpeg,1
361,Gildan,L8-3cb2um6,1500,https://s3.amazonaws.com/com.images.legiteem8/836deb5f-4045-4375-ab7a-a847b30f9248-202301240353%40blurHash%3DVU1KYStYfld4Wi06NFRJQXh1amEwME15b2VWQEQlYWZWQFJp.jpeg,1
362,Kustom Kit,L8-bm1i7ef,850,https://s3.amazonaws.com/com.images.legiteem8/1e6be1af-dd73-4e17-a04d-2fdecb7dcc99-20230125132216%40blurHash%3DVU5FeVNtRCU5RnhdfnBFMk18eFpeKlZbYX5SKl8zTkdJVWEj.jpeg,1
363,Euro (Generic) ,L8-tkhm769,3800,https://s3.amazonaws.com/com.images.legiteem8/a90d309b-f9cf-46de-b636-094ff18c1450-20230126122647%40blurHash%3DVU9Fb0FGfXRaI296T3A5W05HV0JWcVdWLTtzOX5CeEd3XW9m.jpeg,1
364,Iron Maiden 2008 Maiden Moscow Event Shirt,L8-ssol4p3,197,https://s3.amazonaws.com/com.images.legiteem8/ed3ca3e9-dfdd-480a-a00f-70053a3b6536-2023012620511%40blurHash%3DVUZBYi1LRUxzLm4kRXlFTHhHa0M9fEk6cy5qRn1zSTpvTG9m.jpeg,1
365,Giant,L8-amm5rrc,300,https://s3.amazonaws.com/com.images.legiteem8/45943778-8878-4bc2-af94-fc25ea32eb9d-202301286256%40blurHash%3DVTdEdjdxRmcwSz9hbWtLandbSVY4e2NFflU0by1rUzZScD9H.jpeg,1
366,Fruit of the Loom,L8-0d8kcmk,450,https://s3.amazonaws.com/com.images.legiteem8/ed117599-a879-41bb-9d75-b1ec8276c13a-2023012712617%40blurHash%3DVUVDaWdrV0IwMW9lXzJvZklCV1gwZXM6fkJXQ0Rqa0MuN25%2B.jpeg,1
367,1992 Liu Kang Mortal Kombat t-Shirt,L8-fpabrdt,500,https://s3.amazonaws.com/com.images.legiteem8/1e113586-22ae-4e97-830f-ed74110cdfb7-2023012752141%40blurHash%3DVUpEXU1Eal0wTHQ2fnBvTElVV0MwS2ZpLVZSazQ6V0J4Wm9M.jpeg,1
368,5050,L8-jb6ifoi,100,https://s3.amazonaws.com/com.images.legiteem8/86145e28-c59e-4ca0-810b-9385b7b4191d-2023012925044%40blurHash%3DVTdCO3oua1s5el80fjdOSk5meHROMnM3LjhFMyVPeF0lJElV.jpeg,1
369,Blue Grape,L8-s98onvl,650,https://s3.amazonaws.com/com.images.legiteem8/3676b811-39df-4fe2-82cb-9296582066f4-20230130104714%40blurHash%3DVUJBSltfSVUwMCVNUmpvZm9mV0IwMHh1fnFJVnhhV0JSam9m.jpeg,1
370,Hanes Heavyweight,L8-6al3hiv,1000,https://s3.amazonaws.com/com.images.legiteem8/552b01aa-0c2d-49e3-8b19-591b79bfa223-2023013015238%40blurHash%3DVUFGTyswMDBec0UwMEQke0U5eHQ0VH5weGMlMyVnUm9zalZA.jpeg,1
371,Jerzees,L8-nc5i5js,350,https://s3.amazonaws.com/com.images.legiteem8/34851939-13e8-4bb5-a948-ed1120956eb5-2023012953312%40blurHash%3DVUI4Onx5UmowMSUxV0NqdG9lV1YwTG9mfkNSa3M6YXlXQ2pb.jpeg,1
372,Easy E,L8-2vj9kgu,40,https://s3.amazonaws.com/com.images.legiteem8/986bcfd8-8190-4831-840d-fc330357d3aa-202301295015%40blurHash%3DVVBGPUs6fkI0b05GNVJFZm96Uio5WlJqLW8kKlEtYUt0UnRR.jpeg,1
373,Anvil,L8-v4m4k3v,700,https://s3.amazonaws.com/com.images.legiteem8/8b222230-9e9d-44e3-97c4-a50dac236418-20230201113648%40blurHash%3DVWFFfVpHeHRPdHRtfVt4dVJPb2Y9WnQ3aV5zLSUyb3pvenM6.jpeg,1
374,Fruit of the Loom,L8-r7unfww,350,https://s3.amazonaws.com/com.images.legiteem8/f8535649-9626-48e1-a0f8-92378f6e622b-2023020112637%40blurHash%3DVThFbyN1dDdNXldhMFZ4dXhzdDY5YlI6Tk9SJX5Wb2VvfHhZ.jpeg,1
375,Black Sabbath Sweatshirt ,L8-6m07mui,300,https://s3.amazonaws.com/com.images.legiteem8/19768da8-7211-4878-b5dc-14d2d5ea09e3-20230130205230%40blurHash%3DVThGfld%2BbmgwMHRSP2J4dFdBYXkwMHhhfnBvSVJPRTJhfm9l.jpeg,1
376,mosquito head whitney houston ,L8-9ur3sij,300,https://s3.amazonaws.com/com.images.legiteem8/49a5983d-09e4-420c-9fe2-3183c6166d57-2023020205423%40blurHash%3DVUZFLnFzWiVKNkV5P3NFTCVPLUJ%2BVm9NWEFveT9Hb0xFMnh1.jpeg,1
377,Stone Temple Pilots ‘96 Tour Tee,L8-amjaup3,150,https://s3.amazonaws.com/com.images.legiteem8/1c1a591a-e5e6-4334-a51e-4f46fa894259-2022111541951%40blurHash%3DVTlBbUozcj8wMFN%2BLTpOYW4qJCpEaXhhfnBJb14qV0JOSG95.jpeg,1
378,Brockum,L8-fmrbws2,250,https://s3.amazonaws.com/com.images.legiteem8/a4072207-2894-4496-82a9-9783fa0d255f-20230203164145%40blurHash%3DVU9LVVE5SUJfMXhzXzJ4dFdFb2ZfTm9mRCphJCR%2BdDhXQWpz.jpeg,1
379,Hanes,L8-ujdkil9,50,https://s3.amazonaws.com/com.images.legiteem8/c9f41f30-5d33-4d7b-8b2f-54db1b7dc90f-20230203174251%40blurHash%3DVUtLVUF0TWR3YW5ofnB3Xm9Ja0N%2BQW96RCpqW35wYWZXQnM6.jpeg,1
380,Brockum,L8-3l9pct9,200,https://s3.amazonaws.com/com.images.legiteem8/a834db38-823c-4762-99e6-4403cd891d61-2023020313315%40blurHash%3DVUpCI3F8SVVNey07KjBXVlZzb0wuOGFlUmtiYklBeF10N1dB.jpeg,1
381,Fruit of the Loom USA,L8-sd2a2bb,335,https://s3.amazonaws.com/com.images.legiteem8/246ef519-a68e-4865-948f-3b45d923bd9a-20230204101938%40blurHash%3DVVlLSyRZfnByXnhbSVZSJXRRbmxEanh0TkZlO0UwakkkK1Il.jpeg,1
382,1998 Bulls Rap Tee ,L8-w73wam4,350,https://s3.amazonaws.com/com.images.legiteem8/09f4ac0b-ef9c-42b4-90fd-914b4d3a810d-2023020614492%40blurHash%3DVThDJThEeHUwMFJqfnEtO0QldDc5R3hhfnB4dTRveHV%2BcCVM.jpeg,1
383,Fashion Victim,L8-u0qqdl7,800,https://s3.amazonaws.com/com.images.legiteem8/8184e13f-7d7e-4f4a-b48e-ce9df2fa99fb-202302094431%40blurHash%3DVVZMTm9hX05fM3h1USwlZ1c7b2ZycnQ4TXxSaklVeHUuOGtD.jpeg,1
384,1991 Madonna What a Body of Work T-Shirt,L8-d47uucj,125,https://s3.amazonaws.com/com.images.legiteem8/59ccecf7-4977-4f09-826c-eea21dff5ac8-2023012564235%40blurHash%3DVU1KQD8sRCVvfXQ3fnAlTXhhb0w5R0lWUmtvZnhaUmpveldC.jpeg,1
385,kurt cobain memorial ,L8-rj4u6gf,700,https://s3.amazonaws.com/com.images.legiteem8/0b8c1e43-81c7-4bd9-9b38-005bfc1dd4af-202302111248%40blurHash%3DVVBHYl49NG1NeCVnLTtfNElUV0ItOyVOTV9vTXh2altvZldC.jpeg,1
386,Giant by Tultex,L8-jo4bpk2,2300,https://s3.amazonaws.com/com.images.legiteem8/9d5644ea-eb6c-4c83-929d-3af3016ee77e-2023021242015.jpeg,1
387,Screen Stars,L8-kb6awke,300,https://s3.amazonaws.com/com.images.legiteem8/eeb12aba-6122-4fc1-885f-207bac03186d-20230211205214.jpeg,1
388,Giant,L8-mdc26r3,150,https://s3.amazonaws.com/com.images.legiteem8/7e36e1e3-a160-463e-8437-5f3b976d0a0d-2023020812331%40blurHash%3DVUVDRl5zfT9NeElwNXE1U0lxal1pdi1UXiolMXQ4TkhFTUlw.jpeg,1
389,Fruit of the Loom,L8-k6mtda7,350,https://s3.amazonaws.com/com.images.legiteem8/55636b5f-0905-4667-8886-2c30f212ddef-20230214121152%40blurHash%3DVWJIQzRWczthZGFlX054dVdCYXl0N1IlYkl0N25oalpvZmtD.jpeg,1
390,Mosquitohead,L8-g3q401k,1500,https://s3.amazonaws.com/com.images.legiteem8/9907ec09-cba8-435a-8ce2-3d4274fefb6e-2023020914538%40blurHash%3DVVBIMU1iJCV3R2txfnFJVUlBeEdPW0luTXl4Rm9%2BbmolMmJ2.jpeg,1
391,Fruit of the Loom,L8-528s9si,750,https://s3.amazonaws.com/com.images.legiteem8/ef3950bb-5bd2-4261-8389-86a2d8852313-2023021565032%40blurHash%3DVVVKQF1%2BP15WQHQ3TWN0bHRSakBST1dCZitWQHQ3b0x0UmtD.jpeg,1
392,Fruit of the Loom,L8-65u4s5f,700,https://s3.amazonaws.com/com.images.legiteem8/aee965db-cc65-41a9-9130-4934cdde7f65-202302123394.jpeg,1
393,Fruit of the Loom,L8-6flter8,800,https://s3.amazonaws.com/com.images.legiteem8/85fbf49d-814e-4b38-a458-5342b4207263-2023021351041%40blurHash%3DVUFGfksjKjA5YXh1em5FKzh7STltLD92fnFSLTRVRTElZ25p.jpeg,1
394,Tultex,L8-ia9bn2k,225,https://s3.amazonaws.com/com.images.legiteem8/72572425-1e8e-4dd0-8464-1fc1ce6edac1-20230209114259%40blurHash%3DVVBITE02dDctOiUyP3V4dXh1eHV%2BcCVNV3JXciVMYXlSaldW.jpeg,1
395,Hanes,L8-ovc2ifl,50,https://s3.amazonaws.com/com.images.legiteem8/936d2113-c0bb-4f63-9daf-a2cb3cbe73e3-20230217193643.jpeg,1
396,Helter Skelter,L8-uo5u2sq,500,https://s3.amazonaws.com/com.images.legiteem8/3e865ab4-d22f-4f72-afa4-d282632103fa-20230217132317%40blurHash%3DVU9KKnFdLTtSaiVMfnBvZkQlVkAwMGF4Ump0Ny07YSNNe2tD.jpeg,1
397,Screen Stars,L8-6d6cad9,500,https://s3.amazonaws.com/com.images.legiteem8/27fd8d50-5fcc-44ca-b14c-eaf53023f376-20230217175257%40blurHash%3DVUhCZlJwLUE0O1JQLTYtVWU6eHQ4fHdiflVrRC1VPV9qRk5I.jpeg,1
398,Helter Skelter,L8-qqb6s25,500,https://s3.amazonaws.com/com.images.legiteem8/69d9ccac-ffaf-49a2-99c8-196791ebe836-20230217201528%40blurHash%3DVUVILlRYRCswMG9mP2JNeXQ3P2J%2BcC07akBXQi06JU0lTWtC.jpeg,1
399,Vtg Led Zepplin ,L8-b70n0ba,275,https://s3.amazonaws.com/com.images.legiteem8/18a63325-99bd-4ee9-b341-510d1c4d71c6-20230211204017%40blurHash%3DVURFb2k4byUwMC1pJU50UlJqUmowMG9IflZOMkQkTXt4dXQ3.jpeg,1
400,Giant,L8-e7uvi2t,250,https://s3.amazonaws.com/com.images.legiteem8/8f335baf-3dcd-42f4-9b55-8966a3c16ada-20230217181719.jpeg,1
401,goodflesh,L8-fsq18d3,250,https://s3.amazonaws.com/com.images.legiteem8/efda204c-77b5-4f2f-8ea2-ccfdb8ca4e4b-20230218182827%40blurHash%3DVW5IXl5hflUtOj9HYX1hI29mczpJcHQ3eFpOR2ZraltvTG9M.jpeg,1
402,Screen Stars,L8-4gmtto1,400,https://s3.amazonaws.com/com.images.legiteem8/7fd6847e-ee34-47d4-8deb-2eb989c12f1d-20230129125338%40blurHash%3DVTVLQkJsMDBJQS09MDAwMjRuRCpIPX5xU2RzbHNuX05fMiVL.jpeg,1
403,Nirvana 1992 Reading Festival Original,L8-k0a0d5l,1200,https://s3.amazonaws.com/com.images.legiteem8/324d7f25-d087-4475-8f9c-3e42940e5f57-202302191651%40blurHash%3DVWdNJHx8JGdeJVg4flZXO0lveEclMWtCUiphZWF8biVvS1dY.jpeg,1
404,Tour Champ,L8-4eemaap,350,https://s3.amazonaws.com/com.images.legiteem8/aced0c39-ba02-403a-99b7-c6331ff46deb-20230220163658%40blurHash%3DVWFFLnokdFE0blZAP0RvS296b2YkY2pZJU50N35Vb2ZNe2pa.jpeg,1
405,WWF Hogan Ultimate Warrior,L8-wcjoau9,100,https://s3.amazonaws.com/com.images.legiteem8/0b2cba89-1234-4cc2-8539-e97054ed535c-2023021971144%40blurHash%3DVUVIeHlyXzQ0bkQkOURSaWJGb2ZXQmUtJU1SKiVNb2dSamEj.jpeg,1
406,Hanes Heavyweight,L8-ld4h1se,75,https://s3.amazonaws.com/com.images.legiteem8/8b47fb69-0f46-4c37-9589-aae9debe3ddd-2023022123634%40blurHash%3DVUZBdiUtOV1EJFNOflZFTU14ZmwtcE5hakZSKjlheFolTVdC.jpeg,1
407,Jerzees,L8-rmqp571,350,https://s3.amazonaws.com/com.images.legiteem8/315c84e7-729f-48d2-8b26-149f35df641d-2023022113345%40blurHash%3DVUxDaWRiRGhJQCUxfkJSUE5lbiRNeGtCeF1JVHhiUml4dVdB.jpeg,1
408,Euro (Generic) ,L8-h7o6u65,200,https://s3.amazonaws.com/com.images.legiteem8/990e252d-b04f-412c-87fd-f13721a1c12f-20230221223010%40blurHash%3DVTVKa01fNFR0Nz9IMDAtcF8zb2Z%2BVDlHNDtORy1RUmktPVdC.jpeg,1
409,Vtg Bootleg Joan Jett World Tour T-Shirt,L8-0pfgq64,30,https://s3.amazonaws.com/com.images.legiteem8/ffc73719-e491-497e-9ff1-9971b612194e-20230221175728%40blurHash%3DVUhHYi1mNC5Ne3h2fnBNfElVdDdfMklWUmpvZi06UitNe296.jpeg,1
410,Vtg Beatles T-Shirt,L8-8ulm6vf,125,https://s3.amazonaws.com/com.images.legiteem8/b649f50b-1166-4738-b3ff-9853047b902d-20230221183837%40blurHash%3DVURJRXxiV0ZSanQ3UmktO0QqYWV%2BcTAxdDdXQjAwNG5SakQl.jpeg,1
411,Screen Stars,L8-sc4nqsn,50,https://s3.amazonaws.com/com.images.legiteem8/c92f2f10-02bd-4f0a-aba2-76274e55bd5c-20230219144912.jpeg,1
412,Murina,L8-mjar25o,80,https://s3.amazonaws.com/com.images.legiteem8/a377464d-3710-45f4-8384-ef765f6d221c-20230219142430%40blurHash%3DVVRFbnQ6fVhNZW4kdFFTNE5IV1Y0OlIrP0d4Rzl1STtYU0pB.jpeg,1
413,Delta,L8-69skp27,400,https://s3.amazonaws.com/com.images.legiteem8/811d3be7-64fa-4253-9858-73375d260077-20230219143812%40blurHash%3DVVVId015fUI4eyUxPXl3e0k6STswZkUjJU1FTE9CaltyP2pz.jpeg,1
414,Murina,L8-mp3re00,400,https://s3.amazonaws.com/com.images.legiteem8/da64acf8-b2dc-4f72-b3ae-6492a7128cad-20230219145350%40blurHash%3DVUtCV01SczowMU18b3pma2paYWUwMVJrflZ4YWpFalprRGYr.jpeg,1
415,Mike Tyson & OJ Simpson,L8-gp79lg6,250,https://s3.amazonaws.com/com.images.legiteem8/17759745-22da-4adb-8e27-4cd7071d4df5-2023022155241%40blurHash%3DVUhCTSN3UlAwTFMyflZvZTlhV0JJVXh1YXhqW2ElYXlheG9m.jpeg,1
416,Vintage Rare 1983 Motley Crüe Skull Handcuffs Sleeveless Tee,L8-bej3ll5,150,https://s3.amazonaws.com/com.images.legiteem8/aa209847-ac50-497a-9fd0-32e7bedc96d3-20230219143028.jpeg,1
417,Euro (Generic) ,L8-6phcsjk,350,https://s3.amazonaws.com/com.images.legiteem8/fc71b59f-b70d-465c-b3ea-a9d4c12e510a-20230222193514.jpeg,1
418,Brockum,L8-dkwpod6,850,https://s3.amazonaws.com/com.images.legiteem8/966a9b76-09e3-4b5e-9de3-2b907260561a-2023022312392%40blurHash%3DVVVFMklKfUB3ZnhHRWlFTUk6UzM5dU5Hb2NSKj17JTFzOmU6.jpeg,1
419,Nirvana incesticide 93 shirt,L8-wlgjitu,1900,https://s3.amazonaws.com/com.images.legiteem8/39dbb00a-9cb4-4b33-83de-4847edb586a7-20230223111235%40blurHash%3DVTNGaDlXMDB9LS1VUWw9fDl4TmN6cD9icypzKy1YNC5eK1dY.jpeg,1
420,Hanes,L8-ksd0ecv,100,https://s3.amazonaws.com/com.images.legiteem8/795ded80-3c37-4284-810d-52dccdd3f6b1-2023022342035.jpeg,1
421,Stanley DeSantis,L8-bmqjh9j,80,https://s3.amazonaws.com/com.images.legiteem8/cce9b147-5ac8-4ecb-90cb-6eb12519b7cf-2023022320274.jpeg,1
422,90s busta rhymes tee,L8-c89ameh,1400,https://s3.amazonaws.com/com.images.legiteem8/22b15737-acf9-4e1a-8513-20ab4c943be9-2023022412387%40blurHash%3DVWVJNWJbLTpEJU17LlNNfHQ3dDd%2BcHhadDh0N19OYmJNe2Fl.jpeg,1
423,Vintage 1993 Chicago Bulls World Champs All Over Print T-Shirt MJ ,L8-apww84v,250,https://s3.amazonaws.com/com.images.legiteem8/8eae8273-c651-406f-b660-a268875da576-20230219144419.jpeg,1
424,Short Hills,L8-bj1pvqb,500,https://s3.amazonaws.com/com.images.legiteem8/e25cd866-ba99-4523-85ff-8845d6127ba4-202302235140%40blurHash%3DVTlCTSN6LTswMFdCPXt4dElwSVYwMHhafnFTNl4qUmpJV3h1.jpeg,1
425,Fruit of the Loom USA,L8-m8m0sql,500,https://s3.amazonaws.com/com.images.legiteem8/93813595-b93d-4aa8-b5d5-1f3673a96d5d-2023022419235%40blurHash%3DVVNKN357b2dwSXh1X014dVZzb2ZSaVdBUlBXQWl3UmpXLW9M.jpeg,1
426,Hanes,L8-02sf6q5,1500,https://s3.amazonaws.com/com.images.legiteem8/e9d7bf55-d1ef-4581-b687-9479ea08c9b1-2023022420248%40blurHash%3DVUFJaFc9RCskdz9hXzNSakQlV3BIO1JpTk1vSn5vJWYlTS1w.jpeg,1
427,The Manson Family “Because Charlie Knows Best”,L8-4rnwa5j,80,https://s3.amazonaws.com/com.images.legiteem8/d844c431-94b6-427d-bea9-0cb0f1c44cc4-2023022652110.jpeg,1
428,Hanes,L8-vfnwthc,400,https://s3.amazonaws.com/com.images.legiteem8/d916b4ed-9028-4231-968b-9fb48a41ead0-20230225212313%40blurHash%3DVURLMSVifnF0Nj9iX044X0lBUmotO017RCpNfD9iTXtSa1Jp.jpeg,1
429,Screen Stars Best,L8-cs0kn9j,75,https://s3.amazonaws.com/com.images.legiteem8/87e57433-0290-4442-84f9-d752bbf327e6-2023022718526.jpeg,1
430,Hanes Beefy T,L8-g7u140n,250,https://s3.amazonaws.com/com.images.legiteem8/9c6ceba1-3406-4bf6-b1ae-f2c27399d4a0-20230224202753.jpeg,1
431,XL Vintage George Michael 1990 Listen Without Pejudice Tshirt,L8-t258db0,250,https://s3.amazonaws.com/com.images.legiteem8/cf5ff26a-9321-45be-8c5a-9b5f575fc305-202302251121%40blurHash%3DVUJHSVBbfnBEJWtDMExJQk5LLTpJQTliSW9SUE5HYSNeJU17.jpeg,1
432,Giant by Tultex,L8-hhoti5k,400,https://s3.amazonaws.com/com.images.legiteem8/575775ba-09f1-46ce-8afe-8b59e66674ea-2023022819195%40blurHash%3DVTdKOEZaMDF%2BcS07NUV4XSVNV1YwMG4jOUZqW1NRdDdJVVdC.jpeg,1
433,Screen Stars Best,L8-hqottp2,250,https://s3.amazonaws.com/com.images.legiteem8/86d7f394-0d56-4019-a553-eca1b3f402c6-20230301114345%40blurHash%3DVTlKUT14SFhean5DRFF%2BViVNTXtLUG58OUdzO0ZmSVU9eS1w.jpeg,1
434,Fashion Victim,L8-6r53lpa,1000,https://s3.amazonaws.com/com.images.legiteem8/79bb73c2-b4ea-45fa-bf90-0a6653d4785f-20230227221450%40blurHash%3DVXBMWFNyYXpiRm9mfnFvZldCb2ZSampbczpqW3M7altiR2pb.jpeg,1
435,Wild Oats,L8-p9qfrhr,300,https://s3.amazonaws.com/com.images.legiteem8/d6ea6f06-6fbc-4be7-a708-334d1779dd52-2023030505426%40blurHash%3DVVRFMXk6c21FMlIqfUVzOk5HV1Y7e24kJTJqWzsyb0p4dG9l.jpeg,1
436,Hanes,L8-ji5htbl,680,https://s3.amazonaws.com/com.images.legiteem8/ecaf6bcb-415f-4e4a-98ed-ff3482e9967f-20230304222034.jpeg,1
437,Delta Pro Weight,L8-0n15rrm,350,https://s3.amazonaws.com/com.images.legiteem8/cd1a0dae-764e-4011-807c-c5b6b73e366b-2023022623635.jpeg,1
438,Winterland,L8-216teow,450,https://s3.amazonaws.com/com.images.legiteem8/4a3f4243-6268-42dd-bc8e-6a9ff03454a6-2023030623116%40blurHash%3DVUFFX34rfEUwMEdIM1kwI24yfT8wMC06LlQwZk1Kd2ReKz17.jpeg,1
439,All Sport,L8-390664m,500,https://s3.amazonaws.com/com.images.legiteem8/492e884a-693e-4bf0-a86f-b78d73b6800e-20230306223126%40blurHash%3DVVFJVn1qfUAkeyQqc0U5XXdkYWUtUHhhLVZufn1ALVYkKnd7.jpeg,1
440,Hanes Heavyweight,L8-7180lg8,1600,https://s3.amazonaws.com/com.images.legiteem8/e298e451-8880-4f02-99eb-96683a210a29-202303074272%40blurHash%3DVWdJaEVMfnAlZ296LXB0N2F5V0JSa1dCczpvTGYrb2ZzOmFm.jpeg,1
441,Hanes,L8-8pfwijt,0,https://s3.amazonaws.com/com.images.legiteem8/953e234a-815d-4066-ae29-48730b5c09ad-20230308123451%40blurHash%3DVUpDP007flY0b0UxMExFMiVNeHUwS0UxeHVvZ14qJTJNe1Jq.jpeg,1
442,All Sport Proweight,L8-nl7u7pe,350,https://s3.amazonaws.com/com.images.legiteem8/94a30163-8bbe-41a3-b396-b2ff3f9ff936-20230309151530%40blurHash%3DVTVFM1NVRVJvRHh3QTJ4VE18JWZ9JE5NdG5JQTlacytvaXQ2.jpeg,0
443,pocahontas movie tee ,L8-41i4kq0,40,https://s3.amazonaws.com/com.images.legiteem8/7d3e3293-5b53-4676-a524-cba9cec638e5-20230312173524%40blurHash%3DVU1LMWFhUmskJXhafm8lMlIqb2dJQUQleF1rRDlHUmpzOlJq.jpeg,1
444,She’s Got to Have it promo 1986 TShirt,L8-1tbvvro,350,https://s3.amazonaws.com/com.images.legiteem8/3d9cf6cf-7349-41c5-b731-e2f3d166030b-20230313182222%40blurHash%3DVTlLMXpUP2J%2BcS07JUwlTS06SVUlTGpaTXlheX5wLTswMElV.jpeg,1
445,Fantasy ,L8-dcnl9r4,50,https://s3.amazonaws.com/com.images.legiteem8/28474eee-e473-4c50-825e-d580aaed4519-20230313182850%40blurHash%3DVUhILVlffTcwMXBlSVVuLT9HTXc0Lm41XmtNez9iVnIkeCVO.jpeg,1
446,Brockum Group (The),L8-c63v4k3,150,https://s3.amazonaws.com/com.images.legiteem8/6e904530-799a-41a9-b9ff-9d15bfc4c0b1-20230313185229%40blurHash%3DVUo1P3JYa0RIWGFkdFRmN1ZyakBIcWFkeVpqXlZxaj9wMGFm.jpeg,1
447,Jerzees,L8-kj4fgid,100,https://s3.amazonaws.com/com.images.legiteem8/1fcd18ab-39c4-4a6d-a45f-89c2d864252f-20230314101111.jpeg,1
448,Tultex,L8-b2b39ck,350,https://s3.amazonaws.com/com.images.legiteem8/af7aa4ed-ba74-4fad-9ef0-3266ada53394-2023031505745%40blurHash%3DVUxFeG5nK11qRk5hP3U1OHh1JTF%2BQlZ0XiolTF4qamJ4dXRR.jpeg,1
449,Fruit of the Loom,L8-ss5cugk,150,https://s3.amazonaws.com/com.images.legiteem8/6f32f126-3954-4bdb-aca1-0820273b60c3-20230313204743%40blurHash%3DVUJLSytxLjhfTi06USxvZXQ3ZjVfMklBOF9iYi1QUlBXVWYs.jpeg,1
450,Tour Champ,L8-ceotj3n,0,https://s3.amazonaws.com/com.images.legiteem8/9761e799-6590-4893-bdc5-76cdb0a69a5d-2023010451118%40blurHash%3DVUtIb0heeHV%2BVi06MDBOR1IqUms4e29mRCpSajlhUmpuJVdC.jpeg,1
451,RIP Tupac Shirt,L8-mgw51i6,200,https://s3.amazonaws.com/com.images.legiteem8/0459c358-7266-4400-b340-76adb157f8a6-202303142752.jpeg,1
452,Alice Cooper Raise Your Fist Tour Tee,L8-b2hub9k,200,https://s3.amazonaws.com/com.images.legiteem8/4ff26094-f390-43bc-8027-8065cd86c941-2023031715299%40blurHash%3DVUJLZH1ITXZ%2BcX5xXmktO2Jial0wMEQqeHRXQjlGV0FXQiVN.jpeg,1
453,Stedman Super Hi-Cru,L8-wbouu2a,2200,https://s3.amazonaws.com/com.images.legiteem8/1d6ca14a-265f-4a00-9a14-6d1841f2a4ec-20230318202140%40blurHash%3DVURHYlA5RE50K3RsX05JOy1wP0gtbSVOeF5FMD92dDZSJVJq.jpeg,1
454,BackStage Pass,L8-twg2bl7,3500,https://s3.amazonaws.com/com.images.legiteem8/aa9b085f-b681-4e20-8000-57f5156d6b9a-2023031823122%40blurHash%3DVUc4Z2pPYmJNe2pAflZvZldDb2VeJW9mb3pvZn5Wa0NSampb.jpeg,1
455,Hanes Beefy T,L8-9656m0p,1200,https://s3.amazonaws.com/com.images.legiteem8/83237e1e-0e96-4df0-852c-e1775026882c-20230319203823%40blurHash%3DVU9ITEpGczglTXh2P3ZvY1g4TXt%2BcG8jWDl4YSUkeF1hZVJq.jpeg,1
456,Signal,L8-oeeu8s3,350,https://s3.amazonaws.com/com.images.legiteem8/1bff4ec9-34bb-45ad-b763-0a4f9221f7e0-2023031922453%40blurHash%3DVURHdUItNFROSS44XzQka1I0eHYlaG5odDdWcy07czt0N296.jpeg,1
457,Hanes Heavyweight,L8-cl0q9ap,550,https://s3.amazonaws.com/com.images.legiteem8/8098453c-47e3-4bcd-8256-b057be129e5c-2023032105435%40blurHash%3DVUI4cnsjcGE1M29%2BdlVhZU5YYmJFR2pdLXRWP0YuYnYtcm9J.jpeg,1
458,Changes,L8-j9fjjq1,100,https://s3.amazonaws.com/com.images.legiteem8/e786bf86-7ee8-4a20-802e-1264badb23bd-202303200448.jpeg,0
459,Crazy Shirts,L8-ssew3e0,200,https://s3.amazonaws.com/com.images.legiteem8/a0cafe6e-78bf-4269-84a8-89c7c7f6e62f-2023032231131.jpeg,1
460,BG,L8-tsd6h3k,800,https://s3.amazonaws.com/com.images.legiteem8/fb48979f-3cbe-40d0-aaa7-9b360bb3891b-20230322142448.jpeg,1
461,Screen Stars,L8-k88fcmh,250,https://s3.amazonaws.com/com.images.legiteem8/72642f72-5b55-40fe-b8f4-910ed70816a6-20230323175950%40blurHash%3DVUtFeVBZdDMwMElWSXJOSC06eHRqXnhhJUxhZX5wb2Y5R1Iq.jpeg,1
462,Hanes Beefy T,L8-8kn31wr,500,https://s3.amazonaws.com/com.images.legiteem8/8a6c29df-0e19-4749-b4d8-3dba61a6a92f-2023032421649%40blurHash%3DVTdLLWdbLTp%2BcC06MDBOR0lVeHQwMElVdFJJVTRVUmlJVnQ3.jpeg,1
463,Fruit of the Loom,L8-sqi92ck,400,https://s3.amazonaws.com/com.images.legiteem8/1c270871-f736-4735-8773-15fe95fa0517-2023032734932%40blurHash%3DVWpGT2lkSW9hZm4lXzFualdDV1Z%2BVlJrZjZXVj9HYXlXQ3M6.jpeg,1
464,Redwood,L8-1pblw40,350,https://s3.amazonaws.com/com.images.legiteem8/2a7dcccf-b324-4344-a3fd-1d46c400ceac-20230328112924%40blurHash%3DVUFEKztdMDBFeDAweFs5Rl4rTXkwMElvfld%2BVy1xVkBSKk5G.jpeg,1
465,Jensen,L8-rshqsvm,0,https://s3.amazonaws.com/com.images.legiteem8/b1ffa4e7-31a8-45bc-ba40-33361b14c272-20230318213134%40blurHash%3DVUVKYVt2fnBeK2F4P2FSamEkRCpeK2pbRCVNe1JrUmotO3Q3.jpeg,1
466,Jerzees,L8-bh2mclq,0,https://s3.amazonaws.com/com.images.legiteem8/7c912a14-63f8-4915-9b18-52346ed1fc92-2023031721055%40blurHash%3DVUFBMHdLJU0wME1fflYlMklVanM0bmpZflctO0Qlb0p%2BVi1w.jpeg,1
467,Fruit of the Loom,L8-ievo0lo,450,https://s3.amazonaws.com/com.images.legiteem8/b049638e-dbba-4c51-96d1-f2c91135f294-20230328164322%40blurHash%3DVWlGIz9jdDVJcG9lflRzLFJsb2YlTGpZUi5rQ2tYYXpJcFIt.jpeg,1
468,1991 PRINCE T-SHIRT,L8-ebrshij,250,https://s3.amazonaws.com/com.images.legiteem8/8b29863f-16ec-4194-aa98-3e1c7bfc8f1e-202303271234%40blurHash%3DVUxOY1teX05NeVIqSD1fMmFoV0NSUXhzSVViSS1veHR0N1Jr.jpeg,1
469,vintage bulls rap tee,L8-ifmoj5k,250,https://s3.amazonaws.com/com.images.legiteem8/c78a9c7f-7e45-4eda-a16e-46e084f6c338-2023032718140%40blurHash%3DVUdFTE5tfUUwMFRKMH4wfU5HLUJIcj15XzNJb3hXeEZhaVNO.jpeg,1
470,Brockum,L8-ifke3ds,350,https://s3.amazonaws.com/com.images.legiteem8/965806aa-a86f-4369-8653-83f50e17a3ff-20230329225930%40blurHash%3DVU5GaHwsV0JYLXRSXit0N017V0ItO2FlaXdhZX5WeHVTTW9m.jpeg,1
471,Giant by Tultex,L8-tmp7i4w,610,https://s3.amazonaws.com/com.images.legiteem8/7a9a556f-0a70-4a8e-bec2-f993a19da17a-20230330184424%40blurHash%3DVUxKKmVsLjhfMnhdeHR4dSVNb3pfM3RSSVZvZX5xV0JJVW9M.jpeg,1
472,Stanley DeSantis,L8-564k9jn,150,https://s3.amazonaws.com/com.images.legiteem8/9cc1a42d-1028-4c3b-b5e2-09ea95ecd74a-202303309136.jpeg,1
473,Vintage Tupac Shakur Rap Tee Makaveli Against All Odds T-Shirt,L8-80cqea7,400,https://s3.amazonaws.com/com.images.legiteem8/8e2c8f0e-87ff-41fe-8895-ce7b99b01542-20230403192710%40blurHash%3DSmpGRmExb3p%2BcG9MP2Fmaw%3D%3D.jpeg,1
474,Brockum Worldwide,L8-2vu7ff0,350,https://s3.amazonaws.com/com.images.legiteem8/592799d9-4fbc-4fe1-a1ce-95395c85a976-20230403223457%40blurHash%3DSlJLeDl1JU1%2BcWpaTXtXQg%3D%3D.jpeg,0
475,Anvil,L8-hu8g0el,650,https://s3.amazonaws.com/com.images.legiteem8/11234bd5-a1d4-45c0-aaa6-703b572bafbd-202303314420%40blurHash%3DVVNLW2lCeGJEaGlfTDJidklUVkBQVSRrSW9XQXxLanV0UXNu.jpeg,1
476,Screen Stars Best,L8-3cduknk,800,https://s3.amazonaws.com/com.images.legiteem8/030b3789-e4a6-4235-8bca-2037b78826b8-2023040425327%40blurHash%3DSk9KWmlNP0l9W017RTFvTA%3D%3D.jpeg,1
477,Cut Off,L8-f1as1ke,500,https://s3.amazonaws.com/com.images.legiteem8/09762a07-1744-4788-a3d9-79344c06db06-2023033131547%40blurHash%3DVVFLKmcySDp5MSN1LHZzcU5aYkZhNiUxUmphaCQrbm1zOm9M.jpeg,1
478,Hanes,L8-fu3nm0d,75,https://s3.amazonaws.com/com.images.legiteem8/c8c30b61-41bd-45b1-a89f-34a2a1ee4b47-2023022515425.jpeg,1
479,Fruit of the Loom,L8-s23n4kf,225,https://s3.amazonaws.com/com.images.legiteem8/7bff3cbe-d2b3-452e-9b8c-c3f0aea5e049-2023022818200%40blurHash%3DVUhMb0tBXmp2TW9%2BflZPWFJRUi1ENG41T1lWQDpsSXA1bHMu.jpeg,1
480,Anvil,L8-8ca0val,150,https://s3.amazonaws.com/com.images.legiteem8/4b1ff4fc-d0c6-4ab2-ae8c-e45390190bed-20230407233347%40blurHash%3DSjZLMW1dfVswMHlyMDBuNA%3D%3D.jpeg,1
481,AAA,L8-m34f30r,350,https://s3.amazonaws.com/com.images.legiteem8/5cc8549d-03f4-4129-a3d8-6bc8a966e6c6-20230408122414%40blurHash%3DSlVFXyVDfT85XUVNMExFTQ%3D%3D.jpeg,1
482,Giant,L8-qwwmgu8,200,https://s3.amazonaws.com/com.images.legiteem8/e0746520-91fc-40b8-80a2-5a26e89fc1f4-20230408165750%40blurHash%3DSk5CeXtlb2Z%2BVlIqP2FSag%3D%3D.jpeg,1
483,Brockum,L8-m8np3fn,350,https://s3.amazonaws.com/com.images.legiteem8/64b0206a-64e0-4d29-80e0-e1552a586b3a-2023041045159.jpeg,1
484,Hanes,L8-9estgiq,95,https://s3.amazonaws.com/com.images.legiteem8/c13c765e-0c50-4537-906c-94ae5a3a14b8-202304114711%40blurHash%3DSjk5anY3eHV%2BWG9NMDBSKg%3D%3D.jpeg,1
485,Healthknit,L8-qwl3d8a,80,https://s3.amazonaws.com/com.images.legiteem8/322eed86-033a-4ea4-9ba9-d7adf140ba30-2023041135932%40blurHash%3DSmNFTUxEdDZ%2BcW9mP2FvZg%3D%3D.jpeg,1
486,Wild Oats,L8-5eiibdg,120,https://s3.amazonaws.com/com.images.legiteem8/b11f4676-b738-4461-b503-42290886e568-2023041134918%40blurHash%3DSlZKW0Z1dDZ%2BcCVMTV9Sag%3D%3D.jpeg,1
487,Fantasy ,L8-p3heb7h,60,https://s3.amazonaws.com/com.images.legiteem8/94435e59-3222-414d-87bd-c27b44927c4a-2023041141443%40blurHash%3DSmdGNjVAdDd%2BcG9lXzJmUA%3D%3D.jpeg,1
488,WWE John Cena Champion Wrestling Belt T Shirt,L8-sjh0rj4,35,https://s3.amazonaws.com/com.images.legiteem8/3ebe50af-b17b-4258-bd26-2c4e3194b6c8-20230411122221%40blurHash%3DSmlGJDZBLTl%2BOHh0eFdJVg%3D%3D.jpeg,1
489,Rat Fink and Mooneeyes 1995 Mother’s Worry T Shirt  ,L8-02tmjn0,100,https://s3.amazonaws.com/com.images.legiteem8/e5005cad-ca6a-400d-bc93-cea4cc81137c-20230411121653.jpeg,1
490,Rat Fink T Shirt,L8-5ipvwvn,75,https://s3.amazonaws.com/com.images.legiteem8/b5106a7d-9d38-4607-baed-7c6790d667f2-2023041112810%40blurHash%3DSlVCZzZbb0l%2BQW9lXklvTA%3D%3D.jpeg,1
491,Stanley DeSantis,L8-9hb7id6,250,https://s3.amazonaws.com/com.images.legiteem8/3fb85d63-a0f4-4fce-80d3-8a1e8bca40bf-20230411185018.jpeg,1
492,Fruit of the Loom Heavy,L8-n2ui2af,40,https://s3.amazonaws.com/com.images.legiteem8/027d1aaa-5d82-4db0-bd15-115f09496e78-20230411185457%40blurHash%3DSktCcHFqeHV%2BVWtDd1lNew%3D%3D.jpeg,1
493,Fruit of the Loom,L8-opol83u,100,https://s3.amazonaws.com/com.images.legiteem8/5770a245-572a-48b1-9da0-a8e4508600cc-2023041119549%40blurHash%3DSlhHKi46fkMuU0VmXzIlMg%3D%3D.jpeg,1
494,Space Jam,L8-42e3etp,100,https://s3.amazonaws.com/com.images.legiteem8/27e08447-aab1-4ab3-bac7-e41490a8bd2b-2023041052846%40blurHash%3DSjlCM0tGSVZ9W1MjMDJGYg%3D%3D.jpeg,1
495,Cronies,L8-ko4j1lj,400,https://s3.amazonaws.com/com.images.legiteem8/6f30c875-f76b-47ba-953f-0bf0a3128fb0-2023041122826%40blurHash%3DSkNHbEw7TXt%2BVVJpJHdSUA%3D%3D.jpeg,1
496,1993 marvel x-men mega AOP,L8-c03mm7a,350,https://s3.amazonaws.com/com.images.legiteem8/8df93cf1-ccc3-4b0a-b883-87fb76ef9fe9-20230411222318.jpeg,1
497,Fruit of the Loom,L8-djk2lce,100,https://s3.amazonaws.com/com.images.legiteem8/bdea33e9-d53f-4abc-ac6c-0987cc75f57e-2023041117040%40blurHash%3DSjVLMXdNTE5fMXdORCV0Ng%3D%3D.jpeg,1
498,Hanes Beefy T,L8-k4e885v,350,https://s3.amazonaws.com/com.images.legiteem8/478123f0-eebc-469e-9fd7-019996690ca1-20230411162947%40blurHash%3DSkZGWUcuQDsyejVtRG4sLg%3D%3D.jpeg,1
499,Hanes,L8-t4i98es,250,https://s3.amazonaws.com/com.images.legiteem8/c96c0be7-fdcd-4923-ac86-a42198a9389c-20230411184453%40blurHash%3DSjdHSC0qM1kwMH05MDB3ew%3D%3D.jpeg,1
500,Nirvana Blew,L8-5pj5ud0,800,https://s3.amazonaws.com/com.images.legiteem8/24ce4922-0c65-41c9-8b6b-711be33745e0-20230411145259%40blurHash%3DSkhDWW0tfkIwZzl1fXIlMQ%3D%3D.jpeg,1
501,Screen Stars,L8-jhkjm33,75,https://s3.amazonaws.com/com.images.legiteem8/9776909f-b496-48ef-81ad-6c1a1b864a1f-2023041224321%40blurHash%3DSkRBVE4zTkh%2BVklvczpFMg%3D%3D.jpeg,1
502,nirvana ,L8-56sl2kf,30,https://s3.amazonaws.com/com.images.legiteem8/cef29f6d-bdc2-4e59-8fc2-1f3d308cc6f9-20230412115740%40blurHash%3DSk1FQj9IfUAlMXQ2MHk5Ww%3D%3D.jpeg,1
503,Tultex,L8-t2m5qgr,125,https://s3.amazonaws.com/com.images.legiteem8/bb092add-aaf1-43a4-9bf7-7037d36b5a76-20230411223246%40blurHash%3DSklCMy5ddDd%2BcHQ2LW9qPw%3D%3D.jpeg,1
504,Hanes Ultraweight,L8-aed9lu9,500,https://s3.amazonaws.com/com.images.legiteem8/2a6c3b42-fff4-4c9c-8df5-3bc7d9971273-20230412194653%40blurHash%3DSklCcE9reGN%2BVk15Tlo0Og%3D%3D.jpeg,1
505,Hanes Ultraweight,L8-3kes6j3,350,https://s3.amazonaws.com/com.images.legiteem8/2128c632-da91-430f-8eb7-cf2270bd775c-2023041220912%40blurHash%3DSkFNfiU7K18wMH5BMF9%2BVQ%3D%3D.jpeg,1
506,90s Metallica ,L8-m9e2hh1,200,https://s3.amazonaws.com/com.images.legiteem8/abcb39c5-9dbd-43c1-a9c7-6fc69af382ab-20230412201829%40blurHash%3DSkNDJG9fOWR%2BVTU4fkFFMw%3D%3D.jpeg,1
507,1984 Kiss Animalize tour,L8-q46jikc,75,https://s3.amazonaws.com/com.images.legiteem8/7ce2cb91-75a3-4288-9399-f19d8deae7fe-20230412201243%40blurHash%3DSmFIZHNveEh%2BVVMkLVUkKg%3D%3D.jpeg,1
508,Bob Marley Rap Tee,L8-ss13enr,180,https://s3.amazonaws.com/com.images.legiteem8/8d6daadf-453b-4a6e-b410-3803c11b306a-20230411223856%40blurHash%3DSllEOWt2eHR%2BVnQ2P1pqPw%3D%3D.jpeg,1
509,Tennessee River,L8-93tglnq,200,https://s3.amazonaws.com/com.images.legiteem8/cafb10a0-b080-4e14-aa71-c65f9edc01dd-20230413231938%40blurHash%3DSmFJckVVXzR0Unhdb2VheQ%3D%3D.jpeg,1
510,Bay Club,L8-pq1k3aa,450,https://s3.amazonaws.com/com.images.legiteem8/18e358ec-3d4b-4141-ac59-cabf223f430f-20230413225649%40blurHash%3DSmNHWzFjcy5%2BQW9mLVNuJA%3D%3D.jpeg,1
511,Bay Club,L8-7vdh27e,900,https://s3.amazonaws.com/com.images.legiteem8/d084ff7a-5614-41ec-96f4-55f76e2c63e2-20230413221527%40blurHash%3DSlhHOFRFeHR%2BOG9mLVRXQg%3D%3D.jpeg,1
512,TOP,L8-d3d9hqm,1000,https://s3.amazonaws.com/com.images.legiteem8/37a378d0-ffa3-471f-b599-e935d3278c3e-20230413214835%40blurHash%3DSkFGIzpuPWYzcEFDfkMkUQ%3D%3D.jpeg,1
513,Bay Club,L8-dmo5aak,500,https://s3.amazonaws.com/com.images.legiteem8/f031e276-996e-4066-bd8e-63aa8d16e5a3-20230413212424%40blurHash%3DSkxGRjUyJCp%2BOXM5LVR3Xg%3D%3D.jpeg,1
514,Up in smoke rap tee,L8-a7mf77g,200,https://s3.amazonaws.com/com.images.legiteem8/2043448a-f5fd-4187-af65-826301e63fbb-2023041219581%40blurHash%3DSktCOkhVOXd9OkU1XmdFTg%3D%3D.jpeg,1
515,Dragon Ball Team Pic T-Shirt ,L8-eq9m4np,400,https://s3.amazonaws.com/com.images.legiteem8/7223e69e-3205-42cf-b01e-4578283efa54-20230411153849.jpeg,1
516,Screen Stars FOTL,L8-i9icl16,500,https://s3.amazonaws.com/com.images.legiteem8/8f978a47-d2e3-4a84-8f62-71cf5013b9ec-2023041421546%40blurHash%3DSkVFZk5sXXlCdEFKeFZyPQ%3D%3D.jpeg,1
517,Touch of Gold,L8-68huc3s,400,https://s3.amazonaws.com/com.images.legiteem8/af9eea5e-3a98-4347-9f29-d6e4b44a1f87-202304154367%40blurHash%3DSmJLSz06eHUlTVdVfnFvZg%3D%3D.jpeg,1
518,Giant by Tultex,L8-3fq7uha,180,https://s3.amazonaws.com/com.images.legiteem8/69845a6e-0095-42d2-9f5a-6be2306cf84d-20230415183141%40blurHash%3DSkNFTFR0fXQwMTB6QUp4cw%3D%3D.jpeg,0
519,Liquid Blue,L8-c1i0vem,300,https://s3.amazonaws.com/com.images.legiteem8/7b01a221-444c-426c-86ba-f2cea6dfa81e-20230415184939%40blurHash%3DSk5IbnZib3VfRCwtXV93fA%3D%3D.jpeg,0
520,Tee Swing,L8-59m0w78,500,https://s3.amazonaws.com/com.images.legiteem8/4fc87be8-c0b0-4d18-b70f-6c953ab80c33-20230415221953%40blurHash%3DSjZEU3Q5JUx9cGpzMDBqcw%3D%3D.jpeg,1
521,Oneita,L8-1ukt789,350,https://s3.amazonaws.com/com.images.legiteem8/70f8637f-2b17-4a48-a1ac-a960b7da628a-2023041603555%40blurHash%3DSk5JRS03Uk5%2BVyUyJWhSKg%3D%3D.jpeg,1
522,Screen Stars,L8-4lrcrn6,175,https://s3.amazonaws.com/com.images.legiteem8/8f7f0979-d0b2-4dd0-be95-bcdc731aadf4-20230415213059%40blurHash%3DSjZKUkVnMDB%2BQn5wMDBXWg%3D%3D.jpeg,0
523,Fruit of the Loom Best,L8-1edp9f6,100,https://s3.amazonaws.com/com.images.legiteem8/d030f69a-6dce-4b37-b147-bf08f3fa7f4e-2023041323282%40blurHash%3DSjA3Xm9UYl0wMDlaMDBNZQ%3D%3D.jpeg,1
524,Michael Jordan Rap Tee Shirt,L8-qr6j7lv,250,https://s3.amazonaws.com/com.images.legiteem8/92b9b81b-506c-442b-bebd-6ea582ca4e5b-20230412163854%40blurHash%3DSjFEUzpwMDB%2BTH5CMDBfMg%3D%3D.jpeg,1
525,Hanes Heavyweight,L8-eh75u5l,1500,https://s3.amazonaws.com/com.images.legiteem8/262d9632-1d2c-44fb-ada3-2f4ccee23c1c-2023041592142%40blurHash%3DSjdJWHoxOUQ4fEQrMDBfTg%3D%3D.jpeg,1
526,Ozzy Osbourne No More Tears,L8-l54pb9i,125,https://s3.amazonaws.com/com.images.legiteem8/583cc64e-e31d-49e2-8e04-1ecee1f38468-20230417174616%40blurHash%3DSkpCV1NpYmN%2BOXhdfT9vIw%3D%3D.jpeg,1
527,Factory Artwear,L8-0i934eo,75,https://s3.amazonaws.com/com.images.legiteem8/7d2fba21-667e-45c3-8c70-cab8ce1e187a-20230416194650.jpeg,1
528,Liquid Blue,L8-cfrdh2t,350,https://s3.amazonaws.com/com.images.legiteem8/b1a32dc1-a0b2-4d67-9b44-63702d6ab1f6-20230411221627%40blurHash%3DSklLSkpTeFcxOUlhdWZzKg%3D%3D.jpeg,1
529,college dropout,L8-vg23j0d,150,https://s3.amazonaws.com/com.images.legiteem8/158dc290-db92-44c5-b989-675b271f671f-20230420155559%40blurHash%3DSjhEMERMdFNNc29mMEdqSg%3D%3D.jpeg,1
530,Fruit of the Loom Best,L8-kqe43aq,400,https://s3.amazonaws.com/com.images.legiteem8/469f68f5-50af-428f-b968-240ee996d3f2-20230422185030%40blurHash%3DSjNGJENUMDBfTUUzMDB0UQ%3D%3D.jpeg,1
531,Tupac/Biggie Memorial,L8-4tqsbcl,500,https://s3.amazonaws.com/com.images.legiteem8/1ff07a22-313c-4dd1-a5f2-8c54bbdea1eb-20230422192112.jpeg,1
532,nirvana,L8-5k4avbe,150,https://s3.amazonaws.com/com.images.legiteem8/73e425da-62fa-4671-83c8-aefb0f2685c4-2023042205528%40blurHash%3DSklEbFdqflc0LkQlI2stcA%3D%3D.jpeg,1
533,Metallica ,L8-9oon5hj,300,https://s3.amazonaws.com/com.images.legiteem8/8b932323-07ed-42d6-b903-a30115726421-2023042123445%40blurHash%3DSjFBLGddflYwMElVQ2dKNg%3D%3D.jpeg,0
534,Giant,L8-r0tff7r,150,https://s3.amazonaws.com/com.images.legiteem8/fc3c7805-8891-4fb4-b477-6e87fd344055-202304230511%40blurHash%3DSjE4cFtjfm9%2BcX5VOUVNYg%3D%3D.jpeg,1
535,Fruit of the Loom,L8-k6k3o1f,50,https://s3.amazonaws.com/com.images.legiteem8/ee8a93ce-d4db-4ea7-a92b-4336aa964151-20230422195348%40blurHash%3DSldDc2FMXmh%2BVD9GLVAlMQ%3D%3D.jpeg,1
536,Stedman Super Hi-Cru,L8-ahun3r6,350,https://s3.amazonaws.com/com.images.legiteem8/8dfb4337-a786-4a51-9b0a-7e24c1966807-202304170657%40blurHash%3DSkZJI2xifnAtcWEjMDB4dQ%3D%3D.jpeg,1
537,snoop dogg,L8-rddoilj,400,https://s3.amazonaws.com/com.images.legiteem8/8fa714c4-43bb-42e3-a2e6-babaa3828a54-202304241515%40blurHash%3DSlNEdXVTUiokI2p1fjlrQg%3D%3D.jpeg,1
538,kurtis blow,L8-vcmf19s,100,https://s3.amazonaws.com/com.images.legiteem8/e4736da5-fcc8-4b64-b442-f6f0016378dd-2023042412149%40blurHash%3DSlVFe0M4cyx%2BcHhhflZ0Ng%3D%3D.jpeg,1
539,Screen Stars,L8-9j8pht8,700,https://s3.amazonaws.com/com.images.legiteem8/cf09b8a6-67af-4bff-a2c4-b085561ee2a1-2023042445347%40blurHash%3DSlhMfCtELTpfTWZoTXdvSg%3D%3D.jpeg,1
540,90s akira tee,L8-qb2rv8u,700,https://s3.amazonaws.com/com.images.legiteem8/b1fb8d74-10f1-4d98-a1aa-5ee65f28d357-20230420184926%40blurHash%3DSk5BK11YdDZ9QHh0XlB4YQ%3D%3D.jpeg,1
541,Winterland,L8-ibnh64b,250,https://s3.amazonaws.com/com.images.legiteem8/47948871-b76b-4fbc-82d8-545046bb3830-2023042002533%40blurHash%3DSjJHYXFUKkowMDAwMDAtbw%3D%3D.jpeg,1
542,Fruit of the Loom,L8-3ghkfvn,375,https://s3.amazonaws.com/com.images.legiteem8/4a593947-18e3-4553-83c5-040eead7171d-2023042543440%40blurHash%3DSk5KSDpjP14wME1fMDBJQQ%3D%3D.jpeg,1
543,Giant,L8-t6s0474,530,https://s3.amazonaws.com/com.images.legiteem8/ebe3dcc3-10c4-409c-8974-7bc50b00904c-20230425211147.jpeg,1
544,Hanes,L8-wtfukdr,500,https://s3.amazonaws.com/com.images.legiteem8/981acec1-dcee-4d15-91a4-0e37b878b92d-20230425222339%40blurHash%3DSk5BbWUjflZ0N29mUk9hZA%3D%3D.jpeg,1
545,Hanes Heavyweight,L8-m1vlj4w,150,https://s3.amazonaws.com/com.images.legiteem8/ad342447-e28a-4f27-835d-1bfe4d168aac-20230426185613%40blurHash%3DSkFBS2RaJWdIWFZAflh4dg%3D%3D.jpeg,1
546,BackStage Pass,L8-m2ndea1,500,https://s3.amazonaws.com/com.images.legiteem8/ad8f4e32-27fb-41cc-9bde-385217e17b03-20230427162222%40blurHash%3DSkE5QGhzdDdfNG9nNG1XQg%3D%3D.jpeg,1
547,Screen Stars,L8-d167u99,300,https://s3.amazonaws.com/com.images.legiteem8/efb925e0-b4a4-4d7e-9048-6f5b3cd9c78a-20230428201057%40blurHash%3DSjRKdURmXzN%2Bbnh2RCRNew%3D%3D.jpeg,1
548,iron maiden,L8-iivfjj3,30,https://s3.amazonaws.com/com.images.legiteem8/94a9a121-6a24-434c-ba4f-a7867bb62eff-20230408233847%40blurHash%3DSm9LMTJkeGF%2BcW9mS09hfQ%3D%3D.jpeg,1
549,Mars Attacks! Cast&Crew 96,L8-ckv7gvv,150,https://s3.amazonaws.com/com.images.legiteem8/2ae49c40-96af-40df-bfc7-09a7942eb219-20230430194717%40blurHash%3DSjlLbXFfeGN9dCQsfld4dw%3D%3D.jpeg,1
550,Hanes Beefy T,L8-fai4gws,200,https://s3.amazonaws.com/com.images.legiteem8/be339fc2-5019-401f-8343-99e275e46acd-2023050102831%40blurHash%3DSlBKJE9NdDdfNHQ4ckJvZg%3D%3D.jpeg,1
551,'92 Nirvana Nevermind Promo,L8-k6iva5b,300,https://s3.amazonaws.com/com.images.legiteem8/34d3f12d-d405-499a-8ffa-5fadd95bd6b7-2023050116299.jpeg,0
552,Brockum Collection (The),L8-8idpnrc,100,https://s3.amazonaws.com/com.images.legiteem8/1f678738-5cef-4e50-a2cf-9cdc13c19971-20230430134917%40blurHash%3DSk5BXXtMeHV%2BVnQ3LVVqQA%3D%3D.jpeg,1
553,Wright�s,L8-nc2f78w,100,https://s3.amazonaws.com/com.images.legiteem8/c1e1f8aa-a50e-4873-ba6a-1af96248e02a-20230426233517%40blurHash%3DSkRJI0RVMDBIPz92fUBfTg%3D%3D.jpeg,1
554,Warner Bros,L8-jawj9g0,300,https://s3.amazonaws.com/com.images.legiteem8/66fdda36-17c1-4e21-9d30-ef4a7ec93cb3-2023050219455%40blurHash%3DSkpMVyV7XzJ%2Bbm5oTX5rQw%3D%3D.jpeg,1
555,Euro (Generic) ,L8-6s57rsl,800,https://s3.amazonaws.com/com.images.legiteem8/8eaeebb0-4f29-4e2d-9ab6-618e701625f7-20230503173737%40blurHash%3DSjlEbE5CfUAwejl1MDB3Sg%3D%3D.jpeg,1
556,Bay Club,L8-0plncbl,800,https://s3.amazonaws.com/com.images.legiteem8/dab28bfe-b990-4ed7-a834-7b26fae3b35f-20230503224741%40blurHash%3DSlNESkk7LVZ%2BQi1VLEIkJQ%3D%3D.jpeg,1
557,Wild Oats,L8-mlwj4f6,170,https://s3.amazonaws.com/com.images.legiteem8/def51cb8-4ed3-4d64-b421-075c8ee356e6-2023050322153%40blurHash%3DSmJHdWdyalt%2BcGpbflZqWw%3D%3D.jpeg,1
558,Screen Stars,L8-jfbinpf,30,https://s3.amazonaws.com/com.images.legiteem8/7dd6e8ee-eb97-485c-a95d-be68108b89eb-20230426221010%40blurHash%3DSjVKUkhxflYwMDliMDA5Rw%3D%3D.jpeg,1
559,Gildan,L8-58n9rsc,20,https://s3.amazonaws.com/com.images.legiteem8/e52e51d5-226e-4340-bd2e-2244dee69003-2023050495632%40blurHash%3DSjY4RV9HKjBpXmFlMDBSag%3D%3D.jpeg,1
560,White House,L8-l6fdneu,625,https://s3.amazonaws.com/com.images.legiteem8/96bf749e-c7eb-4729-ad02-38c24bde2b21-20230504231329%40blurHash%3DSklLbjNxLlJ4XVZYKjBiSQ%3D%3D.jpeg,1
561,Gildan,L8-vm61h05,40,https://s3.amazonaws.com/com.images.legiteem8/1055afee-f5f2-415b-a59e-a4cb03d2ebe4-20230504191253.jpeg,1
562,AAA,L8-qjtjshv,40,https://s3.amazonaws.com/com.images.legiteem8/86b6bece-1cf4-461a-8ecb-4001bbd6585f-20230504184223%40blurHash%3DSlBEbGYsfkJiXko3OVpORw%3D%3D.jpeg,1
563,Winterland,L8-b7vaida,800,https://s3.amazonaws.com/com.images.legiteem8/4b8a4725-d176-4db8-9925-cb9a249a3d4b-20230427173242%40blurHash%3DSjhFQ2dAXzRJVklVMDBEJA%3D%3D.jpeg,1
564,GEM,L8-wkht4eh,150,https://s3.amazonaws.com/com.images.legiteem8/b7b686b5-9afa-4efc-919a-2432572608cc-2023050601313%40blurHash%3DSkZGRjg2fVguOUpTRTAwZw%3D%3D.jpeg,1
565,Screen Stars,L8-sssi27q,400,https://s3.amazonaws.com/com.images.legiteem8/0a1cda0d-63cb-4255-abcd-bede12f2abbf-2023050663138%40blurHash%3DSjRJRUBKfnBdeyVMMDBvZw%3D%3D.jpeg,1
566,Screen Stars,L8-ctlulae,350,https://s3.amazonaws.com/com.images.legiteem8/cf23d46d-943c-4d78-8b09-74d05e064105-2023050620440%40blurHash%3DSjZDP0p0MDMxQi1pLTZJcg%3D%3D.jpeg,1
567,Hanes Heavyweight,L8-peiqcpu,375,https://s3.amazonaws.com/com.images.legiteem8/97a854aa-17f7-4455-a41b-ae487e32c7a3-20230504214111%40blurHash%3DSkdESnhNP3dLbk19OWViSg%3D%3D.jpeg,1
568,90s Nirvana Bleach,L8-77q57kq,60,https://s3.amazonaws.com/com.images.legiteem8/25228cd7-2f57-4a09-ab00-074cd0373e7b-20230506162915%40blurHash%3DSjlHbDA2dDd%2BVnh1JU14dQ%3D%3D.jpeg,1
569,Screen Stars Best,L8-kweh1ta,330,https://s3.amazonaws.com/com.images.legiteem8/278d7c38-8cda-4225-8c8a-1ae0e35accf9-20230507211328%40blurHash%3DSmhLQStNYXkuQW9ldG5hfQ%3D%3D.jpeg,1
570,Universal Studios,L8-uwws6f7,75,https://s3.amazonaws.com/com.images.legiteem8/dc7d4cdf-62af-490d-9b08-cfbe5d2c1e0e-2023050764924%40blurHash%3DSkRDNV4sOVp8c2JhVXUlTA%3D%3D.jpeg,1
571,Fruit of the Loom,L8-6nb0j01,1500,https://s3.amazonaws.com/com.images.legiteem8/23c02f00-8d48-4333-9b66-bd4266569d7a-2023051043734%40blurHash%3DSjVGNX5yMDBQRS06MEctTw%3D%3D.jpeg,1
572,Sof Tee ,L8-fvlru27,2600,https://s3.amazonaws.com/com.images.legiteem8/a9999a3c-e428-41c7-9fa9-618d04108e40-20230509155935.jpeg,1
573,The Damned,L8-gka1h15,175,https://s3.amazonaws.com/com.images.legiteem8/cdef04bb-cd24-42c2-81f6-68b6ac43f106-2023050611938%40blurHash%3DSk5IZWFyOUZ%2BVCVNXiRSag%3D%3D.jpeg,1
574,Fruit of the Loom,L8-1b8v2kn,80,https://s3.amazonaws.com/com.images.legiteem8/bd62f24a-3a08-41dd-a545-3d2170bfe3b1-2023051053619%40blurHash%3DSkdEdXVYfXJUS0UkME1JcA%3D%3D.jpeg,1
575,2005 dr dre death row records tee,L8-tjk02s6,150,https://s3.amazonaws.com/com.images.legiteem8/4dab01a1-5cbb-4f79-af12-cd83c6ef670f-202305129288%40blurHash%3DSlpJcT1XYWVUMGpzX05vZg%3D%3D.jpeg,1
576,90s public enemy tee,L8-pi4p8vq,200,https://s3.amazonaws.com/com.images.legiteem8/a30260cd-e36e-4afb-910e-0db1968ead8c-2023051192343%40blurHash%3DSkVFVSN%2BfUBCVkk6MDE5YQ%3D%3D.jpeg,1
577,Giant,L8-i90wrbv,200,https://s3.amazonaws.com/com.images.legiteem8/e1dc99ac-98ee-46c2-a3f1-6eec7a8254b7-202305123226%40blurHash%3DSj9Ka1dJb2Z%2BcW9mP2JvZg%3D%3D.jpeg,1
578,Mosquitohead,L8-3dmto88,250,https://s3.amazonaws.com/com.images.legiteem8/0711b3b2-6882-4d0f-9262-a8b92e01001d-2023051017218%40blurHash%3DSklFQzhAXmlFMTlfflhOSA%3D%3D.jpeg,1
579,Hanes,L8-f360j1f,250,https://s3.amazonaws.com/com.images.legiteem8/b7690f2c-d484-47a2-8e4e-8c641839f5cb-20230512202725%40blurHash%3DSjdEOWskeFUwMDQ6U3J%2BcQ%3D%3D.jpeg,1
580,Euro (Generic) ,L8-w1odac9,2500,https://s3.amazonaws.com/com.images.legiteem8/dacc8acb-13c3-437d-ab5c-97a172c252cd-20230513164836%40blurHash%3DSlJKQF1dSVV%2BcCVNSUJWQA%3D%3D.jpeg,1
581,Fruit of the Loom,L8-cwmhrhs,3200,https://s3.amazonaws.com/com.images.legiteem8/be62a581-6a9a-457b-b22e-1d17249e7911-20230512191056.jpeg,1
582,Hanes Heavyweight,L8-7khocdq,300,https://s3.amazonaws.com/com.images.legiteem8/631fc777-7232-4424-a295-b17c64e7ef18-202305147376%40blurHash%3DSjNLS3s2P14wMHhhMDBKQw%3D%3D.jpeg,1
583,Pure,L8-ilb75a0,400,https://s3.amazonaws.com/com.images.legiteem8/c901f066-9626-4a9f-a804-903aafef6b2f-20230515133526%40blurHash%3DSmRGc2lmZjZ0U29nJSVqXQ%3D%3D.jpeg,1
584,Hanes,L8-tvc78wa,50,https://s3.amazonaws.com/com.images.legiteem8/9d6b4ffb-9571-4953-858f-e802c5c5df49-20230512201821%40blurHash%3DSjZJfSpFUmlSTlJpfldzOg%3D%3D.jpeg,1
585,Screen Stars,L8-o6firfd,200,https://s3.amazonaws.com/com.images.legiteem8/809cc687-8bb0-42aa-b68f-77223d7a7433-2023050215017%40blurHash%3DSklDc0VmfUBeKi1WMEw5dQ%3D%3D.jpeg,1
586,Fruit of the Loom Heavy,L8-h1dqtr5,300,https://s3.amazonaws.com/com.images.legiteem8/cc793211-e247-4ce7-9f6f-260fadf9994e-2023051054439%40blurHash%3DSkJEbEsyNC5%2BQVc6MDElMg%3D%3D.jpeg,1
587,Salem,L8-ftsmu77,250,https://s3.amazonaws.com/com.images.legiteem8/9b70e14d-dd1d-4d9a-9c9f-bcbd1ce2c00b-202305145213%40blurHash%3DSkRDakZULkFRbFZXJWhvfg%3D%3D.jpeg,1
588,Giant by Tee Jays,L8-3blrc77,500,https://s3.amazonaws.com/com.images.legiteem8/5ea78105-dc5f-457e-b164-0271ade3b0fc-20230517202845%40blurHash%3DSklIMldwP2IuVC09T0dveQ%3D%3D.jpeg,1
589,Jerzees,L8-6qmlroa,350,https://s3.amazonaws.com/com.images.legiteem8/ad018f32-64c7-4cb9-9c7f-8b26433f1730-2023051773354.jpeg,1
590,Euro (Generic) ,L8-s0cgl3w,600,https://s3.amazonaws.com/com.images.legiteem8/2b264e42-b477-4f0a-a7a9-3b06d19bf7d0-20230517164336%40blurHash%3DSjNGfk5wfnAwMzlHMDAtLQ%3D%3D.jpeg,1
591,Anvil,L8-em1akvu,150,https://s3.amazonaws.com/com.images.legiteem8/d85d1c64-6f6e-4db9-b165-60569f7ebbc8-20230206102433%40blurHash%3DVUdBbTkkOV1JQUUxfUBFaE14SW8lTVdWb0xXQjBMJGolTXQ3.jpeg,1
592,Stedman Super Hi-Cru,L8-t56u2ms,500,https://s3.amazonaws.com/com.images.legiteem8/41f29040-5e2c-4b06-b094-342131546fda-20230519163641%40blurHash%3DSmZEY2Flb2Z%2BcW9lP2JXQg%3D%3D.jpeg,1
593,Animaniacs Rushmore Shirt,L8-6l9t9r0,50,https://s3.amazonaws.com/com.images.legiteem8/c3db566d-aabb-4fb5-9666-c5e1f87e6dab-2023052322621%40blurHash%3DSkZGT3JsTkl%2BNHRSbyNJVg%3D%3D.jpeg,1
594,Hanes Ultraweight,L8-8oli2ud,350,https://s3.amazonaws.com/com.images.legiteem8/32c9d5b3-4eae-4741-a493-30c00e15a33c-2023052220510%40blurHash%3DSjhFVlotfkItTy1wMEpTNA%3D%3D.jpeg,1
595,1978 Neil Young and Crazy Horse Bootleg T-Shirt,L8-rvwmpa5,350,https://s3.amazonaws.com/com.images.legiteem8/6d3708a1-369b-49be-b32c-263a6e5a1edc-20230523143216%40blurHash%3DSkNMRFArMDBfM1JQX004dw%3D%3D.jpeg,1
596,ice t ,L8-kbpj3ko,150,https://s3.amazonaws.com/com.images.legiteem8/1a4d9c55-73ab-43e9-b33e-264df9636a9a-2023052394254%40blurHash%3DSlpFeVl6LTt%2BcCVNeGFqXQ%3D%3D.jpeg,1
597,michael jackson bad tour 1988,L8-cc87j3i,50,https://s3.amazonaws.com/com.images.legiteem8/f2f8b32c-02bf-428c-9975-ca8105ed1009-202305249627%40blurHash%3DSjNBYzstSThNXT9kMDBeJQ%3D%3D.jpeg,1
598,nirvana vestibule subpop,L8-f137j7h,700,https://s3.amazonaws.com/com.images.legiteem8/4a8a353c-ab78-419d-a3f3-3db3ea7733cb-20230523182522%40blurHash%3DSlRGJDlELXBeR25%2BflV0Nw%3D%3D.jpeg,1
599,Qtees,L8-8rd7d78,150,https://s3.amazonaws.com/com.images.legiteem8/0f2aa730-fca7-4932-a81a-84670e2f6b4e-20230523203015%40blurHash%3DSkVIVSwrTXt%2BcE5HRTFJbw%3D%3D.jpeg,1
600,Fruit of the Loom USA,L8-n7frw0m,350,https://s3.amazonaws.com/com.images.legiteem8/a26d97db-3169-4f37-9770-c986492a1d56-202305182510%40blurHash%3DSlZFeG5rTkd%2BQVdCUjNvZg%3D%3D.jpeg,1
601,Kurt Cobain memorial,L8-f2a3j3f,100,https://s3.amazonaws.com/com.images.legiteem8/46a5aa09-1a88-424f-bf3f-b6ebe2d6692b-20230504181925%40blurHash%3DSklDJGZ2fUA1UU9ZWDhJbw%3D%3D.jpeg,1
602,Fruit of the Loom,L8-1m8uq75,50,https://s3.amazonaws.com/com.images.legiteem8/f4fd70dc-811d-49b5-a5b0-751838ef54e4-20230525154035%40blurHash%3DSjU4fFlBfW50UjU4MDFKQQ%3D%3D.jpeg,1
603,St. Evans,L8-eecqi10,600,https://s3.amazonaws.com/com.images.legiteem8/bce211c8-6d8c-42cf-a989-59e4c8cd5227-20230521204722%40blurHash%3DSjNGaUFMMnkzRntdMDAkZQ%3D%3D.jpeg,1
604,Delta,L8-eie6rhg,450,https://s3.amazonaws.com/com.images.legiteem8/5f71cfe7-0007-4119-816b-d417878d1d95-2023052420473%40blurHash%3DSjJLd15Cfm8wMjAwMDAwMA%3D%3D.jpeg,1
605,Changes Sports,L8-ju6325v,175,https://s3.amazonaws.com/com.images.legiteem8/40cd7e95-3034-455b-bad6-c279c95543df-2023052433018%40blurHash%3DSllKKm49JU1%2BcGFmTX5hfQ%3D%3D.jpeg,1
606,Fugees 1997,L8-tj5t61b,800,https://s3.amazonaws.com/com.images.legiteem8/9a981825-c58b-4145-b279-37acd4380df6-20230525173144%40blurHash%3DSlBGWWlYeFd%2BM3h0P0VvZQ%3D%3D.jpeg,1
607,Gold Series,L8-m0krfiw,350,https://s3.amazonaws.com/com.images.legiteem8/dcbde42c-abfb-49a8-a82d-360413217e56-2023052432140%40blurHash%3DSmJFe2F%2BdDd%2BcG9mP2FvZg%3D%3D.jpeg,1
608,Fruit of the Loom,L8-mh69iio,500,https://s3.amazonaws.com/com.images.legiteem8/7cfa2b62-428f-41af-a21a-a443eec0e98f-20230524202533%40blurHash%3DSk9Dfl4ualp%2BcHM6LTp0Nw%3D%3D.jpeg,1
609,All Sport Events,L8-ak7fgbp,180,https://s3.amazonaws.com/com.images.legiteem8/e90413b4-ff6e-4826-bf24-15f4c3654062-2023052434040%40blurHash%3DSnJGfmRWZmt%2BcGF5P2JqWw%3D%3D.jpeg,1
610,Signal mega-tee,L8-3mvhjjt,180,https://s3.amazonaws.com/com.images.legiteem8/aba147e7-3b3a-49b8-a249-31cb9e0e5e1e-2023052434549%40blurHash%3DSmZIZWF6Uml%2BcWFlP2FqWQ%3D%3D.jpeg,1
611,Winterland,L8-g3uvf6c,350,https://s3.amazonaws.com/com.images.legiteem8/7b6f5b2d-a43c-4093-8edc-ad3c75e96fde-20230525214729%40blurHash%3DSm1GNTpHb2Z%2BVm9MP0dqWw%3D%3D.jpeg,1
612,Euro (Generic) ,L8-spa50f9,350,https://s3.amazonaws.com/com.images.legiteem8/012c8ba6-4313-41fb-b689-25e96439f709-20230525164352%40blurHash%3DSjhLVVdYP2N%2Bb1dBXzN0Ng%3D%3D.jpeg,1
613,Brockum Group (The),L8-9as5o7i,500,https://s3.amazonaws.com/com.images.legiteem8/f1d0fbf2-0bd3-4d1c-a419-28a49a55fbca-20230524203041%40blurHash%3DSkxFeHc7LTt5cS1vfVl0Ng%3D%3D.jpeg,1
614,Giant by Tee Jays,L8-mor7q2g,300,https://s3.amazonaws.com/com.images.legiteem8/4b0754cb-2a31-4ac4-88b5-669b11f0719c-20230525215332%40blurHash%3DSnBGWWlWb2Z%2BVWpbP0dmNg%3D%3D.jpeg,1
615,Oneita,L8-t0wlsos,320,https://s3.amazonaws.com/com.images.legiteem8/cb58eb1d-b399-42c8-b013-4cb0d52b83d5-202305269129%40blurHash%3DSkdHSTRCV1Z%2BOVdCfkFXQg%3D%3D.jpeg,1
616,Tennessee River Gold,L8-vbt624b,500,https://s3.amazonaws.com/com.images.legiteem8/040e2a29-b6a9-44a2-8dd2-0f08095a7bb6-2023052602340%40blurHash%3DSmRHSCNwb0p5c1dDfldmNQ%3D%3D.jpeg,1
617,1992 Iron Maiden aop,L8-vt4qvvn,200,https://s3.amazonaws.com/com.images.legiteem8/1749560f-d0a3-477a-83a0-63e23a56dfc6-202305263510%40blurHash%3DSkJFVld6fkNfMi1vMDM5YQ%3D%3D.jpeg,1
618,Deathnote Tee,L8-s91lo2s,150,https://s3.amazonaws.com/com.images.legiteem8/6276fa17-8874-4024-942a-7b99a1f817e2-20230525223155%40blurHash%3DSk1FZjRyJU19O3M6fkFXQQ%3D%3D.jpeg,1
619,Fruit of the Loom USA,L8-2he0utq,300,https://s3.amazonaws.com/com.images.legiteem8/a3681c3c-6aa6-42b8-90a1-451d74dd26c0-2023052433530%40blurHash%3DSk1KUkt3XzN%2BVm9KOF9XQQ%3D%3D.jpeg,1
620,Brandy I Wanna Be Down,L8-5fo37ds,800,https://s3.amazonaws.com/com.images.legiteem8/1289ffaf-724a-4940-bbfc-bb86d1866870-2023052625638%40blurHash%3DSkNCcHRtfnElIyVOME1FMg%3D%3D.jpeg,1
621,Giant by Tultex,L8-k2u6r8a,400,https://s3.amazonaws.com/com.images.legiteem8/ed8f07a2-fd5b-4c84-a850-d78a327bd100-20230525235647%40blurHash%3DSlFFVkU2TXx9cFZbXk1hZg%3D%3D.jpeg,1
622,Tupac All eyes on me Rap tee,L8-kr9bu0a,400,https://s3.amazonaws.com/com.images.legiteem8/0274a1f8-7595-4d35-b52f-d355efc9fa29-2023052620230%40blurHash%3DSjZFeyV8eURuaThfMDBfTg%3D%3D.jpeg,1
623,Mosquitohead,L8-nk5i9nr,200,https://s3.amazonaws.com/com.images.legiteem8/e23478b5-6ebd-4995-9379-48a94927f0c6-20230525222550.jpeg,1
624,Cronies,L8-kb0iask,125,https://s3.amazonaws.com/com.images.legiteem8/c9b5510e-dc81-4af4-854b-0b8363b3fcf2-20230525235023%40blurHash%3DSkJLZHVXLlQwMElBMDAlZw%3D%3D.jpeg,1
625,Andazia,L8-1a8ahb5,250,https://s3.amazonaws.com/com.images.legiteem8/ae70050d-357e-4a19-86c1-1bd6351b2cbd-20230526203255%40blurHash%3DSlRJPWxvV1dfNHQ3SVR0Nw%3D%3D.jpeg,1
626,Spiderman Motocross Jersey ,L8-rjemqt0,50,https://s3.amazonaws.com/com.images.legiteem8/2114f66a-aab1-4277-86d0-b615d81fd07f-202305262295%40blurHash%3DSjVIY0ErP2IubWpdMDEwZg%3D%3D.jpeg,1
627,Oneita,L8-25mv0rn,200,https://s3.amazonaws.com/com.images.legiteem8/21e3c7bf-0578-4813-85cf-de6f915c4d87-20230525233944%40blurHash%3DSjJLSytxP3cwMD9iMDBfTg%3D%3D.jpeg,1
628,Brockum,L8-p8kcn3i,500,https://s3.amazonaws.com/com.images.legiteem8/45b7e911-d129-41e4-bc12-352377f56036-20230526201618%40blurHash%3DSjFEdnA4P3c1amtEMDBNdw%3D%3D.jpeg,1
629,Hanes Heavyweight,L8-qg7adga,125,https://s3.amazonaws.com/com.images.legiteem8/7a9d9565-9c66-4f07-bf61-6220aaa923e5-20230526203956%40blurHash%3DSjhGaU1zflYwMDRvMDAtPQ%3D%3D.jpeg,1
630,Fashion Victim,L8-fre86ml,800,https://s3.amazonaws.com/com.images.legiteem8/4519fbf7-4033-45d7-ae57-48f8bba2b0c7-20230524203445%40blurHash%3DSjFMNG1FMDB%2BcSVMNC4wTA%3D%3D.jpeg,1
631,Bubblegum Crisis 2040 ,L8-4nsdnb2,400,https://s3.amazonaws.com/com.images.legiteem8/f694a52a-fc5a-4d28-b019-002606e0d35d-20230526202852%40blurHash%3DSkdJWH4keF15LXRRQl9XVQ%3D%3D.jpeg,1
632,Delta,L8-opiel12,250,https://s3.amazonaws.com/com.images.legiteem8/d43d2cb5-f623-4e52-bc49-a76dc8b2d867-2023052621578%40blurHash%3DSkpDSGx2Xkd9Pz9WLWUlSg%3D%3D.jpeg,1
633,Anvil,L8-2wvv2de,275,https://s3.amazonaws.com/com.images.legiteem8/7ea3a263-edd5-4713-a464-07d3a5236e5c-20230526214415%40blurHash%3DSkRLYmRaenM4JTVCOF9%2Baw%3D%3D.jpeg,1
634,Los Angles Lakers 2002 Western Conference ,L8-8m9fnnp,150,https://s3.amazonaws.com/com.images.legiteem8/9810bbb3-3b93-4988-b4b0-8d2a3e320cee-2023052602812%40blurHash%3DSjlDJC5wflc1Nk5HMDBJVg%3D%3D.jpeg,1
635,TOP,L8-kltet1t,450,https://s3.amazonaws.com/com.images.legiteem8/b0b9296f-1a01-4820-ac16-3eedc3efff8b-202305263154%40blurHash%3DSktFZkEtflYuNyVnNDo5YQ%3D%3D.jpeg,1
636,Tuff Tee,L8-bi12e92,250,https://s3.amazonaws.com/com.images.legiteem8/b703a660-063e-4c95-b56b-dbca9360bc86-2023052631318%40blurHash%3DSklDfms6fT94YXh0MGc1Ug%3D%3D.jpeg,1
637,Austin power movie Dr.Evil,L8-59hl05k,100,https://s3.amazonaws.com/com.images.legiteem8/bcf0c4a8-147d-4ebe-bd7d-c2b602ad086c-2023052603316.jpeg,1
638,Cut Off,L8-qmq5jop,30,https://s3.amazonaws.com/com.images.legiteem8/2779cf69-134c-4650-be91-66efcbf9e0b6-20230525222036%40blurHash%3DSjBMTnJiLS0wMH5xMDAwMA%3D%3D.jpeg,1
639,Hook-ups,L8-ob2s2k6,60,https://s3.amazonaws.com/com.images.legiteem8/1f5d6c60-637f-41f5-93a7-65b784df8a02-202305260433%40blurHash%3DSj1ITGJ2ZlB%2BcWpzLTtvZQ%3D%3D.jpeg,1
640,Fruit of the Loom Heavy,L8-smqkl0s,100,https://s3.amazonaws.com/com.images.legiteem8/c2e7adcf-d741-4182-b950-77e78d786096-20230524203933.jpeg,1
641,Hanes,L8-b026ctq,600,https://s3.amazonaws.com/com.images.legiteem8/3ea9f572-9aa7-4ea1-ba2d-30fed086d3f8-202305292517%40blurHash%3DSldJT1Jvb3p%2BcSVNVkBXQg%3D%3D.jpeg,1
642,Snoop Dogg Paid Tha Cost To Be Da Bo$$ Album Release Tee,L8-tam16wn,80,https://s3.amazonaws.com/com.images.legiteem8/6ce26888-d43b-4b13-91fd-ef0aac1da55f-20230527184449%40blurHash%3DSjRKW097JU0uVE5HXmlJVQ%3D%3D.jpeg,1
643,Winterland,L8-asj954w,250,https://s3.amazonaws.com/com.images.legiteem8/f5aa8e15-548f-40ac-8188-d2ae6fef3276-20230529231944%40blurHash%3DSjZCZmI5LkF8cDAjSFk1bQ%3D%3D.jpeg,1
644,Hanes Beefy T,L8-gun9w35,123,https://s3.amazonaws.com/com.images.legiteem8/c5f7c96e-dbb1-4992-99c2-e69e17814106-202305263850%40blurHash%3DSjhKOENQJU1%2BVldGLWtXVg%3D%3D.jpeg,1
645,Nirvana Long Sleeve,L8-87ws8vf,350,https://s3.amazonaws.com/com.images.legiteem8/c8cdbfa8-ecc3-463c-9e17-64cecdb8ebfe-2023052921010.jpeg,1
646,Touch of Gold,L8-8at3hi4,300,https://s3.amazonaws.com/com.images.legiteem8/38c93619-f3f9-4f99-a9e3-554cd56a3025-202305302096%40blurHash%3DSjdKKmVoX04wMD9iMDBEJQ%3D%3D.jpeg,1
647,Selena Boot,L8-mg0ip1c,500,https://s3.amazonaws.com/com.images.legiteem8/7a8d31a1-7f5c-4ecc-b1a8-2104541f6066-20230530234920%40blurHash%3DSkdGNTptP0l%2BZHQ2XiNhXw%3D%3D.jpeg,1
648,Giant by Tultex,L8-gtr6hhc,250,https://s3.amazonaws.com/com.images.legiteem8/ef2c187c-2b78-47bf-acd5-58c35b50ef02-20230531123021%40blurHash%3DSjE1aEphLVZ%2BV3M6MDBJbw%3D%3D.jpeg,1
649,Vintage 1990s Beastie Boys In The Round Tour T-Shirt ,L8-nw3qjr8,200,https://s3.amazonaws.com/com.images.legiteem8/216a414a-8216-45e2-a6e1-34035af778cc-202305310422%40blurHash%3DSjNLQkJuX04wMHhDMDA0Lg%3D%3D.jpeg,1
650,Hanes,L8-w3osqeq,180,https://s3.amazonaws.com/com.images.legiteem8/6111cbbe-f68d-4196-af1a-c3a20f863d4d-2023053110750%40blurHash%3DSkNGPUIsMDA5W31sY3Veaw%3D%3D.jpeg,1
651,Vintage Rounders Movie Poster tee,L8-5tjcmew,50,https://s3.amazonaws.com/com.images.legiteem8/57d69131-c9e8-4ee9-9eb8-251985cde9c8-2023053141544%40blurHash%3DSlpDUCM0YX1%2BVWJIP0VrQw%3D%3D.jpeg,1
652,Brockum,L8-c1eabe7,580,https://s3.amazonaws.com/com.images.legiteem8/54ded6a6-0009-4d6d-83f6-d8aa657f219f-2023053120913%40blurHash%3DSjRDUHE9Uk9EaHh1MnxORw%3D%3D.jpeg,1
653,Wild Oats,L8-esga2kv,400,https://s3.amazonaws.com/com.images.legiteem8/07ad105b-a4f8-4e01-83fb-08ad92a52806-20230601185743%40blurHash%3DSjlEXWJfRUx9JFc9fjlwMA%3D%3D.jpeg,1
654,high school of the dead,L8-8lvpg68,20,https://s3.amazonaws.com/com.images.legiteem8/1f7a168c-f664-4d47-9fa3-e64c091d31db-2023060319831%40blurHash%3DSjQ2W0JlOUZ%2BcVJqRCR0Ug%3D%3D.jpeg,1
655,5050,L8-4ave033,175,https://s3.amazonaws.com/com.images.legiteem8/11f705a3-413f-4cfa-85d8-ef81b219bfac-20230529144058%40blurHash%3DSllGfV87eGFfMlNnflZzOw%3D%3D.jpeg,1
656,Cradle of Filth Dusk and her embrace,L8-uad8fj4,150,https://s3.amazonaws.com/com.images.legiteem8/cad54f2b-ac89-4ece-93ad-c80788880b07-2023060215329%40blurHash%3DSjlFbz1JP2NSaFJqfnF0Nw%3D%3D.jpeg,1
657,guns n roses ,L8-k7cd37v,650,https://s3.amazonaws.com/com.images.legiteem8/5410ad74-934e-4016-86a8-90192bf1fc2a-20230602124150%40blurHash%3DSjREYzVoX34wMEFaMDBHYQ%3D%3D.jpeg,1
658,Euro (Generic) ,L8-n8rpw3b,250,https://s3.amazonaws.com/com.images.legiteem8/b146e244-892a-4d67-ae01-6f579e9d6b2e-20230602174438%40blurHash%3DSkJMIzUkP2J%2BcHh1P2FiRg%3D%3D.jpeg,1
659,Fruit of the Loom,L8-28kggm3,50,https://s3.amazonaws.com/com.images.legiteem8/2eb3a8d1-f098-4e89-af3e-2b318c48e301-20230603214318%40blurHash%3DSllGPUVwLVV%2BQnhaTXhzQQ%3D%3D.jpeg,1
660,Screen Stars,L8-93rua6s,200,https://s3.amazonaws.com/com.images.legiteem8/ab7d0729-1f72-41f9-9d37-ff1b34206757-2023060517931%40blurHash%3DSjRFVlRtflZ5QmtBMDBEJQ%3D%3D.jpeg,1
661,Fruit of the Loom,L8-6nbte2a,38,https://s3.amazonaws.com/com.images.legiteem8/5f7035d8-8930-4bce-a676-cb5eb735b7cd-20230603213411%40blurHash%3DSjFHYkkrMDB7QC07MDAwMQ%3D%3D.jpeg,1
662,TOP,L8-msk93dw,500,https://s3.amazonaws.com/com.images.legiteem8/d0b711aa-9f6b-4bd7-af1e-9bd2bf57c4e0-20230605163728.jpeg,1
663,Oneita,L8-u2b0eom,300,https://s3.amazonaws.com/com.images.legiteem8/bf39c682-8d1a-4e97-82f4-98e17992c6da-2023060552449%40blurHash%3DSlFHKm1CfWFBQzlbNVBYOA%3D%3D.jpeg,1
664,Screen Stars,L8-ac9a52l,3000,https://s3.amazonaws.com/com.images.legiteem8/035d83e6-6f52-4b40-ad61-a4a9d4739577-2023060543320%40blurHash%3DSjVCcDp8XzN%2Bb3h0MDBEJQ%3D%3D.jpeg,1
665,Million Woman March Tee,L8-us3q8ra,150,https://s3.amazonaws.com/com.images.legiteem8/b423b49e-2890-4bf2-9ec1-3209b852914b-20230607105158.jpeg,1
666,Tupac Thug Life Forever ,L8-iclnhcp,40,https://s3.amazonaws.com/com.images.legiteem8/c4a8ae88-a3b7-453c-aff3-eea79b6524e9-20230606233142%40blurHash%3DSkJJNU1UMDNLbnhCMDB4Wg%3D%3D.jpeg,1
667,AAA,L8-a3dsg7j,30,https://s3.amazonaws.com/com.images.legiteem8/8cbff92e-c70c-42bc-90d5-f8c860435765-2023060624327%40blurHash%3DSkdFe09iTXlfTT9iNDtXPQ%3D%3D.jpeg,1
668,FL Robinson,L8-i3gslil,75,https://s3.amazonaws.com/com.images.legiteem8/4982f095-02db-408f-bf53-f1f4a038f22b-20230607194132.jpeg,1
669,Giant,L8-sir2u6c,2150,https://s3.amazonaws.com/com.images.legiteem8/c6d71625-2343-46e0-8139-4567e907ced0-202306040584%40blurHash%3DSkxHa3E5fldzcU14Sip4dQ%3D%3D.jpeg,1
670,Fruit of the Loom,L8-ptk4ekj,125,https://s3.amazonaws.com/com.images.legiteem8/d3beba75-34a9-4a61-a724-e6d2aa6c1770-2023060715510%40blurHash%3DSkFFMUJqRWV8fHd5NFUlZg%3D%3D.jpeg,1
671,Wu Tang Forever Wu Revolution Black Front and Back Print,L8-fbchlri,650,https://s3.amazonaws.com/com.images.legiteem8/b3a72f06-201a-467a-98b2-cd292f923f69-2023051718531%40blurHash%3DSkFEUyxpXzRvZ017MDB0Nw%3D%3D.jpeg,1
672,Nelly 2002 Tour T Shirt Black with Lil Wayne Fabulos Amerie Big Tymers,L8-vov774o,100,https://s3.amazonaws.com/com.images.legiteem8/bcb3dc8e-34f9-494b-8e31-89ef91b5be2f-2023051517556%40blurHash%3DSlFEdnZJLlR0bXh1SD1Ndw%3D%3D.jpeg,1
673,Winterland,L8-je4ojh5,550,https://s3.amazonaws.com/com.images.legiteem8/2b2c8716-3165-44fb-9e82-db3aaae4e641-2023060833333%40blurHash%3DSkJBXXtMNDp%2BVk5HMDAtOg%3D%3D.jpeg,1
674,Hanes Heavyweight,L8-tmntbr9,550,https://s3.amazonaws.com/com.images.legiteem8/dc004a42-cdb2-40a7-9446-48705cf3fa7a-2023060721253%40blurHash%3DSkNKUXNKRUx%2BcXRSMDByPw%3D%3D.jpeg,1
675,Brockum Worldwide,L8-s2jacjh,500,https://s3.amazonaws.com/com.images.legiteem8/20799a4d-9357-46b4-a677-88f73f0f47f1-202306041839%40blurHash%3DSjhEW0A5JCV9PXhaMTdJOw%3D%3D.jpeg,1
676,Tultex,L8-rv99vob,40,https://s3.amazonaws.com/com.images.legiteem8/c0e4b9f1-f985-4247-b64b-4cee0551ffa5-202306100144%40blurHash%3DSjFBMFJDMDAwMl4qMDB%2BcA%3D%3D.jpeg,1
677,Giant,L8-rufhqhj,1000,https://s3.amazonaws.com/com.images.legiteem8/1f0297a0-043e-4365-9e41-58cee2e78f98-20230602222744%40blurHash%3DSk1ESjZTYnctb24kfnBXcQ%3D%3D.jpeg,1
678,Fruit of the Loom Heavy,L8-n5kf7no,600,https://s3.amazonaws.com/com.images.legiteem8/99fcf3c0-7b7d-49d4-afe6-4ff08a13a3c6-202306091770.jpeg,1
679,Tupac All Eyes On Me Rap Tee,L8-0221vqk,250,https://s3.amazonaws.com/com.images.legiteem8/234cb9c0-3704-473b-be22-f6ce487334f7-20230610214743%40blurHash%3DSlVEUmpQYU1aaXhafXRWWw%3D%3D.jpeg,1
680,Kurt Dead! Nevermind,L8-jccq6h4,400,https://s3.amazonaws.com/com.images.legiteem8/14f2e485-925f-48b8-8f5c-b24d8cc8bf1e-2023061218854%40blurHash%3DSjlKa0oufnEwMFIqMDBNeA%3D%3D.jpeg,1
681,Hanes Heavyweight,L8-22d9c4a,150,https://s3.amazonaws.com/com.images.legiteem8/b973195d-b07c-4c99-a832-40c304ce0da8-20230609181347.jpeg,1
682,90s marilyn manson hoodie,L8-8krmnvj,50,https://s3.amazonaws.com/com.images.legiteem8/86b876bf-e2c8-4762-8d5f-e31927517fc5-20230612215713%40blurHash%3DSlJJRS00RCR%2BcHQ2MDB4XQ%3D%3D.jpeg,1
683,marilyn manson hoodie ,L8-q1c6jmo,50,https://s3.amazonaws.com/com.images.legiteem8/2089c3d6-3bcb-4636-a026-7499bd74759d-20230613145659%40blurHash%3DSlRJRTtDRCR%2BcHQ2MDB4dg%3D%3D.jpeg,1
684,Oneita Power-T,L8-k0m0eug,230,https://s3.amazonaws.com/com.images.legiteem8/0f0abe62-529d-45ed-800b-5c6d05fe92ed-2023061432733%40blurHash%3DSkVNWnZbfnBFMWpZUlBzLg%3D%3D.jpeg,1
685,Fruit of the Loom,L8-k9kg8e6,200,https://s3.amazonaws.com/com.images.legiteem8/49a5f200-b5da-4599-b454-695133e030f0-202306148053%40blurHash%3DSlFDUURUa1h%2BVGJJPXBXQg%3D%3D.jpeg,1
686,Power puff girls shirt wacky racing,L8-03dgr37,123,https://s3.amazonaws.com/com.images.legiteem8/9b977dcf-ebe8-4b1a-861f-c8bbcec8e696-20230614202128%40blurHash%3DSlZKWzNJTXtEKlJqfnBvZg%3D%3D.jpeg,1
687,Nevermind,L8-wkhvrta,900,https://s3.amazonaws.com/com.images.legiteem8/0fb6025c-41c2-4df8-aec5-c4a064e16256-20230615195921%40blurHash%3DSkVJPVoyUjV%2BcXlFMDBSNA%3D%3D.jpeg,0
688,Winterland Productions,L8-76g89ck,450,https://s3.amazonaws.com/com.images.legiteem8/0b027121-e696-4f6a-a8c2-1021ae0985a7-2023061834130.jpeg,1
689,Stedman Super Hi-Cru,L8-4vcsrav,1200,https://s3.amazonaws.com/com.images.legiteem8/2f10736b-3090-48f8-a555-859c176b8da5-20230619145122%40blurHash%3DSkhHOUVkP3c4XyVOUk9vZg%3D%3D.jpeg,1
690,Art Works,L8-8b7en11,100,https://s3.amazonaws.com/com.images.legiteem8/973f19ac-d348-4b5f-ae2a-bfa02f255e81-2023062017580%40blurHash%3DSmFHa2FufXBQQkk6JUxhZA%3D%3D.jpeg,1
691,Rare Early 1960’’s Promo Rolling Stines Shirt,L8-dg2s1bb,400,https://s3.amazonaws.com/com.images.legiteem8/19ae92fe-c4c7-46ec-a54f-7d43ffaca96f-20230621134742%40blurHash%3DSjZFejdaeT0wMH1ZMDA1UQ%3D%3D.jpeg,1
692,Fruit of the Loom Heavy,L8-ptupiwh,60,https://s3.amazonaws.com/com.images.legiteem8/928879a6-f96d-4098-9d18-277d6d58fa57-20230621212323%40blurHash%3DSjZFRDYlP3deSm9fMDBrcA%3D%3D.jpeg,1
693,Murina,L8-91merwd,200,https://s3.amazonaws.com/com.images.legiteem8/936b2026-0ab6-4c14-a00c-5e5491e73543-202306236525.jpeg,1
694,LOONEY TUNES,L8-kndkw78,40,https://s3.amazonaws.com/com.images.legiteem8/ff7421c4-275e-4116-8838-c39064d9f2d9-20230623202426%40blurHash%3DSlZKdTRHUisuQVdCTktSag%3D%3D.jpeg,1
695,Giant by Anvil,L8-3bndenh,450,https://s3.amazonaws.com/com.images.legiteem8/d7131dea-bca9-471a-aa2f-89ad2459dc8a-2023062333046%40blurHash%3DSkRIZWQtfnFEUGFMcl1zOg%3D%3D.jpeg,1
696,Jim Morrison The Doors,L8-7f8ipw2,150,https://s3.amazonaws.com/com.images.legiteem8/fa4aa146-89de-4da8-90c7-2b4b7757b970-2023062412744%40blurHash%3DSlZIS2UydFJ9P1dVOUdzbQ%3D%3D.jpeg,1
697,Fashion Knit,L8-atmd9nv,40,https://s3.amazonaws.com/com.images.legiteem8/0bad1212-5035-4003-bb90-b470cb13e355-202306250578%40blurHash%3DSkxCcGU0JU1%2BcHh1P2J4dQ%3D%3D.jpeg,1
698,Hanes Ultraweight,L8-mubffjw,700,https://s3.amazonaws.com/com.images.legiteem8/16fea544-89bd-41cd-a45c-b0a9257c03ef-2023062451530%40blurHash%3DSkNHKjFrMU4wM31xSSxJbw%3D%3D.jpeg,1
699,M&O Knits,L8-nb7pltq,100,https://s3.amazonaws.com/com.images.legiteem8/df3ea246-6817-4d86-bb7d-5cae9cb05fee-2023062422559%40blurHash%3DSlFGaHg3fUAuU0pVP0d0Nw%3D%3D.jpeg,1
700,Grateful Dead Deadheadland ,L8-lpdjsd2,650,https://s3.amazonaws.com/com.images.legiteem8/d24dfa29-e6d2-40d1-b5b1-43602ce072f3-2023062421319%40blurHash%3DSnZKYT13JU1%2BcWYrUipSag%3D%3D.jpeg,1
701,Fruit of the Loom,L8-d3n5pub,1000,https://s3.amazonaws.com/com.images.legiteem8/317a670d-6c95-45c4-80af-6ba8245e4d8a-20230624141954%40blurHash%3DSlFFQzhAflZEJVJQJTElMg%3D%3D.jpeg,1
702,East Coast,L8-c0w6wvp,200,https://s3.amazonaws.com/com.images.legiteem8/a210b250-c186-4d15-a0ad-68b8d71b5ed3-20230628121349%40blurHash%3DSkNGaTN%2BLVZ%2BVzlhMDAwSw%3D%3D.jpeg,1
703,Fruit of the Loom Heavy,L8-90gp0ut,350,https://s3.amazonaws.com/com.images.legiteem8/72e3fbb1-eab9-45e7-95f8-2087d8ae8f2a-2023062844020%40blurHash%3DSkJIbm1PUW99bUhAI1FEag%3D%3D.jpeg,1
704,Mosquitohead,L8-csit2fu,550,https://s3.amazonaws.com/com.images.legiteem8/5819a1c7-6e17-4f7e-b23f-e0f99f4f21d4-2023062811160%40blurHash%3DSkpKJVhybk5QO019dGx0Ug%3D%3D.jpeg,1
705,Giant by Tultex,L8-pflhovl,1200,https://s3.amazonaws.com/com.images.legiteem8/8471d803-8f1a-4fa7-b47f-98e6aa02dd8b-202306281312%40blurHash%3DSnhGRmdDYWV%2BcFZAP2FSag%3D%3D.jpeg,1
706,Nirvana Vestibule ,L8-oerdop1,700,https://s3.amazonaws.com/com.images.legiteem8/5aab3920-69e5-45e6-b7d1-3f4afe2daad4-20230628233226%40blurHash%3DSkxLZGMwflgwMDlGMDB0Nw%3D%3D.jpeg,1
707,Brockum Worldwide,L8-cq8g00e,200,https://s3.amazonaws.com/com.images.legiteem8/82325515-63b8-4878-91c9-1d53eff35062-20230629105953%40blurHash%3DSjhBU01WfUUwZk9yNSw5dQ%3D%3D.jpeg,1
708,The Rolling Stones voodoo lounge 94-95 world tour,L8-uq217or,115,https://s3.amazonaws.com/com.images.legiteem8/86a3366e-9871-4030-aa9b-9081e048e240-2023062913748%40blurHash%3DSk5JT0xUOUV%2BVm9lbmh0UQ%3D%3D.jpeg,1
709,Anvil,L8-hmpljpg,150,https://s3.amazonaws.com/com.images.legiteem8/62879309-4a00-45f8-97fa-1bed1073f2d7-2023063003552%40blurHash%3DSjlKNz9qflcwMC1VMDBEaQ%3D%3D.jpeg,1
710,Wild Oats,L8-l1vc354,150,https://s3.amazonaws.com/com.images.legiteem8/59479d49-f4f4-4606-a88f-1b680687a0fc-20230630141858%40blurHash%3DSjBLVTFTKncwMD9zMDBabA%3D%3D.jpeg,1
711,Giant,L8-83l0boc,850,https://s3.amazonaws.com/com.images.legiteem8/2b53486d-6c08-45e5-94e2-e268daa47a71-20230701155219.jpeg,1
712,Star Prints,L8-r2q0tgj,150,https://s3.amazonaws.com/com.images.legiteem8/596e8bef-e63d-4558-a430-64d8afd65d73-2023070191910%40blurHash%3DSmdMXUJLalskak9Ee3l3ZA%3D%3D.jpeg,1
713,AAA,L8-c4tewj9,50,https://s3.amazonaws.com/com.images.legiteem8/335f933c-0b4b-4fe8-9099-943c553839ea-2023070117332%40blurHash%3DSkZCTzQuX01fMi1wJTMlMw%3D%3D.jpeg,1
714,Purple Haze Jimi Hendrix Single Stitch,L8-wrw537c,100,https://s3.amazonaws.com/com.images.legiteem8/c3e78eab-be21-44d5-aa71-a1074cb08016-2023070122495%40blurHash%3DSjZCQyMsflVwdkVNclc5Rw%3D%3D.jpeg,1
715,Anvil,L8-eqsiswt,200,https://s3.amazonaws.com/com.images.legiteem8/27fcd9d8-3b9a-4a79-99f9-8cc6f91b46ef-20230702155742%40blurHash%3DSjZLd3RRflYwME19MDBrRA%3D%3D.jpeg,1
716,Tultex,L8-tkwfgw0,175,https://s3.amazonaws.com/com.images.legiteem8/dab17c10-8196-4a05-8c04-b49b0eea1c1e-2023070514430%40blurHash%3DSjBKa3YyXkEwMH5vMDAwMA%3D%3D.jpeg,1
717,Tultex,L8-skbkb1q,300,https://s3.amazonaws.com/com.images.legiteem8/ed85a6c1-9c00-412d-96cd-75c42f87e0c9-202306309041%40blurHash%3DSkxMZy00aV9fTlIlSUFEJQ%3D%3D.jpeg,1
718,Tultex,L8-re9s5r3,30,https://s3.amazonaws.com/com.images.legiteem8/e4535edd-d19d-4646-9c0d-58f900aff5e4-2023070416101%40blurHash%3DSjdJWHN5JU1%2BcWF5P2EtcA%3D%3D.jpeg,1
719,Fruit of the Loom,L8-cud208h,210,https://s3.amazonaws.com/com.images.legiteem8/f257fc00-2972-48fe-8371-7605ac2491b4-2023070622423%40blurHash%3DSkxHa0xJfVh5VzU4eD9JOw%3D%3D.jpeg,1
720,Fashion Victim,L8-qudahm8,500,https://s3.amazonaws.com/com.images.legiteem8/4e24ac10-c18a-4b4f-8a4a-c0bb81a2b5fa-2023070821355%40blurHash%3DSjJEYStFMHkweHxARSw9Xw%3D%3D.jpeg,1
721,John Wick,L8-oi92220,50,https://s3.amazonaws.com/com.images.legiteem8/2803ebaf-f0ed-49c4-a644-5c52ffb1f25c-20230707162729%40blurHash%3DSnFFZk5NeGJ%2Bb3M7P0dvTQ%3D%3D.jpeg,1
722,Brockum Collection (The),L8-k7083oq,150,https://s3.amazonaws.com/com.images.legiteem8/83c345a1-9711-4742-99af-507e124e1b5f-20230707152218%40blurHash%3DSjRLSytuX04wMDAwMDA0bg%3D%3D.jpeg,1
723,Hi Cru Stedman,L8-8e1twgd,1300,https://s3.amazonaws.com/com.images.legiteem8/aa69e9d2-89a4-4bc9-9c16-d1943ddb6a42-2023070919126%40blurHash%3DSjVKQD8rNG80OT91SFhhZA%3D%3D.jpeg,1
724,Giant by Tultex,L8-mutefcv,800,https://s3.amazonaws.com/com.images.legiteem8/204980fd-9885-40ba-8c61-2e47a8b22478-2023071055329%40blurHash%3DSlFLVF9Bb2N%2BcHQ2flZXQQ%3D%3D.jpeg,1
725,Stanley DeSantis,L8-s5plvpj,80,https://s3.amazonaws.com/com.images.legiteem8/72fe1c1f-0e9b-435c-bab3-fbd6c5deb7d0-2023071132940%40blurHash%3DSmhFeWxLal1eKmUufnFqXQ%3D%3D.jpeg,1
726,Brockum Worldwide,L8-j3jjv7m,4000,https://s3.amazonaws.com/com.images.legiteem8/071950d7-e2d3-4243-acdf-85932149ba90-2023071010622.jpeg,1
727,Stedman Super Hi-Cru,L8-o3hd63v,6500,https://s3.amazonaws.com/com.images.legiteem8/4a7a37e2-9cdb-4693-bef6-344515740cd6-20230710115845%40blurHash%3DSkRFb3huLW8wS3RtVH10UQ%3D%3D.jpeg,1
728,Hanes Fifty-Fifty,L8-k27n1s9,250,https://s3.amazonaws.com/com.images.legiteem8/faff97e6-f451-461a-a715-abc10e0b1f41-20230711114212%40blurHash%3DSkFJaFp9XzNfMU5Hfm9EJQ%3D%3D.jpeg,1
729,Winterland Productions,L8-71r7je8,300,https://s3.amazonaws.com/com.images.legiteem8/594b0c18-8dc4-4303-8d7b-66ea48d218e7-20230713141444%40blurHash%3DSkxKWzNFLjZ%2BV2FralhSaQ%3D%3D.jpeg,1
730,the stone roses fools golds,L8-geii1ku,500,https://s3.amazonaws.com/com.images.legiteem8/bf5a5cac-b30a-47f5-9874-76dcce5192b5-2023071352214%40blurHash%3DSjVJfWhnXzRIWC45OUQwMA%3D%3D.jpeg,1
731,Hanes Beefy T,L8-7h4vujd,140,https://s3.amazonaws.com/com.images.legiteem8/bf999d9f-c6cc-4138-b817-4c922eca5c69-20230712161524%40blurHash%3DSk1HKnZYK1pQcTl1JSNFMg%3D%3D.jpeg,1
732,Fashion Victim,L8-uvmedj6,450,https://s3.amazonaws.com/com.images.legiteem8/548eecfe-c34b-41c0-9055-8b788b6e699c-20230715154042%40blurHash%3DSmlLXiteTXl%2BcWY1RCV4dQ%3D%3D.jpeg,1
733,Screen Stars Best,L8-gsep293,750,https://s3.amazonaws.com/com.images.legiteem8/064bfbdc-ca8f-4779-8f99-79f725e4dc03-2023071416253%40blurHash%3DSmNMWEpTd3tfTk50SD9zbw%3D%3D.jpeg,1
734,Lee Textiles,L8-24eglgi,80,https://s3.amazonaws.com/com.images.legiteem8/f52a54ee-e165-4ff9-a70e-3ce39d3c550b-20230713214047%40blurHash%3DSkRILXgkflQtLX5wNFVeag%3D%3D.jpeg,1
735,Screen Stars,L8-40crc81,1500,https://s3.amazonaws.com/com.images.legiteem8/0628338a-d2c1-43a5-884d-c35d76087336-2023071832629.jpeg,1
736,Fruit of the Loom Heavy,L8-3ba6o50,700,https://s3.amazonaws.com/com.images.legiteem8/23698efc-201f-43e9-bae1-2175826ad921-2023071914657%40blurHash%3DSjlIVmh8LlQ0VCVNMDBSUA%3D%3D.jpeg,1
737,Fruit of the Loom,L8-0n90w3h,150,https://s3.amazonaws.com/com.images.legiteem8/b40bb2f3-ae45-46bf-8c1b-e929aec65483-20230721204058%40blurHash%3DSkNLXlddP144WV5pMDBvfg%3D%3D.jpeg,1
738,Liquid Blue,L8-m5mbad2,450,https://s3.amazonaws.com/com.images.legiteem8/63391dfb-4aea-4170-82d6-c856866b6dad-20230720121532%40blurHash%3DSkVMcTh%2BLTt%2Bb1dCbkx4Wg%3D%3D.jpeg,1
739,Hole Longsleeve,L8-thpt9ga,250,https://s3.amazonaws.com/com.images.legiteem8/fc2ea1ba-fd13-4811-b613-c6304f104b6b-2023072224447%40blurHash%3DSjdCM1dzXmoua3BIdnteKg%3D%3D.jpeg,1
740,Murina,L8-2cndg44,800,https://s3.amazonaws.com/com.images.legiteem8/c0cfd43a-b2bb-4d82-a39d-beb39b93ec81-2023071815834%40blurHash%3DSjFCe19tcXYwMFhTMDBeKg%3D%3D.jpeg,1
741,Anvil,L8-q1i9usm,500,https://s3.amazonaws.com/com.images.legiteem8/2c239706-18fc-4e52-9ed0-f07fb1d66edb-20230722165112%40blurHash%3DSk9DJUJaJU1%2BVnhhXzF0Nw%3D%3D.jpeg,1
742,Nirvana Flipper ,L8-3pjgvaw,200,https://s3.amazonaws.com/com.images.legiteem8/00f47116-e3dc-492e-b527-aab6d90c14a6-2023072314216%40blurHash%3DSnNIQko2b0x9Om9MXiVvSg%3D%3D.jpeg,1
743,Exorcist Your Mother Sucks Cocks in Hell Shirt,L8-jejrl8t,150,https://s3.amazonaws.com/com.images.legiteem8/314dbf97-0809-4eb3-899b-a7e75b63128f-20230724214727%40blurHash%3DSlFFbyMueHV%2BcW9mJWdXVg%3D%3D.jpeg,1
744,Jerzees,L8-idaaedw,35,https://s3.amazonaws.com/com.images.legiteem8/2e7e18d3-0f62-43c8-988f-13a1ad40a66d-2023072522313%40blurHash%3DSkdFbiMyLW99QHQ2MDFJcA%3D%3D.jpeg,1
745,Fruit of the Loom,L8-3osdgst,60,https://s3.amazonaws.com/com.images.legiteem8/550286da-25f3-431f-9ccb-62f388cb56c9-20230726164137.jpeg,1
746,Screen Stars,L8-81d13ar,200,https://s3.amazonaws.com/com.images.legiteem8/993d85a6-1156-4e7f-b236-0af5eba1bff0-20230726163734%40blurHash%3DSjM2a0xdJU1%2BQnQ3NFRhZA%3D%3D.jpeg,1
747,Euro (Generic) ,L8-ovpeq53,625,https://s3.amazonaws.com/com.images.legiteem8/a3c31436-b343-457b-9fb1-bb062bc09850-2023072764341%40blurHash%3DSjJMTmxEfnAwMGZUMDA0bg%3D%3D.jpeg,1
748,Anvil,L8-481dag7,250,https://s3.amazonaws.com/com.images.legiteem8/bda5fa40-e7a9-4aa8-b1bb-c9a57bfccf59-2023072720237%40blurHash%3DSjZJelk5flQ9eElXKnctbw%3D%3D.jpeg,1
749,Hanes Heavyweight,L8-rdigaw9,105,https://s3.amazonaws.com/com.images.legiteem8/18d9d2dc-ec0e-4cbb-a7e4-e8bfd85d345e-2023072723454%40blurHash%3DSjVHayVpflcwM1I1MDBFSw%3D%3D.jpeg,1
750,Spring Ford,L8-bg66jmp,250,https://s3.amazonaws.com/com.images.legiteem8/185b9ca1-c46d-4fe0-a255-b270864cb87f-2023072721647.jpeg,1
751,Cross Star,L8-65qb4ed,150,https://s3.amazonaws.com/com.images.legiteem8/07ad912e-1a61-4647-920f-004b042967c5-20230729104413%40blurHash%3DSjRLS3BDfjhfT3hiMDBNYw%3D%3D.jpeg,1
752,Anvil,L8-4h461ow,750,https://s3.amazonaws.com/com.images.legiteem8/a70e41d0-4659-438f-b6ae-b199d6f33eb0-20230728142038.jpeg,1
753,Giant by Anvil,L8-j3vrf8s,100,https://s3.amazonaws.com/com.images.legiteem8/067772e0-8487-420b-bfef-7dfb5f47fc54-20230729141156%40blurHash%3DSkJDP2lvfnA0OklVNG9NfA%3D%3D.jpeg,1
754,Hanes Fifty-Fifty,L8-37gu26n,800,https://s3.amazonaws.com/com.images.legiteem8/4acaca19-8715-4414-851f-874345fd0aa5-202307301925%40blurHash%3DSlBKSFhQLm1Ybm5OWG5pXw%3D%3D.jpeg,1
755,Brockum,L8-2mo9cc9,1100,https://s3.amazonaws.com/com.images.legiteem8/6dd18768-6cc7-4feb-bc46-61c164c77625-2023072755737%40blurHash%3DSjhLbkY7MDAwMH5WMDAuNw%3D%3D.jpeg,1
756,Hanes Beefy T,L8-9f4fell,1100,https://s3.amazonaws.com/com.images.legiteem8/4b6e38dd-c1ca-4c4d-84bd-55596228e47f-20230730192959%40blurHash%3DSkxJWD9TP3Z%2BcG99JUx4Rg%3D%3D.jpeg,1
757,Hanes,L8-nrupgw5,400,https://s3.amazonaws.com/com.images.legiteem8/b064be73-d23d-4120-a59c-6c6498c3f779-20230729173737.jpeg,1
758,Giant by Tultex,L8-e9wllcn,2500,https://s3.amazonaws.com/com.images.legiteem8/058a4a33-3c75-433f-ae6b-11b27164f0e6-202307300947%40blurHash%3DSkM5QFAzfnFvTG9mMDBFMA%3D%3D.jpeg,1
759,70s Led Zeppelin Pakistani Tee,L8-3g6p7iw,125,https://s3.amazonaws.com/com.images.legiteem8/34b5d539-b76b-4b02-bc97-b25f93f608e6-2023080121420%40blurHash%3DSjhCe31zeGF%2BVnh1MDBvZg%3D%3D.jpeg,1
760,2Pac All Eyez On Me Rap T-Shirt,L8-usomr63,350,https://s3.amazonaws.com/com.images.legiteem8/f7ad7cc6-02f8-4827-aa7b-9a1ac7ed8dd1-2023080213346%40blurHash%3DSlpEbFdYb0l%2BOG9JXmhvSQ%3D%3D.jpeg,1
761,bob marley,L8-0pkh4is,30,https://s3.amazonaws.com/com.images.legiteem8/60a1a387-5048-4412-97a9-8d77564334f1-2023080284450%40blurHash%3DSmdBX2poLmVXWGJGazlqWw%3D%3D.jpeg,1
762,Hanes,L8-4bi26rm,400,https://s3.amazonaws.com/com.images.legiteem8/da33e0e3-9d7e-4750-bb7c-1eba02d50301-2023080262626.jpeg,0
763,biggie small shirt the notorious big ready to die album baby,L8-0bc4chw,500,https://s3.amazonaws.com/com.images.legiteem8/801c5c1e-4e94-4745-9f7d-720bea27a380-2023080285153%40blurHash%3DSklCOlR6dDZ%2BVm96PV90Ng%3D%3D.jpeg,1
764,siamese dream rock invasion 93,L8-kkkd3d3,750,https://s3.amazonaws.com/com.images.legiteem8/105e9514-91bd-4a1f-a829-d289d930b5c7-20230802151457%40blurHash%3DSjdLSyttWFQwMH5XMDBJVQ%3D%3D.jpeg,1
765,Giant by Tultex,L8-kl1lje6,675,https://s3.amazonaws.com/com.images.legiteem8/4d4ff08b-ae30-40cb-afa1-70670ac36ac4-20230802151138%40blurHash%3DSjhLZC0qRGswTl9NMDA4Xg%3D%3D.jpeg,1
766,Tour Champ,L8-amgs6sn,300,https://s3.amazonaws.com/com.images.legiteem8/ff20b1f7-3392-4957-9fe5-1db6f328152d-202308035300%40blurHash%3DSiVHdVVJb0x%2BVmpALTpqcw%3D%3D.jpeg,1
767,Euro (Generic) ,L8-tois068,1200,https://s3.amazonaws.com/com.images.legiteem8/b9c57bd8-6b2e-4b14-b5b2-f066f1b25ad0-20230803133331%40blurHash%3DSmxFVnZqb2d%2BQW96P0drQw%3D%3D.jpeg,1
768,Fruit of the Loom,L8-2pu7obq,150,https://s3.amazonaws.com/com.images.legiteem8/402df963-185b-41f6-954a-0da437f2087a-2023080311425%40blurHash%3DSkFCREUxeHV%2BcG9mMGVWQA%3D%3D.jpeg,1
769,Hanes Heavyweight,L8-mpg1c9n,123,https://s3.amazonaws.com/com.images.legiteem8/ffc56341-d74b-4e70-a264-0d7be0d2dfa1-20230803191546%40blurHash%3DSk1MenYtJU0tcW9MfnBSKg%3D%3D.jpeg,1
770,Hanes Heavyweight,L8-pur2o91,123,https://s3.amazonaws.com/com.images.legiteem8/e5942b3e-a47c-46d1-8d14-548888dfc77f-20221118203820%40blurHash%3DVUxLLDo2TmJubCQqMDBqY1N9Vy04d1IlTXxWWz9eakdnM1Mj.jpeg,1
771,Screen Stars,L8-81jgd08,200,https://s3.amazonaws.com/com.images.legiteem8/2ff824c2-e8d5-40a0-8bb3-14bc33ea6197-202308013535%40blurHash%3DSmVQWjB%2BPXkubSVnOUZ4dQ%3D%3D.jpeg,1
772,Nike,L8-4fo5m0s,750,https://s3.amazonaws.com/com.images.legiteem8/82cb2d3a-16ac-4620-accb-01fd1bbf72a0-2023080402317%40blurHash%3DSkxFLkNTfkJDbWtxbkVFOA%3D%3D.jpeg,1
773,1990’s Bone Thugs n Harmony ,L8-7qn3fbf,900,https://s3.amazonaws.com/com.images.legiteem8/fb35d4d9-79d5-40f5-86ff-622fa2fd070c-20230803225333.jpeg,1
774,Anvil,L8-ct35nkr,160,https://s3.amazonaws.com/com.images.legiteem8/c70d5fe9-9a8e-4de1-af9f-550790a3572f-2023080493954%40blurHash%3DSkFCREtISkR%2BVUVScnA5Yg%3D%3D.jpeg,1
775,escape from LA,L8-n7lia0i,100,https://s3.amazonaws.com/com.images.legiteem8/8a2f210b-6ba4-433a-b2ea-d43aabc65d8b-20230804153630%40blurHash%3DSk5EU25EfXIxUDVXdnx4WQ%3D%3D.jpeg,1
776,OUTPATIENTS “R” US,L8-8o03uq7,1000,https://s3.amazonaws.com/com.images.legiteem8/80f2cf76-90fd-467c-9365-a62a1a5b2662-202308064226%40blurHash%3DSlBIVnhSdFN%2BVHMrfjglMQ%3D%3D.jpeg,1
777,Giant,L8-r7doilg,125,https://s3.amazonaws.com/com.images.legiteem8/9b71fbdb-7f0b-4554-af97-80f31b99dbe1-20230805205218%40blurHash%3DSkJCez1SfkFLT0VoP0UtVQ%3D%3D.jpeg,1
778,usher vintage u got it bad tour ,L8-hs24g57,350,https://s3.amazonaws.com/com.images.legiteem8/d5a62b82-4568-4dfb-94ef-a65575e562e3-2023080401016%40blurHash%3DSkdCeSxEP0h1T0o4flclTA%3D%3D.jpeg,1
779,Brockum Group (The),L8-5jkh8gq,150,https://s3.amazonaws.com/com.images.legiteem8/971f2fd5-5f72-4a11-8254-af46abebcbcc-2023080519244%40blurHash%3DSkZEbGk6SVV%2BOXQ2d0Z4dA%3D%3D.jpeg,1
780,American Project,L8-akph8dq,80,https://s3.amazonaws.com/com.images.legiteem8/74785b4d-1c31-4a2c-b1db-5e76711fdaf3-2023080945739%40blurHash%3DSkFCZnRAb34wd3h1LUBzOg%3D%3D.jpeg,1
781,Brockum,L8-ab48874,230,https://s3.amazonaws.com/com.images.legiteem8/ba71790b-f981-4952-af1f-a975700e8afa-2023080942327%40blurHash%3DSk1EdV9DdDZ0LG9mflZzOg%3D%3D.jpeg,1
782,RED HOT CHILI PEPPERS 1992,L8-fuajs57,500,https://s3.amazonaws.com/com.images.legiteem8/4f870467-a5f5-42d2-8b22-ffc324040219-2023081031643%40blurHash%3DSkRMTlowflgwMFJPMDBzLg%3D%3D.jpeg,1
783,Rapp Style,L8-nw6k4kv,300,https://s3.amazonaws.com/com.images.legiteem8/e1aa42fa-e2a9-4a0d-90a5-0f4a4ea478c6-2023081051736%40blurHash%3DSjZLLVVjfnEwMC1wMDBNew%3D%3D.jpeg,1
784,Euro (Generic) ,L8-nait4w2,40,https://s3.amazonaws.com/com.images.legiteem8/bc8e0a05-8133-4ccd-8a0a-dcc2f9520c3c-2023081014518%40blurHash%3DSjJKKmhyNFQwMD93MDA4ew%3D%3D.jpeg,1
785,Soft Tee,L8-jj3uopj,400,https://s3.amazonaws.com/com.images.legiteem8/3b57140e-df85-4b07-ada2-59a5fd4bc9ed-20230803622%40blurHash%3DSkVDc21yJTF9KyVNQTFSUQ%3D%3D.jpeg,1
786,Wild Oats,L8-b3s3cmp,220,https://s3.amazonaws.com/com.images.legiteem8/da4e4a3b-6e0d-4a36-8173-c365b3d2aa5b-2023080344859.jpeg,1
787,SADE LOVERS ROCK TOUR 2001,L8-lahh6qj,1000,https://s3.amazonaws.com/com.images.legiteem8/4d1dd69d-0a98-45ac-9cc0-3d47f9dae53e-2023081311476%40blurHash%3DSjI4NEpHczpeKldCb2ZqdA%3D%3D.jpeg,1
788,the clash know your rights,L8-vd9gf4q,30,https://s3.amazonaws.com/com.images.legiteem8/2006da39-7164-473c-a974-c306ff9c5822-202308121470%40blurHash%3DSmVJcjR%2BfnEtO3Q3dDdXQg%3D%3D.jpeg,1
789,LEE,L8-fmq8d8k,700,https://s3.amazonaws.com/com.images.legiteem8/b13955d2-c7bf-4769-bf68-b5775011ff5c-202308143743%40blurHash%3DSklLdj9EfkE5RnhZNFUtbw%3D%3D.jpeg,1
790,In Utero Tour,L8-l4jvr39,1000,https://s3.amazonaws.com/com.images.legiteem8/81e26c1d-4b08-488e-ad8d-7de562e6b640-2023081151952.jpeg,1
791,TOP,L8-885ccdl,250,https://s3.amazonaws.com/com.images.legiteem8/6d13b6a7-7ac6-42ed-a251-edbecc6a8365-202308126456%40blurHash%3DSjlITFNSMDF%2BV3hzRCNlbQ%3D%3D.jpeg,1
792,Liquid Blue,L8-2kkpjho,100,https://s3.amazonaws.com/com.images.legiteem8/b760974c-a36a-4c04-97a0-fafb1429b412-2023081419244%40blurHash%3DSjU4RHFsfVcwfTVSMDB0Ug%3D%3D.jpeg,1
793,Giant,L8-04bi0m8,450,https://s3.amazonaws.com/com.images.legiteem8/1a6c61b7-7533-4f8f-bd99-2b6c31fa9280-2023081431943%40blurHash%3DSk9BMGRnSVZ%2BVUlwXiVSaw%3D%3D.jpeg,1
794,Giant by Tee Jays,L8-pq0h6ks,600,https://s3.amazonaws.com/com.images.legiteem8/53ff168f-b4de-4312-8b2a-75050440f0fa-20230815111651%40blurHash%3DSjlEK3VWP0cwMEVMfTo9fA%3D%3D.jpeg,1
795,Giant by Tee Jays,L8-h1i11go,400,https://s3.amazonaws.com/com.images.legiteem8/4a10b7d1-b49a-4efd-8600-43c0b3752ae0-2023081514049%40blurHash%3DSlBIeHBPMDBeJUlwflYlTQ%3D%3D.jpeg,1
796,"Queen A Kind of Magic, All over print, Wraparound T Shirt",L8-b3ivfls,400,https://s3.amazonaws.com/com.images.legiteem8/08a6a213-9ecb-40aa-b4bb-c12110d3d2a0-20230815193827%40blurHash%3DSjU3VUMjJU99PXQyMGRNXw%3D%3D.jpeg,1
797,Vintage 2Pac Do For Love Rap T-Shirt,L8-aoio9lu,450,https://s3.amazonaws.com/com.images.legiteem8/ebf4cd73-1770-4254-bd5b-bd0b7ccd9030-20230814134917%40blurHash%3DSiVHW2k7b2R%2BVm9KeHVvSg%3D%3D.jpeg,1
798,Beatles Sgt Pepper ,L8-hu8nfi5,10,https://s3.amazonaws.com/com.images.legiteem8/a119e1a9-77f6-4d8d-94a3-24dd39893177-2023081522110%40blurHash%3DSkJJNHcjP3dfTk5NMDBSTw%3D%3D.jpeg,1
799,Brockum,L8-qrqs5bj,1100,https://s3.amazonaws.com/com.images.legiteem8/611ddee9-6c15-4ed9-8a0d-8c38a52dd7de-20230816113010%40blurHash%3DSk5MZzh%2BeHR%2BVldBOWF0Nw%3D%3D.jpeg,1
800,Bay Club,L8-f0lwmu3,250,https://s3.amazonaws.com/com.images.legiteem8/f8f9b3f2-efe0-4ddd-940d-1a914080cd6d-20230816215654%40blurHash%3DSk5DSDclbyNZa2czN0xrVw%3D%3D.jpeg,1
801,Fruit of the Loom Heavy,L8-3g3li77,125,https://s3.amazonaws.com/com.images.legiteem8/4adf7f77-86d1-422b-a21e-96fd4aa145cc-20230816164544%40blurHash%3DSkVGI2RrMH0wS31ANC5FMg%3D%3D.jpeg,1
802,Fruit of the Loom USA,L8-97qtw4t,600,https://s3.amazonaws.com/com.images.legiteem8/771d41a8-c3a6-4e2e-b767-cca00c347116-2023032518258%40blurHash%3DVTc4cHIsJTIwTUVNfkFzLjU3Tkg1bVIqXS14RzBnUzR9QHhh.jpeg,1
803,1987 Monsters of Rock Shirt,L8-i1rd6w8,150,https://s3.amazonaws.com/com.images.legiteem8/a657d73e-f167-4bf2-a7cf-c772fde657ad-2023081905349%40blurHash%3DSkpBdiU7akB%2BV2pbJTJXQg%3D%3D.jpeg,1
804,Nevermind,L8-r09oi3a,800,https://s3.amazonaws.com/com.images.legiteem8/0550e63a-072d-4009-9963-a8702bc81190-202308116143.jpeg,1
805,,,350,,
806,,,500,,
807,,,250,,
808,,,600,,
809,,,300,,
810,,,700,,
811,,,800,,
812,,,200,,
813,Hanes Heavyweight,L8-87tud1f,100,https://s3.amazonaws.com/com.images.legiteem8/87aab1af-332c-4e24-ba57-236af2765fbc-2023080722246.jpeg,1
814,Rock Dreams Rolling Stones,L8-ds84ffe,75,https://s3.amazonaws.com/com.images.legiteem8/f0897b40-3b01-464a-843a-6f8febdeb85c-20230820185948.jpeg,1
815,Blue Grape,L8-61gkben,300,https://s3.amazonaws.com/com.images.legiteem8/44d96806-812f-4cab-8a26-ebf0d08964cd-20230820182933%40blurHash%3DSiNGWXJ0b0x%2BcG9MP2JqQA%3D%3D.jpeg,1
816,Outpatients “R” Us Med Gown,L8-8ah9agi,1000,https://s3.amazonaws.com/com.images.legiteem8/00039093-b199-439c-9c18-132056e879b3-20230817224025%40blurHash%3DSkZJNX1XLjl%2BcEUzdnlOSw%3D%3D.jpeg,1
817,Euro (Generic) ,L8-pf3n3jq,400,https://s3.amazonaws.com/com.images.legiteem8/acb299b5-44cf-4cd4-93e1-dae6c7e1664c-20230814171246%40blurHash%3DSkZGcng0P0h%2BWHh2TWVTZw%3D%3D.jpeg,1
818,Rapp Style,L8-1tacnj9,600,https://s3.amazonaws.com/com.images.legiteem8/4da3773e-7791-45f1-8da8-8a1a17000335-20230822123733%40blurHash%3DSjFBSitxXitJVXQ3MDA5Rw%3D%3D.jpeg,1
819,Mickey Inc,L8-0vks8kf,40,https://s3.amazonaws.com/com.images.legiteem8/cdb04d5f-383e-4022-939d-baeeed9499d8-2023081911149%40blurHash%3DSmJJWEJWIyx%2BV1hTY1phZQ%3D%3D.jpeg,1
820,Great Entertainment,L8-ubfjpet,200,https://s3.amazonaws.com/com.images.legiteem8/737733b7-bc13-401a-9ebc-23a823d021da-2023082011557%40blurHash%3DSjhGRmREK0B9aiwuWkwtVQ%3D%3D.jpeg,1
821,Chicago Bulls 3 peat ,L8-7wfosq8,300,https://s3.amazonaws.com/com.images.legiteem8/4bb80d70-a901-4ea1-ae6d-4fdfb7554de7-20230821153718%40blurHash%3DSi5IVUAya0N%2BcG9meGFvTA%3D%3D.jpeg,1
822,Hanes Top T,L8-agnjjo2,850,https://s3.amazonaws.com/com.images.legiteem8/ef06c3bf-5c66-4086-a58f-9e3c62e4f52b-2023082391017%40blurHash%3DSjdIeD82P0h%2BV3MuUktTMQ%3D%3D.jpeg,1
823,1980s? Heathers Promo Tee,L8-w8d84q3,200,https://s3.amazonaws.com/com.images.legiteem8/476002fe-6c3c-456f-bcfc-08dd0594d48d-2023082422814%40blurHash%3DSjBIeE5nMDAwMF9oMDBIPQ%3D%3D.jpeg,1
824,Anvil,L8-dma997o,550,https://s3.amazonaws.com/com.images.legiteem8/ca6c071c-4b8c-41e3-9df4-fa471f8311f5-2023082424158%40blurHash%3DSkdMOzEsflcwMFJqMDBSUA%3D%3D.jpeg,1
825,All Sport,L8-m4wvcuu,230,https://s3.amazonaws.com/com.images.legiteem8/e9a9c45f-bc22-424c-b0af-64afa402bacb-202308252051%40blurHash%3DSjJBQUglMDA5WTl2MDBfMw%3D%3D.jpeg,1
826,Giant,L8-p6tnglc,650,https://s3.amazonaws.com/com.images.legiteem8/02651347-149a-428e-9ac0-7aac4fb3eed0-2023082692554%40blurHash%3DSmJHQCpbfXNYVFNoRjFFZw%3D%3D.jpeg,1
827,Don't Buy The Lie Jesus T-Shirt,L8-pqjrknb,200,https://s3.amazonaws.com/com.images.legiteem8/5308ce86-61a8-489d-a768-c72f411b0466-2023082602518%40blurHash%3DSkpBVD1wdDcjWmFlX01vZg%3D%3D.jpeg,1
828,Screen Stars,L8-8shdw3w,150,https://s3.amazonaws.com/com.images.legiteem8/94273c63-1bdb-44b3-b129-5ba9f2325a9c-2023082751215%40blurHash%3DSlZILTdGfXJ0LEVqeFtOdw%3D%3D.jpeg,1
829,NIRVANA IN UTERO,L8-95ir9j9,960,https://s3.amazonaws.com/com.images.legiteem8/2c8bbd2d-9b94-4577-ac41-20dba60d8288-20230828123540%40blurHash%3DSkVHK0s6UmpfNCVMJU1ORw%3D%3D.jpeg,1
830,90s oasis tee,L8-n5ure3n,100,https://s3.amazonaws.com/com.images.legiteem8/8db0447f-8411-4fe5-8727-425b01ef5c3c-2023082713392%40blurHash%3DSlFFMndqSXB%2BVlNoLXBOZA%3D%3D.jpeg,1
831,RATM bombtrack/burning monk,L8-jiie8i8,500,https://s3.amazonaws.com/com.images.legiteem8/99f5afe4-4027-4d07-9dcd-45dee8da19ce-20230828135654%40blurHash%3DSjdEME14eVcqSi1UKzZOSA%3D%3D.jpeg,1
832,Giant by Tultex,L8-8danshp,2300,https://s3.amazonaws.com/com.images.legiteem8/87a4431e-dfd1-4c7a-b3d4-bf5ae1204e9b-20230829234049%40blurHash%3DSkJBQWdzVDE9cEQkX050Uw%3D%3D.jpeg,1
833,Nice Man,L8-sahw41d,175,https://s3.amazonaws.com/com.images.legiteem8/7eb460de-c5d0-4378-9880-c94da7b7152f-2023083023433%40blurHash%3DSkRLS2kua1h%2Bb3h0PV9vSg%3D%3D.jpeg,1
834,Fifth Column,L8-u6gs5n6,500,https://s3.amazonaws.com/com.images.legiteem8/25b3d053-e1ec-4b39-8b37-df2ffea85ded-2023083014056%40blurHash%3DSkJIeG1GJU1%2BVUlCMDB0Ug%3D%3D.jpeg,1
835,Hanes,L8-jbgdltb,75,https://s3.amazonaws.com/com.images.legiteem8/9414332a-92cd-456d-b3c6-8791ed40f158-20230830171559%40blurHash%3DSk1KUk46X05JVE14NFR0OA%3D%3D.jpeg,1
836,ACME,L8-jj10ruc,900,https://s3.amazonaws.com/com.images.legiteem8/4334b985-63a3-48f3-95e4-025df059fa04-2023082605152%40blurHash%3DSjlJRlNmP3cwMF9OMDBJVQ%3D%3D.jpeg,1
837,BackStage Pass,L8-gpaaue1,800,https://s3.amazonaws.com/com.images.legiteem8/eb47e242-6d16-4585-94e3-6b2eea2dec46-20230830162640%40blurHash%3DSjRLQkUjbSVVYmFhXkN%2BVQ%3D%3D.jpeg,1
838,Giant by Tultex,L8-1kmeugs,700,https://s3.amazonaws.com/com.images.legiteem8/f224eed3-783e-4e62-8cc8-cab147d191ad-20230830195749%40blurHash%3DSjVDJThILW9%2BcXhiMEtSKw%3D%3D.jpeg,1
839,Dinosaur Jr. - Green Mind,L8-5dolf8b,300,https://s3.amazonaws.com/com.images.legiteem8/5e7e052c-0f7e-430d-9429-0b8acfd8feb5-20230830194327%40blurHash%3DSjRJNVZ0fldJODAwP2N0Nw%3D%3D.jpeg,1
840,Fruit of the Loom,L8-gooklfn,250,https://s3.amazonaws.com/com.images.legiteem8/ea6ecb23-52b8-4f79-81db-290bbe8fde3e-2023083145019%40blurHash%3DSjQ3MVdWYWV%2BVlJqOXJJbw%3D%3D.jpeg,1
841,Euro (Generic) ,L8-0g3ns5q,700,https://s3.amazonaws.com/com.images.legiteem8/bc92eaee-0afd-4296-8c30-09fdb075771e-2023082604651%40blurHash%3DSkFLbmhdMDB%2BWC07MDBEJQ%3D%3D.jpeg,1
842,Wild Oats,L8-ermbslc,250,https://s3.amazonaws.com/com.images.legiteem8/bb74548b-aa7d-4436-b402-04f001939e51-202308261339.jpeg,1
843,Euro (Generic) ,L8-39nq4iw,150,https://s3.amazonaws.com/com.images.legiteem8/a36f3ded-e7c6-4ee5-94d6-d4de0fe15afe-202308267441.jpeg,1
844,Winterland,L8-uhiudpw,100,https://s3.amazonaws.com/com.images.legiteem8/01aa43c2-37bf-4677-8378-87f830e83f37-20230901225619%40blurHash%3DSkFDP0RmflY9e3Q2MDBEKg%3D%3D.jpeg,1
845,Anvil Black Tag,L8-0b8jccb,3000,https://s3.amazonaws.com/com.images.legiteem8/558cc243-f421-4260-b035-51daee69d36d-2023083017124%40blurHash%3DSkVCcE9jc21fTlg3P0hzbg%3D%3D.jpeg,1
846,Nirvana Mtv Unplugged in New York ,L8-9bbwntc,700,https://s3.amazonaws.com/com.images.legiteem8/3cfa5b74-9d51-4fff-b485-c3addafb8b24-2023090213476%40blurHash%3DSjhKYjIyMDB%2BcTAwMDB0UQ%3D%3D.jpeg,1
847,Screen Stars FOTL,L8-18v1ec3,2000,https://s3.amazonaws.com/com.images.legiteem8/028247d8-6f25-446e-9cad-7dbd11eeef88-2023090311460%40blurHash%3DSmVLX1JaeHV%2BcHQ2SVR0Ng%3D%3D.jpeg,1
848,Brockum,L8-grasour,400,https://s3.amazonaws.com/com.images.legiteem8/2f93af12-4a78-4d2c-9bd6-2e5570138d97-20230903164443%40blurHash%3DSmpFZS4zUmt%2BVlJrP2FXQg%3D%3D.jpeg,1
849,1994 Pulp Fiction Movie Promo,L8-c3rd46g,600,https://s3.amazonaws.com/com.images.legiteem8/c02d4aea-5a23-4bc6-840a-95fe44829150-2023090354313%40blurHash%3DSmRHW0FATXtPLnhbfUBpXw%3D%3D.jpeg,1
850,Stedman Hi-Cru,L8-4akcs73,6500,https://s3.amazonaws.com/com.images.legiteem8/4ad88cef-2cb9-490f-8fb0-12e90bca02a4-20230903192940.jpeg,1
851,Metallica ,L8-me6niro,20,https://s3.amazonaws.com/com.images.legiteem8/1fef8927-3259-45dc-8000-7c65e382ad9c-20230905185157%40blurHash%3DSlVIVjBSUmt%2BVVdFdnxXWA%3D%3D.jpeg,1
852,All Style,L8-dwg9hco,35,https://s3.amazonaws.com/com.images.legiteem8/00d1841d-465f-4cb1-bcb7-827e8ad046e4-2023090501930%40blurHash%3DSkhFX2RRfXNLakYweUNOSA%3D%3D.jpeg,1
853,AAA,L8-6tvgp0j,150,https://s3.amazonaws.com/com.images.legiteem8/ce728bef-a6e4-4153-91e1-36b59c57f878-20230906125346%40blurHash%3DSjZMTnJnP0g0VElVfnBNew%3D%3D.jpeg,1
854,1991 Spider-Man AOP,L8-bbsvo7w,200,https://s3.amazonaws.com/com.images.legiteem8/02e59e38-f94a-4472-992a-df60f6d8f0c8-20230907121312%40blurHash%3DSk5LVDtdXzJ%2BVklWLTpvZQ%3D%3D.jpeg,1
855,Winterland,L8-54ltvv9,120,https://s3.amazonaws.com/com.images.legiteem8/cb224cd9-749e-43f6-ad97-75da14d1e144-2023090917436%40blurHash%3DSktEY2o6b3p%2BcG9mLW9heQ%3D%3D.jpeg,1
856,Winterland,L8-9tskqkh,120,https://s3.amazonaws.com/com.images.legiteem8/92d5cabc-a379-43c1-9798-3f99e4e3d1cb-2023090917374%40blurHash%3DSllGNkZIb2Z%2BcG9lLTpheQ%3D%3D.jpeg,1
857,Fruit of the Loom,L8-osa9wak,100,https://s3.amazonaws.com/com.images.legiteem8/1bfbef4b-f586-411a-af7f-3a79ed6f9f0e-20230908223523%40blurHash%3DSkNEY1hTXit%2BcC07P2F4dA%3D%3D.jpeg,1
858,Shutter Island,L8-4s0t0b6,60,https://s3.amazonaws.com/com.images.legiteem8/2cbeb4d9-29f2-4275-8b64-8078ced09198-20230908224141%40blurHash%3DSjRFTUw3flYtT35WP0YtVA%3D%3D.jpeg,1
859,Kurt Cobain Teen Spirit USA Tee,L8-fltboh8,700,https://s3.amazonaws.com/com.images.legiteem8/f2b2663b-92d7-4010-ba4b-662e07faf8a1-202309090447%40blurHash%3DSjlGWDttfXJ%2BV0k6TV49ew%3D%3D.jpeg,1
860,Stone Cold Steve Austin 3:16 ,L8-6jchlu7,350,https://s3.amazonaws.com/com.images.legiteem8/66dc2a6a-6f22-4dff-8efc-4d0fd7bd3d41-2023091013020%40blurHash%3DSk5FeVZvVz1%2BcGFldDdhZQ%3D%3D.jpeg,1
861,Kevin Nash Wo wolf Pac Sting ,L8-qwbu2g4,175,https://s3.amazonaws.com/com.images.legiteem8/fadb799c-1e04-4325-8537-9dc055b10d12-2023091011242%40blurHash%3DSkdGUEI0eF5%2BcSVNSVZ4dA%3D%3D.jpeg,1
862,Undertaker I got minenin Hell wrestling t shirt,L8-g63vt14,150,https://s3.amazonaws.com/com.images.legiteem8/3f07f6a2-9d0c-4176-8755-796e5efb7014-2023091012555%40blurHash%3DSmdHWytsdFJ%2BcXh1P2J4dQ%3D%3D.jpeg,1
863,The Rock Wrestling T Shirt,L8-qw4b14e,200,https://s3.amazonaws.com/com.images.legiteem8/7928eb42-2cb1-46e6-a89b-2998f0d1639d-202309101211%40blurHash%3DSklGaVN6JSN%2BcVIqUipXQg%3D%3D.jpeg,1
864,Screen Stars Best,L8-jnmi6kv,450,https://s3.amazonaws.com/com.images.legiteem8/5e1a01e1-a869-41fe-96aa-11a7386fb974-2023091023915%40blurHash%3DSlpMRGlJNG9%2BVj9IeFt0Ug%3D%3D.jpeg,1
865,Screen Stars Best,L8-dv6tqo2,1000,https://s3.amazonaws.com/com.images.legiteem8/1ecdfcf5-5e48-4ac8-9468-95c0bc10410a-2023091015716.jpeg,1
866,Tiger Woods Rap tee,L8-nt6qdmd,350,https://s3.amazonaws.com/com.images.legiteem8/8d818b44-6093-4104-9c3e-d83a9c2bde1f-20230912163717%40blurHash%3DSlNFe2s4dFJ9W29nP3RrVw%3D%3D.jpeg,1
867,Soft Tee,L8-kipmb5p,160,https://s3.amazonaws.com/com.images.legiteem8/bd3c72d5-2c72-45f0-b3f2-7dce1c5a4e99-202309122942%40blurHash%3DSjRGRmRFflYwMEQqMDBORw%3D%3D.jpeg,1
868,metallica pre tour jerry cantrel,L8-9deah9a,250,https://s3.amazonaws.com/com.images.legiteem8/85718f68-4c1f-44f0-aec2-c3f115187851-20230912101031%40blurHash%3DSjE2dHxJJVB%2BRlc5NCxhXw%3D%3D.jpeg,1
869,death leprosy sweatshirt,L8-1wwajs5,250,https://s3.amazonaws.com/com.images.legiteem8/860954a6-5a7c-4ca9-bd15-4cdc0f18d760-20230912213647%40blurHash%3DSldFMjUqLVZ9P2JJd11FTQ%3D%3D.jpeg,1
870,1981 Iron Maiden Purgatory Killer World Tour,L8-7mvijwh,500,https://s3.amazonaws.com/com.images.legiteem8/1a8ea829-c91b-4866-9373-eea0671b2c08-20230913151637%40blurHash%3DSnpIZWQqUlB%2BcGFlXzJSag%3D%3D.jpeg,1
871,1980 Motörhead Deutschland Live ,L8-k38k3ie,400,https://s3.amazonaws.com/com.images.legiteem8/cc60d8e3-57cf-4324-a963-4c5825bd312e-20230913152938%40blurHash%3DSi5GcjtTV0J%2BVldCP2JheQ%3D%3D.jpeg,1
872,Handtex,L8-7h8i1ee,750,https://s3.amazonaws.com/com.images.legiteem8/c20363cc-9a6a-4db3-90ae-5ae4ce7248fa-202309140310%40blurHash%3DSlFGaWYzfnA0b0UxNG9ORw%3D%3D.jpeg,1
873,Delta,L8-p3tuech,80,https://s3.amazonaws.com/com.images.legiteem8/926b6779-6262-4bb1-b870-26c8fd131c6a-2023091435142.jpeg,1
874,iceberg donald duck ,L8-4g2hv78,50,https://s3.amazonaws.com/com.images.legiteem8/05a77573-12b4-4511-9d83-09655a929d87-2023091316445%40blurHash%3DSktKJD1uSUF9LVJvb3VOZQ%3D%3D.jpeg,1
875,Armageddon,L8-0epivjb,100,https://s3.amazonaws.com/com.images.legiteem8/875060f8-3db6-4517-ae17-59d7abd1265e-20230914171255%40blurHash%3DSjlGJE93XiteKi1wflYlTQ%3D%3D.jpeg,1
876,Hanes,L8-ehv0379,250,https://s3.amazonaws.com/com.images.legiteem8/3786a4e6-0a5b-43d4-b0b4-e6d0437fd0f4-20230914175835%40blurHash%3DSkxJX3lNfUZ8X1IqbTdORw%3D%3D.jpeg,1
877,Euro (Generic) ,L8-s889upt,3000,https://s3.amazonaws.com/com.images.legiteem8/942add35-b7b8-4316-9aa8-a5e0fbd36546-20230910235624%40blurHash%3DSmRFb2JAbiReaGtCfD1iYQ%3D%3D.jpeg,1
878,"Led Zeppelin last concert/tour shirt ""Over Europe Tour 1980""",L8-e7lma0o,500,https://s3.amazonaws.com/com.images.legiteem8/24f33b30-3724-4c8e-a00a-71260efaae94-2023091483236%40blurHash%3DSmFGNlV3TXt%2Bb1dFfm9XRQ%3D%3D.jpeg,1
879,Jerzees,L8-27rthvr,180,https://s3.amazonaws.com/com.images.legiteem8/50dd0e85-1647-4019-b6e2-1b45cb9806dc-202309126233%40blurHash%3DSjlLVFZyMDAua19NMDBOYg%3D%3D.jpeg,1
880,Hanes Heavyweight,L8-utgekw2,800,https://s3.amazonaws.com/com.images.legiteem8/b12041d3-fd78-489e-8dcc-dc446531bad3-20230915204136%40blurHash%3DSk5OXSxbeEkubW91eUJrOA%3D%3D.jpeg,1
881,Nirvana - Vestibule ,L8-bnoivwt,500,https://s3.amazonaws.com/com.images.legiteem8/0a98eb86-b4d1-4eca-b77b-23b4e80a1c29-2023091520575%40blurHash%3DSkdHbENZXipeI2Fkfm5zKw%3D%3D.jpeg,1
882,Penmans,L8-1jmtw17,25,https://s3.amazonaws.com/com.images.legiteem8/1c82a690-a912-421e-8ac9-e0e25883270d-20230916142017%40blurHash%3DSlRILXV2flVuZ3M6V0R4dQ%3D%3D.jpeg,1
883,Oneita Power-T,L8-63w5j9t,200,https://s3.amazonaws.com/com.images.legiteem8/a6eed394-1d76-486b-bb94-2f0d8d410ca3-20230915204936%40blurHash%3DSk5KYT1oUmtfMXQ3fnB0Ug%3D%3D.jpeg,1
884,Fruit of the Loom,L8-2v5nt1d,150,https://s3.amazonaws.com/com.images.legiteem8/bc39f217-d7b7-44b2-a4cc-1cf2602bff06-2023091621722%40blurHash%3DSkNGRV9yJTN9LG9nNG1Saw%3D%3D.jpeg,1
885,Giant by Tultex,L8-36qbh1f,2300,https://s3.amazonaws.com/com.images.legiteem8/3cc8da4f-3ce4-4501-be83-161f056ebd03-20230915211123%40blurHash%3DSkhGNVEtfkFCOzB6XzIkJA%3D%3D.jpeg,1
886,Brockum,L8-99hw6lg,800,https://s3.amazonaws.com/com.images.legiteem8/c775cd46-5360-442b-bc69-735e650a1137-2023091521472%40blurHash%3DSkNEY1I5eHV%2BcG9mUmpmUA%3D%3D.jpeg,1
887,Fruit of the Loom Heavy,L8-s3umt0c,1500,https://s3.amazonaws.com/com.images.legiteem8/9b52193e-373b-486d-a76e-bbc951ab9308-2023091734524%40blurHash%3DSmxHOFRKfkIlTHRRWDRrVg%3D%3D.jpeg,1
888,Screen Stars,L8-nit7bgo,600,https://s3.amazonaws.com/com.images.legiteem8/20aab5b6-01be-4942-a9d6-f294d15efeeb-2023091733830%40blurHash%3DSkNNUjc0WThsOi1vMDBFMQ%3D%3D.jpeg,1
889,“Death” Metal Band Logo Tee,L8-sda4kls,30,https://s3.amazonaws.com/com.images.legiteem8/bc17bdd2-4060-46b6-bce4-24fd2466a3c3-2023091718025%40blurHash%3DSmZFLkBIall%2BcG9mP2Fqcw%3D%3D.jpeg,1
890,Mickey & oO,L8-cgv4h93,50,https://s3.amazonaws.com/com.images.legiteem8/e36bc97f-16b2-4e72-a1b4-91f90dc918e3-2023091316198%40blurHash%3DSlJJNTleUi5%2BcW99TXhXQg%3D%3D.jpeg,1
891,jnco sweater ,L8-4a92as3,50,https://s3.amazonaws.com/com.images.legiteem8/97277cac-2832-40bf-a482-71fc1d98b701-20230917221549%40blurHash%3DSnFMMl4lb0oubGJILT1qXQ%3D%3D.jpeg,1
892,Gildan Active Wear,L8-to6fwea,50,https://s3.amazonaws.com/com.images.legiteem8/8c78629b-0f90-47d1-b127-bb65da351650-20230917172647%40blurHash%3DSklEKzsqUlB%2BViVMTXxvZg%3D%3D.jpeg,1
893,Fruit of the Loom Heavy,L8-lvkbd37,600,https://s3.amazonaws.com/com.images.legiteem8/c37a3b7d-ca18-479d-89b5-a14340568ccb-2023091618633%40blurHash%3DSkREOXFeLkEtbTlhbkx4VA%3D%3D.jpeg,1
894,Giant by Anvil,L8-kf56enh,500,https://s3.amazonaws.com/com.images.legiteem8/750c874b-99a2-477c-9a35-ec5f5137eae1-202309182452%40blurHash%3DSjVKQGFsNFUwMn5vMDBFbA%3D%3D.jpeg,1
895,Lame Fest UK 1989,L8-jab4tfr,1700,https://s3.amazonaws.com/com.images.legiteem8/06bb99c4-4e7b-44c5-b2e1-3467f0e5034d-20230918181650%40blurHash%3DSlNHKnBHK3Z%2BVlJQb3lORw%3D%3D.jpeg,1
896,Austin Millenium “Have a Nice Millenium” Y2K Tee,L8-57but6w,80,https://s3.amazonaws.com/com.images.legiteem8/528f51c3-2241-42a8-a2fa-27226a432612-2023091912242%40blurHash%3DSkVDNmZGVj9%2BVnQ2XiVheQ%3D%3D.jpeg,1
897,Screen Stars,L8-imcj9ig,400,https://s3.amazonaws.com/com.images.legiteem8/956ef9b0-fda7-46a0-ab72-9bcfc1b50a45-2023091714324%40blurHash%3DSkRCVnxpOXV%2BVkUyOXUtVQ%3D%3D.jpeg,1
898,Liquid Blue,L8-52fki9s,225,https://s3.amazonaws.com/com.images.legiteem8/2f62079d-fe9e-4ed8-a9f5-3878938d49d3-20230919135956%40blurHash%3DSlFIVkczenAtSE9xX0Fqew%3D%3D.jpeg,1
899,3D Emblem-Harley,L8-2kvihsp,75,https://s3.amazonaws.com/com.images.legiteem8/bbee68b9-a557-41a3-bc7b-c841419cd61a-2023092183418%40blurHash%3DSmRHW3NIfnE0bklVdFJSag%3D%3D.jpeg,1
900,2pac all eyez on me,L8-9uto14t,80,https://s3.amazonaws.com/com.images.legiteem8/d31f3c1d-c86d-4a22-9bf7-5d1c166c11a3-20230922194111%40blurHash%3DSmtFLjtHanN%2BVm9LP2FheA%3D%3D.jpeg,1
901,Nirvana North American Tour,L8-4l75g1f,600,https://s3.amazonaws.com/com.images.legiteem8/de6bbd8d-ed46-44b4-9408-87523c332bf2-2023092118355%40blurHash%3DSmRFVmMrcy1%2BVXMuLVVvZg%3D%3D.jpeg,1
902,Pearl Jam Enjoy Shirt ,L8-lwisg5d,150,https://s3.amazonaws.com/com.images.legiteem8/a78ca79c-c97c-45c6-aea2-97896f334068-20230922231231%40blurHash%3DSlJILXV1UjVfTnh1cEpXcQ%3D%3D.jpeg,1
903,Screen Stars,L8-k42wmb8,250,https://s3.amazonaws.com/com.images.legiteem8/5db97d7f-19b2-4d04-894e-3e18af229950-2023092322518%40blurHash%3DSlVFM0pCczp%2BcG9mP0hqXQ%3D%3D.jpeg,1
904,Fruit of the Loom Heavy,L8-m70iw8l,350,https://s3.amazonaws.com/com.images.legiteem8/cebc6548-83fd-4771-9f49-0c5569cb7070-202309244051%40blurHash%3DSlFDJD1rSW9%2BVUlWJHtNfA%3D%3D.jpeg,1
905,Makaveli The Don Rap tee,L8-eg91t9o,450,https://s3.amazonaws.com/com.images.legiteem8/e55010d4-6307-4143-a0ed-1d2402158275-20230924171718%40blurHash%3DSkhBQVVHSVZ%2BcElvfnBNew%3D%3D.jpeg,1
906,Giant,L8-h3twj1b,2000,https://s3.amazonaws.com/com.images.legiteem8/015b2ffc-fa27-48d8-b4d4-468cc88eeaef-202309230239%40blurHash%3DSklCfDd7LTp%2BVy06b3wlTQ%3D%3D.jpeg,1
907,marilyn manson hooded sweatshirt,L8-4vtiu57,100,https://s3.amazonaws.com/com.images.legiteem8/39c7d1b9-e36b-4216-a53b-a66ebb6c2b3e-2023092618519%40blurHash%3DSmFKJTokfT1JVVZbRGotcA%3D%3D.jpeg,1
908,Anvil,L8-g8ahb6r,80,https://s3.amazonaws.com/com.images.legiteem8/8567bdfc-2827-48a0-bd92-c6bf1eee15e1-20230927191151%40blurHash%3DSkRJO0BwOzh1Mz9eLTpEJA%3D%3D.jpeg,1
909,Hanes,L8-vgkrjvj,500,https://s3.amazonaws.com/com.images.legiteem8/38c2dceb-b885-434e-9ea3-a53bcba67b1c-20230927194117%40blurHash%3DSkdFb29tb2p1UHRQNTRzKg%3D%3D.jpeg,1
910,Brockum,L8-j42o7cc,1100,https://s3.amazonaws.com/com.images.legiteem8/89c6e1a0-f458-4eec-931f-573accb48409-202309250216%40blurHash%3DSlhHSW8teHVfM0lVfnF4dQ%3D%3D.jpeg,1
911,Sof Tee ,L8-l7f3iob,200,https://s3.amazonaws.com/com.images.legiteem8/b4e01a7d-faa4-46e4-affc-5b42437de34c-202309256825%40blurHash%3DSjJBVFdhMDBFNklvMDB%2BVw%3D%3D.jpeg,1
912,Rockit,L8-ogi6mip,200,https://s3.amazonaws.com/com.images.legiteem8/8d494c35-dfa2-4765-810d-65e0b548b94a-20230927172547%40blurHash%3DSmRIQnJHfnAtbnMueFdSag%3D%3D.jpeg,1
913,Liquid Blue,L8-p488mtc,300,https://s3.amazonaws.com/com.images.legiteem8/a94277ca-2cd6-4795-af8a-7c2f1fa170e6-20230927193535%40blurHash%3DSlhFLnxpdDd%2Bb1dBXzNvZw%3D%3D.jpeg,1
914,Anvil,L8-ks1q9ib,350,https://s3.amazonaws.com/com.images.legiteem8/811a193c-e8fa-40ab-b333-59165021b226-202309293242%40blurHash%3DSlJCOlQlZjZ%2BV3Q3P0hvTA%3D%3D.jpeg,1
915,bulls rap tee,L8-68563qc,350,https://s3.amazonaws.com/com.images.legiteem8/c157a214-7d91-47fc-a04e-f2b8123b6a00-20230929233359%40blurHash%3DSmdGaDtXV0J%2BVmpAP0dhZQ%3D%3D.jpeg,1
916,Hanes Ultraweight,L8-1sd14s7,250,https://s3.amazonaws.com/com.images.legiteem8/58b3793d-4639-4ac0-a7f7-813993557921-2023093094421%40blurHash%3DSjhGJUd0dFROQiVQfSN4Xg%3D%3D.jpeg,1
917,Winterland Productions,L8-ni5bh7k,300,https://s3.amazonaws.com/com.images.legiteem8/d962cc29-b884-470e-bd6f-5307d169598c-20230930142526%40blurHash%3DSkNFQ1VvTE40LjlFMDBeKg%3D%3D.jpeg,1
918,nirvana in utero never mind,L8-wwhhiso,270,https://s3.amazonaws.com/com.images.legiteem8/afb201ef-b83f-42a9-99c1-d4ca9dec0493-202309291402%40blurHash%3DSjNBSnNFfXEweDVsfVteUQ%3D%3D.jpeg,0
919,All Sport,L8-aofcfh7,200,https://s3.amazonaws.com/com.images.legiteem8/bdc22ba8-67e7-48a2-9661-b77f6a3bc4cd-2023100211344%40blurHash%3DSkJDP1dGO316b31bIzg9SA%3D%3D.jpeg,1
920,Harley Davidson,L8-ugm9joj,300,https://s3.amazonaws.com/com.images.legiteem8/aba82115-fdda-451a-8407-50f6564abfd8-20231001223949%40blurHash%3DSk5CcCV9LjlfNHQ4STpNXw%3D%3D.jpeg,1
921,Brockum,L8-3nm6lcj,3000,https://s3.amazonaws.com/com.images.legiteem8/ab0bdf0f-59f1-4eed-9a65-0e8c959757a0-202310020025%40blurHash%3DSjJCe29wb3p%2BcGJiMEFzOg%3D%3D.jpeg,1
922,Giant by Tee Jays,L8-alq9s9c,1000,https://s3.amazonaws.com/com.images.legiteem8/1a0b3355-527e-4294-a630-d4d2c62f9cc4-2023100121627.jpeg,1
923,BVD,L8-lpf7shf,50,https://s3.amazonaws.com/com.images.legiteem8/68bdec46-563d-4e05-a5c3-65de0a17a486-20231002185235%40blurHash%3DSkVFZXkkTX0tYXQ4SFl0QQ%3D%3D.jpeg,1
924,Spring Ford,L8-6djkvpn,100,https://s3.amazonaws.com/com.images.legiteem8/d0b6a3a0-d612-41f5-bbea-01254629df12-20231002214434%40blurHash%3DSjJBbXJCflZ9NHQ3MDBTaQ%3D%3D.jpeg,1
925,Smashing Pumpkins  - Leave Me Alone,L8-okrgu37,170,https://s3.amazonaws.com/com.images.legiteem8/5e5da8f2-b4f4-49f6-8381-4aa550e8ad3a-20231003145242%40blurHash%3DSlJIZk01eUV4W1I0X054dg%3D%3D.jpeg,1
926,Giant,L8-rc2a0pj,1000,https://s3.amazonaws.com/com.images.legiteem8/9316f7f6-437c-463e-a87d-17022847ade8-2023100313334%40blurHash%3DSkdJI3J5JU14YW9mfnF0Nw%3D%3D.jpeg,1
927,Hanes Ultraweight,L8-m83gvdk,500,https://s3.amazonaws.com/com.images.legiteem8/58afcfc1-55bd-4b72-85ae-ce67f516712b-20231004124534%40blurHash%3DSjhHayVuMDB9c141MDBvdQ%3D%3D.jpeg,1
928,Harley Davidson,L8-ejmvgg9,50,https://s3.amazonaws.com/com.images.legiteem8/c2e99f30-14b9-41cc-b02f-47804ae0e71b-20231005202535%40blurHash%3DSkBJPURUa0R%2BcW9mJU1qWw%3D%3D.jpeg,1
929,Hanes Heavyweight,L8-4gbwser,50,https://s3.amazonaws.com/com.images.legiteem8/740ee233-2d24-4db3-af2e-266ed6b8699c-202310072121%40blurHash%3DSllGRUd3YWl9WFIucjtJOw%3D%3D.jpeg,1
930,Harley Davidson,L8-fqtrcme,50,https://s3.amazonaws.com/com.images.legiteem8/996ee668-7a77-4ab2-bd85-9b3add38d81d-2023100623385%40blurHash%3DSmZDc0hpa0J%2BVm9mXzJrQw%3D%3D.jpeg,1
931,Hanes Beefy T,L8-g998ek9,1250,https://s3.amazonaws.com/com.images.legiteem8/93f4b3e9-4665-495f-968f-cf024242e3b0-20231007132352.jpeg,1
932,Brockum,L8-mr167jk,500,https://s3.amazonaws.com/com.images.legiteem8/49dfc24c-2038-4b2b-8948-68fd3aa83b7b-2023092964859.jpeg,1
933,Smashing Pumpkins Machina II,L8-qmrigbu,43,https://s3.amazonaws.com/com.images.legiteem8/aef0c408-b10f-4faf-9a00-f60be71072da-2023100821738%40blurHash%3DSlFDPSptfVske1ctLW50Ng%3D%3D.jpeg,1
934,J's T's,L8-cubo0wk,1000,https://s3.amazonaws.com/com.images.legiteem8/0df06557-a571-4123-8cff-30cf90986569-2023100918563%40blurHash%3DSjRBLExDfUBDNjVtMDFSNg%3D%3D.jpeg,1
935,Hanes Beefy T,L8-p1uan9e,1250,https://s3.amazonaws.com/com.images.legiteem8/db4590b0-a81b-4396-85e1-821e524d2bbd-2023100931216%40blurHash%3DSjJHbGJnXXswMC5BMEcwMA%3D%3D.jpeg,1
936,Anvil,L8-evncttb,350,https://s3.amazonaws.com/com.images.legiteem8/e5c24d49-7019-4e88-b3b7-76cb5ea45972-20231010214458%40blurHash%3DSjVEK19DP3cuOE14Y0VNeA%3D%3D.jpeg,1
937,Selena Dreaming of you Rap tee,L8-r4qq7f1,600,https://s3.amazonaws.com/com.images.legiteem8/99eecc0c-6d35-419c-9903-b894f97b4406-20231010465%40blurHash%3DSmVHOFdVeFkkJHhaflUlMg%3D%3D.jpeg,1
938,1996 Ghost in the Shell ,L8-7qcwbe7,1000,https://s3.amazonaws.com/com.images.legiteem8/ea7b8ced-4306-410a-84ae-5b166199b54e-20231011181012%40blurHash%3DSm9FMixeUmp%2BVFIrXiVheA%3D%3D.jpeg,1
939,Winterland,L8-suk8fea,125,https://s3.amazonaws.com/com.images.legiteem8/177e18f4-8328-4949-9a1d-ff249ddfe072-2023101375456%40blurHash%3DSkFKUjhOSUFpYX5xJTJNeA%3D%3D.jpeg,1
940,Dr.Dre in bud we trust ,L8-47cvahu,600,https://s3.amazonaws.com/com.images.legiteem8/68cc3701-d517-4ecb-92bb-8f5749767a2f-20231013201817%40blurHash%3DSlNCZlUkJTF%2BQXhaPV9vSw%3D%3D.jpeg,1
941,Summer Club,L8-6oqb725,180,https://s3.amazonaws.com/com.images.legiteem8/57611330-d967-44a8-8803-dfdef065fae3-20231013203045%40blurHash%3DSktJO3d8PXt%2BVnh0ME1NfQ%3D%3D.jpeg,1
942,2Pac late 90s memorial crewneck ,L8-3a3bbab,700,https://s3.amazonaws.com/com.images.legiteem8/07482a03-a902-49af-995e-5e79741b351a-20231014165036%40blurHash%3DSlZDWnQ7V0J%2BOGF5fkFhZQ%3D%3D.jpeg,1
943,Winterland,L8-lfob2jr,250,https://s3.amazonaws.com/com.images.legiteem8/ad10561a-bfc0-4dcb-a819-1a4015809324-20231014213952%40blurHash%3DSldFe2EkU059dFNPXipSLA%3D%3D.jpeg,1
944,Stedman by Hanes,L8-3tr8r7t,80,https://s3.amazonaws.com/com.images.legiteem8/7686fdd3-0e9c-4a90-9346-f2215d1c00ae-20231016174741%40blurHash%3DSkpJNVYjMUFfNG8jJUpuZw%3D%3D.jpeg,1
945,Hanes Beefy T,L8-mcsqnea,500,https://s3.amazonaws.com/com.images.legiteem8/662502f1-a849-4b9f-865a-0896bb4450eb-20231016223445%40blurHash%3DSkZKKnIzfnFvY29mMDBXOw%3D%3D.jpeg,1
946,Screen Stars,L8-bop7lts,150,https://s3.amazonaws.com/com.images.legiteem8/ad6c803d-709d-4e5c-9ae0-9c36e19f8bd6-20231016151038%40blurHash%3DSktDWkNSV0I5dVdDfldSaw%3D%3D.jpeg,1
947,Hanes Ultraweight,L8-5lqmq28,150,https://s3.amazonaws.com/com.images.legiteem8/08ab24ad-1e9a-464d-9da6-78813f1ea538-202310161545%40blurHash%3DSkhMTmkzTXhYV017LlRheQ%3D%3D.jpeg,1
948,Screen Stars,L8-gssu9a1,200,https://s3.amazonaws.com/com.images.legiteem8/27182740-0a11-4083-958d-2bb5811dfe84-20231016145548%40blurHash%3DSlpLMXpSVkB%2BVldFNDpXQg%3D%3D.jpeg,1
949,Brockum USA,L8-o2rua2g,150,https://s3.amazonaws.com/com.images.legiteem8/738ad955-9a92-437b-b9db-bc8d8c510c5a-2023101614448%40blurHash%3DSkdDUCM0dDdSb29MfnFvZg%3D%3D.jpeg,1
950,Anvil Black Tag,L8-6um0l3s,100,https://s3.amazonaws.com/com.images.legiteem8/4c32a360-cbcb-4b7a-9332-27e5a852ae02-20231016143643.jpeg,1
951,Nile Australia,L8-tq1c5o0,175,https://s3.amazonaws.com/com.images.legiteem8/d83a294d-3eb8-4ea1-a0ad-77f692baa9a1-20231016143152.jpeg,1
952,Bob Dylan Tom Petty and the Heartbreakers ‘86 Japan Tour,L8-8lhkhpb,125,https://s3.amazonaws.com/com.images.legiteem8/4bf9cd4f-a0ca-48f9-8b4f-034a99b93f40-2023101613728%40blurHash%3DSlBBd2wxYWQkSG96X05qWg%3D%3D.jpeg,1
953,Sonatex Canada,L8-qutl07c,150,https://s3.amazonaws.com/com.images.legiteem8/e38a673e-5bb7-4015-a2cc-edaca903c3f0-20231016124835%40blurHash%3DSklMTlYrJU1Za1dCI0JzOg%3D%3D.jpeg,1
954,Signal,L8-6l2lv48,50,https://s3.amazonaws.com/com.images.legiteem8/eb91eaad-fbcb-4c36-a54a-0dbee52e0ab6-20231016125715%40blurHash%3DSk5KUkJRdFJfNHhHU2RiWQ%3D%3D.jpeg,1
955,"Bob Dylan Japan, Australia, New Zealand Tour ‘78",L8-3uck3hp,600,https://s3.amazonaws.com/com.images.legiteem8/e2aa2406-a9ba-4d39-96af-c6ad818a06f8-2023101613134%40blurHash%3DSkdDUC1HV0J4dXQ3fnBheQ%3D%3D.jpeg,1
956,Ched by Anvil,L8-pb1w02f,125,https://s3.amazonaws.com/com.images.legiteem8/492401b2-c2a7-42b6-bcc5-5c256b4cc9e3-20231016122241%40blurHash%3DSk1EYyxpdC5%2BM24xRTRYQQ%3D%3D.jpeg,1
957,Health Loom,L8-h71h2u2,75,https://s3.amazonaws.com/com.images.legiteem8/b2158dc2-b058-4dd2-aa68-149901828111-20231016121151%40blurHash%3DSjhNaixOfnBFMXQ4LVdJVQ%3D%3D.jpeg,1
958,Hanes,L8-r6keoc8,200,https://s3.amazonaws.com/com.images.legiteem8/b2db486d-0780-4a43-822f-6d0aec771bf8-20231016123616%40blurHash%3DSmZHSTdhd3tfTk5iflZuaQ%3D%3D.jpeg,1
959,Ched by Anvil,L8-1ls4lm0,100,https://s3.amazonaws.com/com.images.legiteem8/bc328150-fc60-42a9-aa3c-7989db2f92e7-20231016124146%40blurHash%3DSkxNN2NHJUxfTk17eHZXQg%3D%3D.jpeg,1
960,Bob Dylan and the Traveling Wilburys,L8-fh7v2aw,350,https://s3.amazonaws.com/com.images.legiteem8/0ff3a04e-649c-4e49-ae00-9074c97b58c4-20231016122916%40blurHash%3DSkhNanArVnNfTVJrNFRSUA%3D%3D.jpeg,1
961,Tultex Maximum Sweats,L8-477qvtf,200,https://s3.amazonaws.com/com.images.legiteem8/a2ddb1af-dcbc-4014-8a77-9ea8750dd0e2-2023101617357%40blurHash%3DSktJI3guSVZ%2BVURoLTpSUA%3D%3D.jpeg,1
962,GEM,L8-qm4c745,850,https://s3.amazonaws.com/com.images.legiteem8/41de4447-7d55-458b-a759-8f944c1c6369-20231011165648%40blurHash%3DSjNEKzs9NG9%2BVy1wMDAwTA%3D%3D.jpeg,1
963,Fruit of the Loom USA,L8-w142oln,100,https://s3.amazonaws.com/com.images.legiteem8/9718e65d-c921-4af1-8a36-8d9ca1e2ff00-20231016174151%40blurHash%3DSlBLeDNkNXN%2BVSVMJTAlMA%3D%3D.jpeg,1
964,Giant by Tee Jays,L8-r228krn,245,https://s3.amazonaws.com/com.images.legiteem8/ad6d3a48-9905-4189-982a-bf0e7717cbe3-20231018165234%40blurHash%3DSkFCLl00fSswIzVCJGYtVg%3D%3D.jpeg,1
965,Fruit of the Loom,L8-ie96b7g,450,https://s3.amazonaws.com/com.images.legiteem8/4851b7b3-3782-4a2b-9383-9f451de3ddb7-20231018192715%40blurHash%3DSkdLS3lWfnFhMWY2MDBJVQ%3D%3D.jpeg,1
966,Murina,L8-equrlje,300,https://s3.amazonaws.com/com.images.legiteem8/e19f1fd1-121f-45aa-a8ea-e0c0e5fe5b8c-20231018223927%40blurHash%3DSjlEU21fb2Z%2BcGF5MDBzOg%3D%3D.jpeg,1
967,Harley Davidson,L8-7j81lhb,200,https://s3.amazonaws.com/com.images.legiteem8/9f44871f-f03a-45bc-a07c-e36f68146b63-2023101922825%40blurHash%3DSjdCe1tafkF%2BQiQlPXYtVA%3D%3D.jpeg,1
968,AKIRA AOP ,L8-v5v5m3a,3000,https://s3.amazonaws.com/com.images.legiteem8/3ac543c7-89dc-4d40-91ef-81f02dc0da25-2023101315213%40blurHash%3DSkNHW2kje2Y2eXhhMDAxSQ%3D%3D.jpeg,1
969,Polo Ralph Lauren,L8-3640me7,800,https://s3.amazonaws.com/com.images.legiteem8/321ec2d9-dd69-4e6d-a6ad-a5b54ebdcb11-2023101925628%40blurHash%3DSnlIZVg6eHR%2BcFc9XipvSg%3D%3D.jpeg,1
970,Giant by Tee Jays,L8-kcahd4h,800,https://s3.amazonaws.com/com.images.legiteem8/b8ba5060-39f1-4254-8ecc-ae2347b8b933-20231019184636%40blurHash%3DSjdMWDlbRGowMH5xMDBEJA%3D%3D.jpeg,1
971,red hot chili peppers 1991,L8-37uej2b,300,https://s3.amazonaws.com/com.images.legiteem8/3be9131e-afca-4008-9d64-f751defa1628-20231018192357%40blurHash%3DSkZLLCR%2BXiswZU14UTdSaw%3D%3D.jpeg,1
972,American Sportswear,L8-kb7i9dg,750,https://s3.amazonaws.com/com.images.legiteem8/c1ddbf71-27fd-48b4-ad26-ad6c39385497-202310210725%40blurHash%3DSjJJNU1RflYwMC07MDAlMg%3D%3D.jpeg,1
973,Kurt Cobain Nirvana Memorial Bootleg,L8-siogrtb,150,https://s3.amazonaws.com/com.images.legiteem8/d52d0c32-d679-4c22-975f-0cbc5ddd14be-20231020231715%40blurHash%3DSlpITFluJTJ%2BVVc9fm90Nw%3D%3D.jpeg,1
974,Oneita,L8-qlsabh7,140,https://s3.amazonaws.com/com.images.legiteem8/37ba5edc-4968-43aa-984e-021aa6bef56e-20231021144934%40blurHash%3DSkRIZWQrTXslMnh1fnBNew%3D%3D.jpeg,1
975,Giant by Tultex,L8-hfvv36i,300,https://s3.amazonaws.com/com.images.legiteem8/907d90d7-fbf7-4303-a351-8ee7a7e1ef79-202310215304%40blurHash%3DSkhEUntGLHB%2BQk5IfkFSaw%3D%3D.jpeg,1
976,Sierra,L8-14ki42n,600,https://s3.amazonaws.com/com.images.legiteem8/ee343745-6f76-41c1-a92e-595e1d67e5b1-2023102122540%40blurHash%3DSk9IMVsyTWRNXy09fnBuJA%3D%3D.jpeg,1
977,BackStage Pass,L8-neemlmg,3400,https://s3.amazonaws.com/com.images.legiteem8/45e1063f-6823-4762-a0f1-04bef3f084a2-2023102214230%40blurHash%3DSktCMm9vfUA1bEVnTkdSaw%3D%3D.jpeg,1
978,Liquid Blue,L8-62iknr7,125,https://s3.amazonaws.com/com.images.legiteem8/0edbf942-778e-4505-abeb-5d73b20663f2-20231023213244%40blurHash%3DSk9FLlUlP0d%2BVlIqXmh4Vg%3D%3D.jpeg,1
979,Oneita Power-T,L8-h0qmbkm,50,https://s3.amazonaws.com/com.images.legiteem8/cbb9ef1c-1992-420f-b9a9-4f106a271639-20231023214859%40blurHash%3DSkhLXnNiflcwMTlHMDBvTA%3D%3D.jpeg,1
980,Gildan Heavy Weight,L8-tntff1w,500,https://s3.amazonaws.com/com.images.legiteem8/4ae0b6ee-30f1-414f-8029-3a98d797d8fb-20231017155710%40blurHash%3DSkZBdkAxTmJ%2BcHNvflZORw%3D%3D.jpeg,1
981,MGM Grand,L8-jaa4ks6,220,https://s3.amazonaws.com/com.images.legiteem8/fa1fde26-0484-4f3f-95b2-586cbbe3650d-2023102314629%40blurHash%3DSjlCcFJnMDElTG9MMDB%2BVg%3D%3D.jpeg,1
982,Mosquitohead,L8-cmji147,700,https://s3.amazonaws.com/com.images.legiteem8/e33b1dd9-136e-4a2f-81a8-8fa3574468ce-20231024154331%40blurHash%3DSkZJcXkzPXN%2BRDlaMDB0Nw%3D%3D.jpeg,1
983,Fruit of the Loom Heavy,L8-ol4g7i5,800,https://s3.amazonaws.com/com.images.legiteem8/619860b0-6dee-40e6-96f6-b5aec4786c9b-2023102019918%40blurHash%3DSkZCV1Zxa0N%2BcXh1XzNvZg%3D%3D.jpeg,1
984,Brockum,L8-l10dc4r,500,https://s3.amazonaws.com/com.images.legiteem8/152fb7c3-249c-4f04-8544-5c7afc0d9aea-2023102419532%40blurHash%3DSktFViR2SVYwMFJqfnFSag%3D%3D.jpeg,1
985,Screen Stars,L8-1n7djae,300,https://s3.amazonaws.com/com.images.legiteem8/2ee16d2f-f511-4498-a390-ac1b20f39920-20231024174014%40blurHash%3DSkRDP3lTUWtuTHd1flYtVg%3D%3D.jpeg,1
986,Forrest Gump Movie Promo,L8-2pem4ll,180,https://s3.amazonaws.com/com.images.legiteem8/fee0f32e-eb06-4325-8b80-295478159203-2023102661621%40blurHash%3DSjRKWzA4XzB9KiQlMDAwMA%3D%3D.jpeg,1
987,Giant,L8-9c9iqoi,500,https://s3.amazonaws.com/com.images.legiteem8/2ac4046a-38dd-42d6-b66e-0e66d1524c94-202310261750.jpeg,1
988,Short Hills,L8-bdms0bt,175,https://s3.amazonaws.com/com.images.legiteem8/d333a73e-db83-41c5-ad97-be5609aec844-20231026122020%40blurHash%3DSjJKN2FnTCQqS0MsMDAuTw%3D%3D.jpeg,1
989,Screen Stars Premium,L8-m95kboj,1800,https://s3.amazonaws.com/com.images.legiteem8/418da768-cb8e-428e-817c-d58a32bd3d15-20231026112936%40blurHash%3DSkJCM1otXWh5WDBmflVNeA%3D%3D.jpeg,1
990,Nike,L8-uejng5t,75,https://s3.amazonaws.com/com.images.legiteem8/39ccf858-a886-499e-9fe7-d83461fec9b0-20231026153515%40blurHash%3DSkxJT0xYMTd%2BOXh1K3FzKg%3D%3D.jpeg,1
991,Omega,L8-0vhff3t,250,https://s3.amazonaws.com/com.images.legiteem8/76b266d7-9fbf-4bfc-9012-1c53ba1ffafb-2023102622222%40blurHash%3DSlNFeEBWfT9Fajl1VzpSKg%3D%3D.jpeg,1
992,Hanes Beefy T,L8-q9cbrh3,350,https://s3.amazonaws.com/com.images.legiteem8/54e81377-afa3-41db-a863-d6625ab01f08-20231023102859%40blurHash%3DSlRFZjR1YXh%2BVW9mJUxvZQ%3D%3D.jpeg,1
993,akira Kimono my House,L8-ug73t8q,600,https://s3.amazonaws.com/com.images.legiteem8/d3dd6866-711e-44ee-9a84-822125e23481-20231025151425%40blurHash%3DSjlLMXEwMDA5WjAwfnB0Ng%3D%3D.jpeg,1
994,Screen Stars,L8-13v5w67,350,https://s3.amazonaws.com/com.images.legiteem8/fcb18070-d7dd-4ed9-a471-e5664be842a5-20231020192826%40blurHash%3DSk9Dc2dWP0d%2BOD9EP0QlSw%3D%3D.jpeg,1
995,KJLH 102.3 FM,L8-oeeriqi,250,https://s3.amazonaws.com/com.images.legiteem8/d64fe3c5-1920-4bad-808c-a8138a6f98d7-2023102616025%40blurHash%3DSkFIXypeME9fTl4qeHtzLg%3D%3D.jpeg,1
996,Screen Stars,L8-0c23jr3,800,https://s3.amazonaws.com/com.images.legiteem8/2811577e-8909-448d-a9d6-b487caa45ab4-20231028113643.jpeg,1
997,Fruit of the Loom,L8-jgwgd50,200,https://s3.amazonaws.com/com.images.legiteem8/1b4d4ec8-42ae-4803-a052-c31a4b8fbfa4-2023102619641%40blurHash%3DSlhCej9iYWcuYmpiJTtqdg%3D%3D.jpeg,1
998,Giant by Tultex,L8-vc61v8h,150,https://s3.amazonaws.com/com.images.legiteem8/d3203d43-d2b5-4b56-80bf-aee251d82139-2023102821245.jpeg,1
999,All Sport Proweight,L8-dg9r1a4,150,https://s3.amazonaws.com/com.images.legiteem8/b9aedb78-5f50-4cd4-9da7-9c8a6022cc9a-202310293225%40blurHash%3DSlpDP1pOb2d%2BVmtDXiVhfQ%3D%3D.jpeg,1
1000,Bridging the Gap,L8-96idbgt,60,https://s3.amazonaws.com/com.images.legiteem8/444fa5da-507c-4a5c-a229-59fd43494f07-20231027221543%40blurHash%3DSjZFeTNzMDJ%2BcF4qeHZ4dA%3D%3D.jpeg,1
1001,Screen Stars,L8-5t0iwe3,700,https://s3.amazonaws.com/com.images.legiteem8/2bdf5009-8156-4f41-b676-b6a6de71fcb4-20231030231736%40blurHash%3DSjI1IyMySVV9aU5lcUdOeQ%3D%3D.jpeg,1
1002,Fruit of the Loom,L8-3mbrv0n,250,https://s3.amazonaws.com/com.images.legiteem8/ff6ec2a7-9d91-41bf-8240-dec933b99464-20231029135028%40blurHash%3DSk5BeDF6dDd9eXMrPT90OA%3D%3D.jpeg,1
1003,Anvil,L8-99isvld,500,https://s3.amazonaws.com/com.images.legiteem8/df455f1f-0fd4-44a9-8391-d3a7634da34c-2023110284722%40blurHash%3DSkJBVX5yTjJ5cyUyQX5ORA%3D%3D.jpeg,1
1004,Tultex,L8-kga18gc,300,https://s3.amazonaws.com/com.images.legiteem8/e3298180-4223-4427-b78c-4be61e2e24fd-2023110219405%40blurHash%3DSjBBdiwlflUwTHh0MDBNew%3D%3D.jpeg,1
1005,Nirvana Nevermind in Utero unplugged ,L8-waj2dit,280,https://s3.amazonaws.com/com.images.legiteem8/05d3008a-210e-42f5-a38b-1ed2a3b2b104-20231102193224%40blurHash%3DSkM4TlJvb2V%2BQW9lPUBqPw%3D%3D.jpeg,1
1006,1987 Evil Dead 2 ,L8-j7n0lq5,200,https://s3.amazonaws.com/com.images.legiteem8/79cd6855-01c0-4699-b4f5-84c0c51e90cb-20231102141913%40blurHash%3DSmRDc1g2LTp%2BVyVMP2F0Nw%3D%3D.jpeg,1
1007,hell on wheels ,L8-ndlnugb,75,https://s3.amazonaws.com/com.images.legiteem8/1ddb35e2-8c92-4150-a58b-7071f92ccfec-2023110318301%40blurHash%3DSnBGPTppdDdfNG9MflhvZw%3D%3D.jpeg,1
1008,Fashion Victim,L8-2mmwo2m,75,https://s3.amazonaws.com/com.images.legiteem8/fb69943c-ee1e-480e-a037-8e225267f17a-2023110119304%40blurHash%3DSk1NM11aPX15cW99flh4dQ%3D%3D.jpeg,1
1009,CCI,L8-e4uoe70,300,https://s3.amazonaws.com/com.images.legiteem8/e595b611-0507-48ff-8cdf-6cfa4bc82056-2023062644222%40blurHash%3DSjhIZWF1NG92Y35xMDBJQQ%3D%3D.jpeg,1
1010,Hanes Beefy T,L8-4lde3is,25,https://s3.amazonaws.com/com.images.legiteem8/3f9aabfd-b136-4bea-9a4e-67e3a59f6152-20231105223117%40blurHash%3DSmFEOTtxdDhfTm9nP3ZvZw%3D%3D.jpeg,1
1011,Cut Off,L8-qo1vgpd,800,https://s3.amazonaws.com/com.images.legiteem8/398a8c00-bc8e-41dc-9653-ac8509d9a2d4-20231106211351%40blurHash%3DSkJBSitreGF%2BVlJrSVVvZg%3D%3D.jpeg,1
1012,Home Alone KFC Promo,L8-kjaswfs,100,https://s3.amazonaws.com/com.images.legiteem8/08b20ba3-b033-44f6-a0e9-f50d1e2309bf-20231106201753%40blurHash%3DSjlLdyV2fnFvcTAxMDBXQw%3D%3D.jpeg,1
1013,Popeye the Sailorman,L8-v9vcegj,100,https://s3.amazonaws.com/com.images.legiteem8/75a229c1-e856-49fb-bd86-521a8b1f7cb1-2023110222251.jpeg,1
1014,Fruit of the Loom,L8-g6brtph,50,https://s3.amazonaws.com/com.images.legiteem8/ec8269b4-16d1-4ee4-972a-8ef5268d66a8-2023110702315%40blurHash%3DSjhJaFd9fnFMMW9jMDBFMg%3D%3D.jpeg,1
1015,Blue Grape,L8-11aaa6j,300,https://s3.amazonaws.com/com.images.legiteem8/da4fed84-109e-48f4-b3d8-0f1e1d46dcb6-2023110717621.jpeg,1
1016,Giant by Tultex,L8-8kb56nk,630,https://s3.amazonaws.com/com.images.legiteem8/1163dcd3-30b0-46cd-b842-9a2eb1c63609-20231106221159%40blurHash%3DSjdGaUFCP0hEJVZAfnBvTA%3D%3D.jpeg,1
1017,Mosquitohead,L8-rrdnacq,600,https://s3.amazonaws.com/com.images.legiteem8/7aaa3e46-d6c9-4092-9a5d-eec8f912a495-20231109103718%40blurHash%3DSnNIVXRSWDl%2BOVJrJGRiSQ%3D%3D.jpeg,1
1018,Cross Star,L8-dp6fabo,200,https://s3.amazonaws.com/com.images.legiteem8/a7e6d326-536f-4648-8490-3b61927d19c6-202311099155%40blurHash%3DSktESTotfkI1Nkk9RCVNew%3D%3D.jpeg,1
1019,Giant by Tultex,L8-p6ppg47,700,https://s3.amazonaws.com/com.images.legiteem8/8d33781e-c922-4664-b00b-851cb4d37ac8-20231112114320.jpeg,1
1020,Fruit of the Loom,L8-tnm2lvp,40,https://s3.amazonaws.com/com.images.legiteem8/e03c83c5-f648-4b7a-a854-3dc5a591d0f9-2023111316576%40blurHash%3DSkxJPUdTUmp%2BcElVVlt0Nw%3D%3D.jpeg,1
1021,Fruit of the Loom Best,L8-m9jgso1,500,https://s3.amazonaws.com/com.images.legiteem8/ac154ed2-a8b8-4e05-8f7d-e5469af77bbf-202311148411%40blurHash%3DSklOR1l5Rnx5VlN%2BezFufQ%3D%3D.jpeg,1
1022,Rage against the machine,L8-mp112bk,350,https://s3.amazonaws.com/com.images.legiteem8/b429b57a-e198-43de-9e0e-e655bae4b629-20231114191349%40blurHash%3DSkJFe2UzXzR%2BVlJrcjtJVQ%3D%3D.jpeg,1
1023,nirvana 1993 parking lot,L8-g1miqsp,1900,https://s3.amazonaws.com/com.images.legiteem8/feda9733-385c-4539-9e8a-f06b70d721fd-2023111523041%40blurHash%3DSkhJNUc1SD9%2BcG9mUyROZA%3D%3D.jpeg,1
1024,Fruit of the Loom Heavy,L8-jt1ml9a,350,https://s3.amazonaws.com/com.images.legiteem8/e6be9134-e90f-4c21-bd97-1e7f184da433-2023111795623%40blurHash%3DSmNFVkVCJGp%2BQldDLW1OSA%3D%3D.jpeg,1
1025,Screen Stars,L8-rfwpwfa,500,https://s3.amazonaws.com/com.images.legiteem8/fc04c943-b56f-401f-9457-ef70d111afeb-20231114232121%40blurHash%3DSjdKUmRUX05fM3h1XzR0Ug%3D%3D.jpeg,1
1026,TWIN PEAKS 90S “I KILLED LAURA PALMER TEE”,L8-wsb4p9g,175,https://s3.amazonaws.com/com.images.legiteem8/89546da3-aebd-4e0d-b4b0-7001b1311ee9-2023111712650%40blurHash%3DSjJGRnN4XzRzW25pMDBSOg%3D%3D.jpeg,1
1027,Fruit of the Loom,L8-2eli9fe,100,https://s3.amazonaws.com/com.images.legiteem8/91ee9294-a875-4b0a-a9bf-11e1db315ef6-2023111812238%40blurHash%3DSjVFMmQ9fldkOWYrMDBEKg%3D%3D.jpeg,1
1028,Gildan Heavy,L8-55ve7mp,75,https://s3.amazonaws.com/com.images.legiteem8/71d94e0e-c693-497e-988f-cc5365fb94cf-20231110155631%40blurHash%3DSlVIMjRoLTp%2BcHQ3eFVmNg%3D%3D.jpeg,1
1029,Winterland,L8-oj3lofi,600,https://s3.amazonaws.com/com.images.legiteem8/8228ce15-d5e6-4c5f-9bef-0e911f700bfc-20231119155227%40blurHash%3DSlRDNm9valp%2BcGJIXipqWg%3D%3D.jpeg,1
1030,black sabbath shirt,L8-kdbshuv,100,https://s3.amazonaws.com/com.images.legiteem8/ac9e1e75-4b86-4d5a-8044-3a63c6faa03c-20231119325%40blurHash%3DSk1DPXVGYUt9cnNvVlp0Ng%3D%3D.jpeg,1
1031,De La Soul ,L8-tn3r4sk,100,https://s3.amazonaws.com/com.images.legiteem8/fb487779-1014-4f8f-9f52-20240bd0dbf0-2023111892442%40blurHash%3DSjlKYVt4fnElTWpbTXslTA%3D%3D.jpeg,1
1032,1994 Dr Dre The Chronic Longsleeve,L8-5vf475f,200,https://s3.amazonaws.com/com.images.legiteem8/d2f74e40-e708-422b-b843-c92424542c4d-20231120222957%40blurHash%3DSnVHYmVuanR%2Bb29mLTpmUg%3D%3D.jpeg,1
1033,Fruit of the Loom,L8-v3p7i64,600,https://s3.amazonaws.com/com.images.legiteem8/073cdbd8-d2d0-409f-82e5-f153af22072b-2023111953423%40blurHash%3DSjZCTXV3XixfTnh1MDBFMA%3D%3D.jpeg,1
1034,Bay Club,L8-s29rkmo,1500,https://s3.amazonaws.com/com.images.legiteem8/14a6d826-56e9-40b0-9e3a-3d3aceefb97f-2023112120166%40blurHash%3DSmNGfFs1dDd9cmJJPXhrQw%3D%3D.jpeg,1
1035,Short Hills,L8-hn55rwd,500,https://s3.amazonaws.com/com.images.legiteem8/f3271198-dee2-42b0-8945-4e68fa284628-20231121202122%40blurHash%3DSlNDcnA0Uix9clc9PWNXVw%3D%3D.jpeg,1
1036,Rare My Bloody Valentine 2004 Reunion Tour,L8-f2ghjk6,250,https://s3.amazonaws.com/com.images.legiteem8/8d00eb69-30a0-4185-a3f0-41390fe56e55-20231121194143%40blurHash%3DSllGJDZSIypfTUUyflZqRg%3D%3D.jpeg,1
1037,Jerzees,L8-90w6ri1,50,https://s3.amazonaws.com/com.images.legiteem8/d12a52d8-fce1-4acc-b25e-3cac9eceee11-202311232612%40blurHash%3DSlNEK1l4b0x9LGp1Xklheg%3D%3D.jpeg,1
1038,Vintage Uncle Sherman Fanclub T Shirt,L8-vdrrgpj,100,https://s3.amazonaws.com/com.images.legiteem8/6087f018-e125-4e9b-abbd-aa89ca7d94b3-20231124184823%40blurHash%3DSlRNc2NnTXh%2BVSVMNG5NfA%3D%3D.jpeg,1
1039,Brockum Group (The),L8-cj0u8ic,100,https://s3.amazonaws.com/com.images.legiteem8/a5d4bf6f-09dc-4f62-97f3-a4799ff85e6a-20231124234132.jpeg,1
1040,Changes,L8-rfu6g89,250,https://s3.amazonaws.com/com.images.legiteem8/fc885e77-4eaa-46be-a4c6-53bc1c0e7325-202311251969%40blurHash%3DSkZMWFBpTXt%2BVyVNPV9vZg%3D%3D.jpeg,1
1041,Brockum Group (The),L8-j2ns7ce,100,https://s3.amazonaws.com/com.images.legiteem8/0bd3d075-4b47-46dc-8a48-4d566a90a19d-20231125223934%40blurHash%3DSktBLCV2JU1%2BcXQ3b3lSag%3D%3D.jpeg,1
1042,Signal,L8-s5rtsqo,125,https://s3.amazonaws.com/com.images.legiteem8/4f0764f0-a0f1-43d7-bf43-9d46032a16d4-20231125235157%40blurHash%3DSjc5c3x7fkN0UldyMDA5dA%3D%3D.jpeg,1
1043,Great Entertainment,L8-4kro3ts,900,https://s3.amazonaws.com/com.images.legiteem8/ed03b7bc-0fee-4e31-b65f-be81309725b2-2023112622643%40blurHash%3DSkhGPThWMWh%2BOHM4LTRSag%3D%3D.jpeg,1
1044,European Son,L8-0nfh5bg,500,https://s3.amazonaws.com/com.images.legiteem8/1b236fb2-db94-4e48-85d5-ba1832233fef-2023112418439%40blurHash%3DSkdHU0pvb2ZSUH5xdFIlTQ%3D%3D.jpeg,1
1045,sonic youth bad moon rising,L8-a8uf41v,150,https://s3.amazonaws.com/com.images.legiteem8/5669b850-7d4c-4421-8151-9dae872a4856-20231126192143%40blurHash%3DSlhGRjF7dDd9bW9lXSNqWg%3D%3D.jpeg,1
1046,Brockum,L8-fhjttjs,1000,https://s3.amazonaws.com/com.images.legiteem8/73ae3acd-3578-4f48-a0af-590df0d4b130-20231126191540%40blurHash%3DSktNcHdqLHZ%2BMklbXmNFaQ%3D%3D.jpeg,1
1047,Hanes,L8-wh1pbhi,100,https://s3.amazonaws.com/com.images.legiteem8/3d203ef0-f0cb-4e76-b195-7e76f928da59-202311284425%40blurHash%3DSkFJRVh8VHgubCNUeHhrUQ%3D%3D.jpeg,1
1048,Rush by Showtech,L8-o7vp6d2,150,https://s3.amazonaws.com/com.images.legiteem8/ca5257ac-9210-448f-a6b7-05a3ae5e7e1d-2023112982151.jpeg,1
1049,Rush by Showtech,L8-t9hlgg8,150,https://s3.amazonaws.com/com.images.legiteem8/90fdf2b2-49c9-4a6e-8d98-a9c795fd7acc-2023113012256%40blurHash%3DSjM3LVdueHV%2BV1JqMDBJVQ%3D%3D.jpeg,1
1050,Nirvana In Utero Signs,L8-sj15mrj,400,https://s3.amazonaws.com/com.images.legiteem8/5730e531-3269-499a-adbc-99b11dc54f91-2023081154755%40blurHash%3DSk5IMkF1JEl%2BVlp9czhhIw%3D%3D.jpeg,1
1051,Spring Ford,L8-okbtdua,125,https://s3.amazonaws.com/com.images.legiteem8/46bdbc3c-ee53-40fa-ab94-ab4ae148c535-2023112852229%40blurHash%3DSkdCe2xrRU5KOi1vfnBhZw%3D%3D.jpeg,1
1052,1995 bjork hyperboy concert tour ,L8-rho1gn8,300,https://s3.amazonaws.com/com.images.legiteem8/9e671876-9c26-40f4-9251-bcbfb37f87ac-2023113012711%40blurHash%3DSjRFeXhkLm0wMD9aMDBFew%3D%3D.jpeg,1
1053,Nirvana - Vestibule (Circles of Hell),L8-2tt6r1h,900,https://s3.amazonaws.com/com.images.legiteem8/ea33b59e-0537-42af-aeea-ea38705789b3-20231127105648.jpeg,1
1054,Nirvana In Utero,L8-w2h1q3t,800,https://s3.amazonaws.com/com.images.legiteem8/83c6f08b-f232-4145-a79b-01b9b0be4cc5-20231127104546%40blurHash%3DSjJKQHdYMDBfTzRXMDAwMA%3D%3D.jpeg,1
1055,Hanes,L8-1qbdbm5,100,https://s3.amazonaws.com/com.images.legiteem8/69236ade-7f93-4070-a27f-3b7e22de29d8-20231129567%40blurHash%3DSkNJRWhQSVUqSnh1OUdiSA%3D%3D.jpeg,0
1056,Tultex,L8-dd26g7j,180,https://s3.amazonaws.com/com.images.legiteem8/c188adc8-188b-44b4-b7b9-e435afa947ad-20231201202712%40blurHash%3DSkVJWH5sSUEwMF9OMDBuKg%3D%3D.jpeg,1
1057,BackStage Pass,L8-7eebimm,200,https://s3.amazonaws.com/com.images.legiteem8/6888e665-aea7-459d-9153-586085ef2cd3-20231202203431%40blurHash%3DSmRHSGJzfTl0UWYrTkhXOw%3D%3D.jpeg,1
1058,Watsons,L8-h2bmu2k,700,https://s3.amazonaws.com/com.images.legiteem8/5962a531-1cdf-4758-bea6-ae11a753774a-2023120122552%40blurHash%3DSkNEOHw3fkIwI0lwMDBEKg%3D%3D.jpeg,1
1059,Hanes Beefy T,L8-blp3v7s,20,https://s3.amazonaws.com/com.images.legiteem8/cc5516fb-77cb-4769-9029-b04e3d4a63ca-20231204195039%40blurHash%3DSjlKJWo9flVTMz17OXU9ew%3D%3D.jpeg,0
1060,90s Notorious BIG Ready to Die ,L8-p4q7oip,1200,https://s3.amazonaws.com/com.images.legiteem8/b2ab351e-26fc-48d2-856c-627143344365-2023120422495%40blurHash%3DSm9IVTgtczh4QFNpfkJzUw%3D%3D.jpeg,1
1061,In utero tour 94,L8-2covm16,1000,https://s3.amazonaws.com/com.images.legiteem8/cbc8e05e-798e-4605-a447-510231d212de-20231204201634%40blurHash%3DSjc4O3JtUipEaGtxeXNYOA%3D%3D.jpeg,1
1062,Harley Davidson,L8-l083tgp,50,https://s3.amazonaws.com/com.images.legiteem8/c00914eb-9ed8-4831-9434-9910b5fa68d6-20231204164414%40blurHash%3DSjJBLGswP3YwMDRVTEx%2BcA%3D%3D.jpeg,1
1063,Fruit of the Loom,L8-g4sojqd,150,https://s3.amazonaws.com/com.images.legiteem8/f5c10f49-12d7-4469-b8f5-8b01e8112eee-20231206114624.jpeg,1
1064,Fruit of the Loom,L8-1hqs62j,250,https://s3.amazonaws.com/com.images.legiteem8/8256a743-0eba-42af-a0b9-b0d543a5f08c-202312041976%40blurHash%3DSjROMENjeD9%2Bb0hbMWc1Uw%3D%3D.jpeg,1
1065,Top Line Lemon,L8-0v165ir,250,https://s3.amazonaws.com/com.images.legiteem8/824acf8b-34c9-4cbc-8363-cf90c8b8bd5b-2023120231647%40blurHash%3DSkVNaX4xRTFEKjlhflZNfA%3D%3D.jpeg,1
1066,Gildan Heavy Weight,L8-sgrqcr6,1500,https://s3.amazonaws.com/com.images.legiteem8/b1b22035-d629-425a-88e2-66ceb4e32ad7-20231208125823%40blurHash%3DSjdFb31YJWd%2BbnQ1ci5WPw%3D%3D.jpeg,1
1067,Hanes Ultraweight,L8-0cw1mlk,200,https://s3.amazonaws.com/com.images.legiteem8/8ebde380-b24f-4687-8b89-d3993f98dad9-2023120912392%40blurHash%3DSnFIbVE2UmsqfXhhfVpSaw%3D%3D.jpeg,1
1068,Giant by Tultex,L8-k0lvpcr,1600,https://s3.amazonaws.com/com.images.legiteem8/bd3c6d57-0578-4855-ad46-ccd0cce68bf1-2023120813924%40blurHash%3DSkdKdHF%2Bd2dLN19NP0RXVg%3D%3D.jpeg,1
1069,Mosquitohead,L8-gdf71d8,1200,https://s3.amazonaws.com/com.images.legiteem8/ad6dda6e-d83e-4751-aaac-fd907afe27c6-20231202215318%40blurHash%3DSmFGUEVKJU1%2BVnNvUiVSag%3D%3D.jpeg,1
1070,BackStage Pass,L8-sf8fgdd,6000,https://s3.amazonaws.com/com.images.legiteem8/0c54bf0b-ff53-451a-acdd-a36f93c70ab6-20231209224146%40blurHash%3DSkJFZXJtfFoxYzB9K149YQ%3D%3D.jpeg,1
1071,Fruit of the Loom,L8-nuboapb,200,https://s3.amazonaws.com/com.images.legiteem8/e5012539-7c14-489c-8c71-8a85075c0eb4-2023121064742%40blurHash%3DSkJLd145XzN%2Bb2tEWnx0Ug%3D%3D.jpeg,1
1072,Bill ***kin Murray 3D Chive.com Original Shirt!,L8-a8bbppm,15,https://s3.amazonaws.com/com.images.legiteem8/3bd27988-f878-4476-970b-9da0756a1bcd-2023121021307%40blurHash%3DSjc5Pz93RTJ%2BOWJIME1hIw%3D%3D.jpeg,1
1073,Hanes Heavyweight,L8-n7jqvp9,1200,https://s3.amazonaws.com/com.images.legiteem8/0269bab5-3b66-43bb-97ec-11a77b48a6f8-20231210152653%40blurHash%3DSmVKUlUzP3Z%2BcFZAJWZSag%3D%3D.jpeg,1
1074,Bad Boy Club,L8-r4vjw88,800,https://s3.amazonaws.com/com.images.legiteem8/1b8f444b-6a1d-4e1e-baab-3500c4520bfd-20231211203326%40blurHash%3DSkNDUUdUeF1fNHQ3MDBNew%3D%3D.jpeg,1
1075,Hanes Heavyweight,L8-41hb0ci,1100,https://s3.amazonaws.com/com.images.legiteem8/cd09b7e7-2ef1-41de-ae33-40eb607e6269-20231211194247%40blurHash%3DSk9KN3N%2BJSVeJHdbOWFTaQ%3D%3D.jpeg,1
1076,The Mask 1994 Movie Promo Tee,L8-c1j5fwm,300,https://s3.amazonaws.com/com.images.legiteem8/e237ad96-e94e-41c0-a7bb-300fc76fc1cd-20231210232736%40blurHash%3DSmpFLl5XV0J%2BcVdYP2FvZQ%3D%3D.jpeg,1
1077,Just Say Rock,L8-57isepk,250,https://s3.amazonaws.com/com.images.legiteem8/e3e9f505-a257-4484-92e6-17478f09443d-20231214173547%40blurHash%3DSjVFM0ZAdDlfNC09MDBvSQ%3D%3D.jpeg,1
1078,Hanes,L8-iucmw6j,250,https://s3.amazonaws.com/com.images.legiteem8/d4030df8-f3ed-43f1-baaa-4de9cebd9d0c-202312141055%40blurHash%3DSjA5c3hLK19UeHh1MDBBQw%3D%3D.jpeg,1
1079,The Rolling Stones 1981 Tour Raglin Tee,L8-7144t0r,400,https://s3.amazonaws.com/com.images.legiteem8/31f07a7b-7460-47f5-b271-e612b317f0ed-2023121314444%40blurHash%3DSkdJZytNflUwMEUzMDBWQA%3D%3D.jpeg,1
1080,Optima Heavy,L8-ja8ariw,180,https://s3.amazonaws.com/com.images.legiteem8/5c063eef-a6a8-4303-8e39-ff08fe059883-2023121520517%40blurHash%3DSjVIVWQtP0dfMzBMMDB%2BVg%3D%3D.jpeg,1
1081,Murina,L8-uqcpbah,150,https://s3.amazonaws.com/com.images.legiteem8/cf3684de-9125-4034-8243-7b94ab66be6f-20231215204716%40blurHash%3DSk05ak0sdDZ%2BVnQ2P0d0Ng%3D%3D.jpeg,1
1082,Blue Grape,L8-jwc87du,350,https://s3.amazonaws.com/com.images.legiteem8/77a9bc6e-49f9-4339-9ead-445e5c4b3cdd-20231217143739%40blurHash%3DSkNBdl5CRTB%2BQlJqTWNzOg%3D%3D.jpeg,1
1083,Brockum,L8-bb292sm,500,https://s3.amazonaws.com/com.images.legiteem8/eab85249-e4e2-4e11-af28-029769c7e72a-202312193328%40blurHash%3DSjdLd2g4flcwMG4zMDBSUA%3D%3D.jpeg,1
1084,Giant,L8-q63dbc5,200,https://s3.amazonaws.com/com.images.legiteem8/a3291d4a-5699-4d40-bc92-2d8250786c51-2023121920637%40blurHash%3DSk9Ldywsb2Z%2BcSVNfnBqXQ%3D%3D.jpeg,1
1085,Giant by Tultex,L8-risl4pl,400,https://s3.amazonaws.com/com.images.legiteem8/7c3eb7c8-289b-4152-b194-55199eb479d0-20231218204942%40blurHash%3DSlRLS2x8cy5%2BcVdCJUx0Ng%3D%3D.jpeg,1
1086,Mayo Spruce,L8-r67soag,150,https://s3.amazonaws.com/com.images.legiteem8/daf4dfff-a8f9-417c-9813-94a0ad474909-20231220104854%40blurHash%3DSlhFbyMkdFNeKmFlfldrRA%3D%3D.jpeg,1
1087,Screen Stars,L8-apms38j,1100,https://s3.amazonaws.com/com.images.legiteem8/a373508a-1157-48cf-a790-d3d1ef9af75c-2023121915576%40blurHash%3DSjNEMDE4cHkrcF5pMDA0Og%3D%3D.jpeg,1
1088,Giant,L8-16htbna,150,https://s3.amazonaws.com/com.images.legiteem8/0af8be9c-6983-4696-8c0c-0ab9539954e5-20231219203214%40blurHash%3DSjk5Wj1pYWV%2BVnQ3LTtvZg%3D%3D.jpeg,1
1089,Fruit of the Loom,L8-ji1tkvl,500,https://s3.amazonaws.com/com.images.legiteem8/39ae22d7-bfdf-4413-bee0-2a964d4771e9-202312232156%40blurHash%3DSk1GNVd5XnlOZ0U5fjMtLg%3D%3D.jpeg,1
1090,90s Tupac Shakur Against all odds rap tee,L8-1wkqkjo,350,https://s3.amazonaws.com/com.images.legiteem8/fc3a66d6-3f52-4d3e-adaf-d38ea4c46662-2023122319115%40blurHash%3DSnpHbENqUit%2BcFdDLTp0Ng%3D%3D.jpeg,1
1091,wutang raptee bootleg,L8-fdgh3fq,700,https://s3.amazonaws.com/com.images.legiteem8/e5326926-912e-4253-9f42-63bf931497c1-20231224744%40blurHash%3DSkRHW1RhdjFQLktRflRrcg%3D%3D.jpeg,1
1092,Touch of Gold,L8-0an1l5r,1000,https://s3.amazonaws.com/com.images.legiteem8/2b3f3193-ff68-4f7b-b089-1ba43738b4ea-20231226225252%40blurHash%3DSkNITTRhX04wME17NG1vZg%3D%3D.jpeg,1
1093,Short Hills,L8-aapu0ci,500,https://s3.amazonaws.com/com.images.legiteem8/ad6b3f79-eee0-48a4-b726-bc954abfe585-20231227104734%40blurHash%3DSjNFeVBaMDAwMD9IMDBfTQ%3D%3D.jpeg,1
1094,FL Robinson,L8-gmf2l4h,600,https://s3.amazonaws.com/com.images.legiteem8/8cdd59a7-c97b-4187-b77d-91377a6576a6-2023122702410%40blurHash%3DSnFGRn51dDdfTm9meHVvZg%3D%3D.jpeg,1
1095,Giant by Anvil,L8-9wo4h54,800,https://s3.amazonaws.com/com.images.legiteem8/c0bcac08-c6bc-4eb5-b906-3300a69e855e-2023122703226%40blurHash%3DSklJRkpNX04wME17RCVqWw%3D%3D.jpeg,1
1096,FL Robinson,L8-qb2n1d3,600,https://s3.amazonaws.com/com.images.legiteem8/72965f0d-e569-4047-bf64-dbdf1c2842c3-2023122703943.jpeg,1
1097,Giant by Tultex,L8-adicv81,700,https://s3.amazonaws.com/com.images.legiteem8/933a4c12-6415-4149-a5a4-386db1630be5-2023122704230%40blurHash%3DSkZJfjN9X04wMFdDOUZSUA%3D%3D.jpeg,1
1098,black sabbath,L8-rl4m3te,150,https://s3.amazonaws.com/com.images.legiteem8/fa402437-6a0e-459b-bb2c-98373a2d72f2-20231219204337%40blurHash%3DSjlCQyMra0N%2BQXhhMDBvZQ%3D%3D.jpeg,1
1099,ActiviTees,L8-7rwamm4,100,https://s3.amazonaws.com/com.images.legiteem8/90d1cb72-e45d-47fd-8901-fdd2b2cf5fc8-2023122983359%40blurHash%3DSktEXVZaTWNeaCVNfjlqdA%3D%3D.jpeg,1
1100,Anvil,L8-sugsp41,100,https://s3.amazonaws.com/com.images.legiteem8/5372d099-5fd5-4792-8358-a169673e577f-2023123011274%40blurHash%3DSkpGaEYtWEJ9T2ZoSHF4Qg%3D%3D.jpeg,1
1101,AAA,L8-h81g5kp,100,https://s3.amazonaws.com/com.images.legiteem8/ed90a948-d92c-4484-be36-4ca14c558e4e-20231229191459%40blurHash%3DSk5Ce1tieHR%2BV3Q3eFtXcA%3D%3D.jpeg,1
1102,Levis,L8-pedwcwo,50,https://s3.amazonaws.com/com.images.legiteem8/5ccb8e0e-e7df-451c-a8bb-ce90319a4c99-20231219144238%40blurHash%3DSlJIX0dLXzJfTnhdLTpSKg%3D%3D.jpeg,1
1103,Hanes,L8-i105tab,125,https://s3.amazonaws.com/com.images.legiteem8/a783db09-23e7-42ea-bc42-4869207de09b-2024010165815%40blurHash%3DSlNHYTp7fUB5cTl1XzJXQg%3D%3D.jpeg,1
1104,St. Evans,L8-59r2rif,700,https://s3.amazonaws.com/com.images.legiteem8/93edf0eb-1937-4b5e-a56b-9a548ffc85f6-2024010219234%40blurHash%3DSkhBLG41b2Z%2BV29mSVZheQ%3D%3D.jpeg,1
1105,Bay Club,L8-o7kllcg,500,https://s3.amazonaws.com/com.images.legiteem8/71272647-74eb-45c1-a0fb-07b4053b984e-2024010219748%40blurHash%3DSjhBZDRXTXt%2BcWZSMDB4dA%3D%3D.jpeg,1
1106,LOONEY TUNES,L8-5oskh82,100,https://s3.amazonaws.com/com.images.legiteem8/4c6b333e-0b9d-4bfd-92b8-78068ca6b73b-20240102195848%40blurHash%3DSkFCcGhLdGs0VG5QLUBTdw%3D%3D.jpeg,1
1107,Murina,L8-jc9a4dk,180,https://s3.amazonaws.com/com.images.legiteem8/72e44197-7cf8-4e21-9a11-61275a6d3130-2024010874849%40blurHash%3DSlZCcElQalt%2BVmpzP0dqWw%3D%3D.jpeg,1
1108,Giant,L8-88n4vru,200,https://s3.amazonaws.com/com.images.legiteem8/ecae1df4-f585-4ad6-8e84-09b26213c41d-202401086549%40blurHash%3DSlFDRzAuSVZ%2BVlJqXitSag%3D%3D.jpeg,1
1109,Screen Stars Premium,L8-vkp5u1f,3200,https://s3.amazonaws.com/com.images.legiteem8/1c971aad-cbca-4cf7-907b-2a3fdb67df1f-2024010514224%40blurHash%3DSlJKKjNSTXd%2BcHRRSTlqPw%3D%3D.jpeg,1
1110,Hanes Heavyweight,L8-mp3p2fn,40,https://s3.amazonaws.com/com.images.legiteem8/d28e2b42-591e-4108-a215-6a1c5037b4c8-2024010811752%40blurHash%3DSj1IX1Nvb2Z%2BVm9meGFmaw%3D%3D.jpeg,1
1111,AirTees,L8-ht6aqkr,180,https://s3.amazonaws.com/com.images.legiteem8/d32e0dae-0c5b-45cd-bbda-594ecdcdff39-20240107111719%40blurHash%3DSkhGT3IlflYwZk19NG5zOA%3D%3D.jpeg,1
1112,Frayed tag,L8-vfs9n40,50,https://s3.amazonaws.com/com.images.legiteem8/0f8d722b-f57c-4ed5-8842-453f455a516a-2024010810355%40blurHash%3DSiNHSWlzb2Z%2BV29mP0hvZg%3D%3D.jpeg,1
1113,1992 The Cure Wish Tour,L8-qi0cpbw,400,https://s3.amazonaws.com/com.images.legiteem8/3dfc07a6-1209-4ac8-9409-9f9ed1dc78d7-20240108235747%40blurHash%3DSkc5UWFTb2ctQHM7SXlvTg%3D%3D.jpeg,1
1114,Winterland Productions,L8-fdijeon,550,https://s3.amazonaws.com/com.images.legiteem8/b01a9c86-c44a-426a-9844-439cf38bd6d0-2024010920236%40blurHash%3DSmJKKlZKJTJfTmtESVZvSg%3D%3D.jpeg,1
1115,Aqua,L8-6rprpmu,100,https://s3.amazonaws.com/com.images.legiteem8/cc553729-49ac-4fdb-93e7-494c725a0e9a-20240109203543%40blurHash%3DSkZGNjVAOUZ%2BcW9mJU5vZg%3D%3D.jpeg,1
1116,Fruit of the Loom,L8-qe9613q,200,https://s3.amazonaws.com/com.images.legiteem8/287264ac-77ba-4945-8735-4ee6eab8e9ce-20240110193025%40blurHash%3DSnFFeWJbal1%2BcW9mLTtvZg%3D%3D.jpeg,1
1117,Fruit of the Loom,L8-6cn17rp,200,https://s3.amazonaws.com/com.images.legiteem8/02b2c7ab-0d9a-4033-8858-c696688b13d0-20240110232357%40blurHash%3DSkVBUy0qfkFYbXh0OXdFZw%3D%3D.jpeg,1
1118,Vintage Tupac Shakur Memorial Rap Sweatshirt,L8-lr279re,500,https://s3.amazonaws.com/com.images.legiteem8/cf096583-7beb-4974-adb1-9aa03ac33bbe-20240110233553%40blurHash%3DSmFHUkZARWt5VyRmflZOeA%3D%3D.jpeg,1
1119,Todays Trendz,L8-d4srrqn,60,https://s3.amazonaws.com/com.images.legiteem8/712028ce-3163-4c87-a58b-d20c86911d56-2024010955433%40blurHash%3DSkJBLHFBNG9%2BcE18NG8lTA%3D%3D.jpeg,1
1120,Gildan Active Wear,L8-6b211w3,30,https://s3.amazonaws.com/com.images.legiteem8/0d6975b9-2358-4f14-839e-648d9aeab29e-20231204192410%40blurHash%3DSlNMLnFnfSxFNm5pbiVJdA%3D%3D.jpeg,1
1121,judus priest,L8-0vpn8t5,75,https://s3.amazonaws.com/com.images.legiteem8/dfe94b62-35f3-4157-ba11-ffae9530eb83-2024011304034%40blurHash%3DSjdFTHlzQFgwMHlzMDBBRA%3D%3D.jpeg,1
1122,Fruit of the Loom,L8-3olpomi,500,https://s3.amazonaws.com/com.images.legiteem8/a65bca77-025c-4c37-b9b6-5c16c9771815-20240115239%40blurHash%3DSjFDP3Y0P3cwMCUxMDBEaQ%3D%3D.jpeg,1
1123,Brockum,L8-g5vmrbf,350,https://s3.amazonaws.com/com.images.legiteem8/8db296da-6245-49a8-b916-2333c90c525e-20240114113917%40blurHash%3DSjg5JXhEfnFNeE17MDA0bg%3D%3D.jpeg,1
1124,Stedman Super Hi-Cru,L8-psun3tw,100,https://s3.amazonaws.com/com.images.legiteem8/d5699ab6-e36a-4e7f-b2c2-9f913324d9f3-2024011413342%40blurHash%3DSkVHOVhHP3Z4XT9jXzQlTQ%3D%3D.jpeg,1
1125,Unabonger,L8-c76ebfl,200,https://s3.amazonaws.com/com.images.legiteem8/867be5f0-073e-4e7d-be4d-9f3f54ffeb8d-20240114134041%40blurHash%3DSkZEXVBEfkE1Nzl1MDJ4Wg%3D%3D.jpeg,1
1126,Super Smash Bros Brawl,L8-s9gkcrj,100,https://s3.amazonaws.com/com.images.legiteem8/2d75559f-f92f-4474-8b86-978511d32c51-2024010822654%40blurHash%3DSjFKSEhvXUo4d14lMDBSLQ%3D%3D.jpeg,1
1127,Fruit of the Loom,L8-5nunl0a,200,https://s3.amazonaws.com/com.images.legiteem8/79ac1d43-4bfe-4ab0-a093-1f6e2d206ce4-202401123916%40blurHash%3DSkVEK14seFY4ZVg4Xj9maQ%3D%3D.jpeg,1
1128,Murina,L8-0q4nfv6,300,https://s3.amazonaws.com/com.images.legiteem8/4e6f779a-2e48-44ee-8588-e50af76c63cb-20240116309%40blurHash%3DSjY4O0dSfkNFeTl0JGolMg%3D%3D.jpeg,1
1129,Hanes,L8-2iwrwtj,500,https://s3.amazonaws.com/com.images.legiteem8/394b19c7-20d2-41eb-baee-69111273295b-20240116151046%40blurHash%3DSk5DNnV3dDd%2BcGF8P1pmaw%3D%3D.jpeg,1
1130,T Fine ,L8-68q5aqq,100,https://s3.amazonaws.com/com.images.legiteem8/af05596d-b2ce-4d47-9282-f0880c0c941a-20240117175510%40blurHash%3DSkVESkZuP2F%2BcHh1MDBNfA%3D%3D.jpeg,1
1131,Mazzy Starr 90’s ,L8-v0t7gnq,300,https://s3.amazonaws.com/com.images.legiteem8/45c82588-e039-48f6-87d0-0703a4690351-2024011715325%40blurHash%3DSk9DJUJ3P0dGa0VPUlBuIw%3D%3D.jpeg,1
1132,Fruit of the Loom,L8-cpkaa0b,200,https://s3.amazonaws.com/com.images.legiteem8/dd433736-e3b3-45a1-bb91-3bba23e6cc66-2024011825556%40blurHash%3DSjNFeWlGRTBxcy06e3QlaA%3D%3D.jpeg,1
1133,Giant by Tultex,L8-pc7fair,2400,https://s3.amazonaws.com/com.images.legiteem8/57f82a76-26b9-4164-a6e0-05236d893335-20240118105215%40blurHash%3DSkFEdlpaflctOk17MDA5Wg%3D%3D.jpeg,1
1134,3D Emblem,L8-l5t0w29,75,https://s3.amazonaws.com/com.images.legiteem8/95d89a3d-0cd8-4fe5-9a48-6459ebbb3553-2024011922532%40blurHash%3DSlFFTXFFJU5%2BVWtDflZmUA%3D%3D.jpeg,0
1135,Anvil,L8-d32o7po,250,https://s3.amazonaws.com/com.images.legiteem8/a4041f1d-970f-4ac7-9373-e24f074de5b1-20240119214049%40blurHash%3DSk5FTUMwdDdfM3M6fnFvZw%3D%3D.jpeg,1
1136,Ched by Anvil,L8-fbw39l6,200,https://s3.amazonaws.com/com.images.legiteem8/ac2e4003-e6c9-4cae-8701-29db108afd6b-2024012033113%40blurHash%3DSmJMNDFuP0d%2BcE5lRU50Nw%3D%3D.jpeg,1
1137,Giant by Tultex,L8-747vrm6,150,https://s3.amazonaws.com/com.images.legiteem8/83317a44-8f44-42cf-9eba-4fb0fcc6b89a-20240120172616%40blurHash%3DSmREbCtwTXt%2BcVZAXzNSag%3D%3D.jpeg,1
1138,black hole sun,L8-abf0b9f,800,https://s3.amazonaws.com/com.images.legiteem8/f091a775-eba1-4394-a929-724b7c67e2f2-20240120142759%40blurHash%3DSkZCcGR8SVV%2BcG9mRCp4dQ%3D%3D.jpeg,1
1139,EARACHE,L8-kndm1q3,300,https://s3.amazonaws.com/com.images.legiteem8/7735356a-3a26-4b10-bf95-c3b55ab95d66-2024012111276%40blurHash%3DSjZEdjFOMDF%2BVmpzMDBeKg%3D%3D.jpeg,1
1140,Screen Stars,L8-g4ge2rk,100,https://s3.amazonaws.com/com.images.legiteem8/1bb07e5c-11f4-4c89-83b9-ebfacfa75b56-20240121195443%40blurHash%3DSldEbHlUUlB%2BVnMuJTB4dA%3D%3D.jpeg,1
1141,Screen Stars,L8-jlg2bqi,150,https://s3.amazonaws.com/com.images.legiteem8/b8d1a4f3-8f89-407f-8834-8c2d78b960ed-2024012120621%40blurHash%3DSlVEXVBKczl%2BVlJqJTBORw%3D%3D.jpeg,1
1142,Summer Club,L8-9pfoqqj,100,https://s3.amazonaws.com/com.images.legiteem8/8bd10363-3036-4acb-a44d-0f031a34f456-20240121201232%40blurHash%3DSkdCREEqUmp%2BVldWSVdvTA%3D%3D.jpeg,1
1143,Nirvana,L8-r1ibdqd,400,https://s3.amazonaws.com/com.images.legiteem8/2e3e97a1-6f27-4952-807a-22d3ea95b450-20240121142847%40blurHash%3DSkNIX31aV1l%2Bb3Q4JU0lTg%3D%3D.jpeg,1
1144,Giant by Tultex,L8-ckl93l0,500,https://s3.amazonaws.com/com.images.legiteem8/71648b53-9b3b-4c05-b18c-4d11809f23a8-20240121154935%40blurHash%3DSkZLXzV3fnEwMGZRMDB0Nw%3D%3D.jpeg,1
1145,GEM,L8-8c0m64h,150,https://s3.amazonaws.com/com.images.legiteem8/6ed6a672-b092-45ff-8b1d-8fa695da9463-2024012374237.jpeg,1
1146,2002 Smoking Grooves Tour ,L8-p2jnc6o,150,https://s3.amazonaws.com/com.images.legiteem8/360d6412-a3fb-4e2a-ac5d-88a5b7eae962-20240122223334%40blurHash%3DSk1Ka1Q1b2Z%2BcG9mLTtvZQ%3D%3D.jpeg,1
1147,Jerzees,L8-2606vmn,500,https://s3.amazonaws.com/com.images.legiteem8/37eacf87-6e5c-4af1-878e-ca9755bffadd-20240124113617%40blurHash%3DSkdFMnxPflglTVIqRWU5Wg%3D%3D.jpeg,1
1148,All Sport Heavyweight,L8-l8i5eoj,250,https://s3.amazonaws.com/com.images.legiteem8/4d1fa1ca-7ba1-4971-96c2-e2ff393ca8d6-2024012524138%40blurHash%3DSlFFVjRzLW99K2UtXXxvSQ%3D%3D.jpeg,1
1149,3D Emblem-Harley,L8-lobiwuw,300,https://s3.amazonaws.com/com.images.legiteem8/2c67368d-942f-4baf-91cc-407915eef0eb-20240126164623.jpeg,1
1150,Incredible!,L8-nfb7jrf,350,https://s3.amazonaws.com/com.images.legiteem8/83fc7122-bf63-438a-bc6e-ff94eeb9ad6e-202401261937%40blurHash%3DSkJGWDttfVlORCw7MDAweg%3D%3D.jpeg,1
1151,erykah badu 2001 tour t ,L8-n7bfh2w,150,https://s3.amazonaws.com/com.images.legiteem8/035b652f-ab05-471f-81dd-8a6013a4d18a-20240123223321.jpeg,1
1152,Hanes Beefy T,L8-nwp284d,85,https://s3.amazonaws.com/com.images.legiteem8/168e1d7c-7be9-4bd0-9715-ef09ac9834e5-20240126184321%40blurHash%3DSjRFTUxPUVI6KyQ2MDB%2BVA%3D%3D.jpeg,1
1153,1992 Jesus and The Mary Chain Rollercoaster Bootleg,L8-lkos6ni,200,https://s3.amazonaws.com/com.images.legiteem8/350fe395-a5ad-4bb7-9d80-68c889b15c81-20240126211957%40blurHash%3DSjRJI2xXfkEwMC45MDA5RQ%3D%3D.jpeg,1
1154,Nirvana 2018 tee,L8-b2cv2v9,10,https://s3.amazonaws.com/com.images.legiteem8/518e301b-9326-4732-b454-49871105fdeb-2024012661724%40blurHash%3DSlBFMj97JUx%2BVW9lP0VhZQ%3D%3D.jpeg,1
1155,Hanes Beefy T,L8-f7au0up,150,https://s3.amazonaws.com/com.images.legiteem8/263c61b3-ee7e-4f48-a706-07649bc37d80-2024012723244%40blurHash%3DSjBCRDFuXlIwMD9GMDAweQ%3D%3D.jpeg,1
1156,Giant by Tee Jays,L8-qjjf7jb,470,https://s3.amazonaws.com/com.images.legiteem8/ee2a60a7-2ff1-40b6-9ffa-7e6dd88ff6e9-20240129193555%40blurHash%3DSjRKdEAlRDQwMGlhUTh%2BQg%3D%3D.jpeg,1
1157,TOP,L8-oahuv8q,600,https://s3.amazonaws.com/com.images.legiteem8/c47c3492-9f6b-4d44-918d-a24f018a7931-2024012921337%40blurHash%3DSkZEXTBiMTQwMH1xRiNJcQ%3D%3D.jpeg,1
1158,Tupac Changes,L8-e7885ua,450,https://s3.amazonaws.com/com.images.legiteem8/c2a5215b-6e2c-4233-8d28-79aaa9c51157-2024013022410%40blurHash%3DSkFBSltbYXl%2BcW9mOUdheQ%3D%3D.jpeg,1
1159,Fruit of the Loom Heavy,L8-836r5mv,75,https://s3.amazonaws.com/com.images.legiteem8/31dcaaeb-70a8-47c9-9b68-0a529ce80188-2024020125611%40blurHash%3DSkJILV9kfkIsLjlFMEtFZQ%3D%3D.jpeg,0
1160,Winterland,L8-ncw1jb0,400,https://s3.amazonaws.com/com.images.legiteem8/d6de0400-9b54-4f12-a006-4e27a2b9f090-20240201155650%40blurHash%3DSkFGfXZOMDIwcX5XRH14Rg%3D%3D.jpeg,1
1161,The Rolling Stones 89 Tour Tee,L8-opcqnah,125,https://s3.amazonaws.com/com.images.legiteem8/622a03fa-2499-402d-a12c-01171cf7d8d8-20240201185651%40blurHash%3DSjNHOD1sXiUlVyVnXzJidw%3D%3D.jpeg,1
1162,Vintage 1993 Kurt Cobain Nirvana In Utero Blue Wing European World Tou,L8-nsr9vaf,5000,https://s3.amazonaws.com/com.images.legiteem8/0c3839d7-f706-4044-9d4b-a023841a4097-20240201155554%40blurHash%3DSmJLS3ZVflctcFZAJU14dQ%3D%3D.jpeg,1
1163,Vintage 1981 Stranglers T shirt ,L8-ffhvpp1,250,https://s3.amazonaws.com/com.images.legiteem8/08de6e8a-f408-46ac-9ff5-00d508485d48-2024013017719%40blurHash%3DSkhHU0dwJU1%2BcWpbMDBJbg%3D%3D.jpeg,1
1164,smashing pumpkins black starla,L8-tjrep27,750,https://s3.amazonaws.com/com.images.legiteem8/a93db235-1b72-405c-924b-afe37eca7b8c-20240202232848%40blurHash%3DSm1EYlFEb2Z9PWpbXmhqWw%3D%3D.jpeg,1
1165,Hanes,L8-v76jv4g,300,https://s3.amazonaws.com/com.images.legiteem8/374de7bd-df9b-4fda-806f-feccf544714f-2024020123378%40blurHash%3DSm5EbHZVV1l%2BOWFlXipqWw%3D%3D.jpeg,1
1166,Anvil,L8-bq0rr24,150,https://s3.amazonaws.com/com.images.legiteem8/9d8a664b-5758-4676-8df8-411747ccc125-2024020218118%40blurHash%3DSlZFe1UkdDh%2BVWF5P0VXQg%3D%3D.jpeg,1
1167,Brockum,L8-a9o3a3g,200,https://s3.amazonaws.com/com.images.legiteem8/facc8e9d-550e-433d-8ec0-6f4cd738336e-20240203121134%40blurHash%3DSkE4NGlPTkZ0TXQ3fldXQQ%3D%3D.jpeg,1
1168,son of the mask otis promo tee,L8-oquj1ig,125,https://s3.amazonaws.com/com.images.legiteem8/97ec8fce-a4a2-4aa3-9589-482368d2ab08-20240203532%40blurHash%3DSk9HW2xdMDB%2BV3haP2F4Wg%3D%3D.jpeg,1
1169,Bay Club,L8-rijvlwr,500,https://s3.amazonaws.com/com.images.legiteem8/5ac215af-cefa-4a4f-9c4c-5a9bfab17d2f-2024020220618%40blurHash%3DSlBHSTclOVouQXJ8LU5OMQ%3D%3D.jpeg,1
1170,Euro (Generic) ,L8-5vgngir,650,https://s3.amazonaws.com/com.images.legiteem8/9bb9da50-55be-415e-b145-139a02796508-20240205115231%40blurHash%3DSlNFTHNheHR%2BVXh0LTolMQ%3D%3D.jpeg,1
1171,Indiana Jones Tee,L8-m6fd86c,75,https://s3.amazonaws.com/com.images.legiteem8/e2619fe5-abc5-42b0-97c4-150e71f8f396-202402054353%40blurHash%3DSmpFe2F7alt%2BcWpALTtXQg%3D%3D.jpeg,1
1172,Fruit of the Loom,L8-lnv5nra,550,https://s3.amazonaws.com/com.images.legiteem8/cafb7915-3964-456d-a3db-dae0abfaa41d-20240205171826%40blurHash%3DSkxJfUx3fkJfTXQ1MDFJbw%3D%3D.jpeg,1
1173,All Sport Proweight,L8-9s2whi1,75,https://s3.amazonaws.com/com.images.legiteem8/5ebed147-5e3b-4990-885d-07c0a2e362f6-20240204163544%40blurHash%3DSldEOWVoUmp%2BVlJrP0dXQw%3D%3D.jpeg,1
1174,Fashion Victim,L8-dler7jn,600,https://s3.amazonaws.com/com.images.legiteem8/cd317091-e930-4a93-b2ca-13ff4d29c178-20240205142633.jpeg,1
1175,Redwood,L8-9phhuv7,1000,https://s3.amazonaws.com/com.images.legiteem8/53151c7c-560b-41e3-8068-2335e5942b33-20240206212318%40blurHash%3DSjhDWlI9Xmt9NXhWfnB3XQ%3D%3D.jpeg,1
1176,iron maiden aop,L8-crjji2b,200,https://s3.amazonaws.com/com.images.legiteem8/a0847f51-ef68-4521-bc1c-b19aad46e38f-20240206213022%40blurHash%3DSkJJfSM5flV6LSQlMDBvTQ%3D%3D.jpeg,1
1177,Fruit of the Loom,L8-p8re718,700,https://s3.amazonaws.com/com.images.legiteem8/e1b62f1e-219b-4978-9a53-c08bf9353051-20240206233722%40blurHash%3DSktGIz9AfSt5RkVtME5FMg%3D%3D.jpeg,1
1178,Giant,L8-5j0lgi9,180,https://s3.amazonaws.com/com.images.legiteem8/7b3ef755-8516-4654-93cb-90ed60b4e0b3-2024020516452%40blurHash%3DSkRFMkAxTkh%2BQVdWbkx0UQ%3D%3D.jpeg,1
1179,desperado movie promo tag M ,L8-pcf57gr,80,https://s3.amazonaws.com/com.images.legiteem8/86cc45cd-c22f-4e6d-a14f-7f8bff5caeb4-20240205222854%40blurHash%3DSmxGNjJ1eHV%2BcHQ3P2FvZg%3D%3D.jpeg,1
1180,SNOOP DOGG THA DOGG POUND RAP TEE,L8-7nttb7c,600,https://s3.amazonaws.com/com.images.legiteem8/78196af4-801c-4565-831c-4aa2c681b6dc-202402067714%40blurHash%3DSlFGaTN9b2Ytbk17fldXQg%3D%3D.jpeg,1
1181,CCI,L8-ho76ub9,150,https://s3.amazonaws.com/com.images.legiteem8/a188131e-5288-4b9b-93cd-22c0bdd47c5b-20240206215816%40blurHash%3DSjg4Ty1eRW1HSz17elQ5RQ%3D%3D.jpeg,1
1182,No Doubt - Tragic Kingdom - Euro Parking Lot Boot,L8-tate73u,150,https://s3.amazonaws.com/com.images.legiteem8/f68695e1-d4d5-4ebd-a0ec-333191093ed9-202402070152%40blurHash%3DSkFIQl9BeHV%2BWFJqMDBvZg%3D%3D.jpeg,1
1183,Fruit of the Loom,L8-cubprel,400,https://s3.amazonaws.com/com.images.legiteem8/2680dd5d-ca7b-43d5-9420-23104dd1599e-20240206213458%40blurHash%3DSjFDWk8qXmpIQ2JYMDA5Wg%3D%3D.jpeg,1
1184,Chicago Bulls Rap Tee,L8-vffnm09,300,https://s3.amazonaws.com/com.images.legiteem8/8e50ca4f-2296-4d42-a5ca-902074fc0987-20240206163628%40blurHash%3DSk9GT3U7fkI1U0pBPVo9ew%3D%3D.jpeg,1
1185,AAA,L8-h905bv0,100,https://s3.amazonaws.com/com.images.legiteem8/be8d9a3b-0607-4a8f-a4e6-12584c9d2387-20240206214028%40blurHash%3DSmVLVUdAdFNfTlJQdFN0Ug%3D%3D.jpeg,1
1186,Giant,L8-bn0csv8,100,https://s3.amazonaws.com/com.images.legiteem8/deb79ba3-0c71-4194-8aba-592b9d27e177-20240208173825%40blurHash%3DSkZESXdTfUB5WEUkNC5JcA%3D%3D.jpeg,1
1187,Mosquitohead,L8-5lnomg7,500,https://s3.amazonaws.com/com.images.legiteem8/2fa558fa-8f12-4fa8-9e73-bceffa78331b-202402106539%40blurHash%3DSktGRnttX04sK0k5cjpSTw%3D%3D.jpeg,1
1188,Fruit of the Loom,L8-lvwhg2b,50,https://s3.amazonaws.com/com.images.legiteem8/0198ff15-bb95-4224-95c4-89c42e582ef3-2024021021056%40blurHash%3DSjJGTyQ5PVtdfT1fXmhzOA%3D%3D.jpeg,1
1189,Giant,L8-dpoo6ej,100,https://s3.amazonaws.com/com.images.legiteem8/beec234c-38d4-4669-8ee8-37a63a319708-20240208174217%40blurHash%3DSkZGRjFAfXJ5cUV%2BfkIlMQ%3D%3D.jpeg,1
1190,Stedman Super Hi-Cru,L8-ppog2pg,900,https://s3.amazonaws.com/com.images.legiteem8/5e62f3bc-9ddd-4dbe-a0ea-9d4f5b023dc2-20240209193732%40blurHash%3DSkRDWklkP2J%2BcGpaOF9Eag%3D%3D.jpeg,1
1191,Liquid Blue,L8-509wp5k,150,https://s3.amazonaws.com/com.images.legiteem8/9f7c0cc8-0201-489f-bfe0-d6eca6e56184-20240212143027.jpeg,1
1192,Fruit of the Loom Heavy,L8-qucubt2,200,https://s3.amazonaws.com/com.images.legiteem8/aa8a3662-65d3-4458-a64a-bf5b4cb6dd60-202402096953%40blurHash%3DSklEbDRmfUB%2BOUkufkFOSA%3D%3D.jpeg,1
1193,Liquid Blue,L8-otsenm0,90,https://s3.amazonaws.com/com.images.legiteem8/ab0a180a-20a5-4cf5-9ddf-71935750dac6-20240212143838.jpeg,1
1194,Euro (Generic) ,L8-jjojg5i,500,https://s3.amazonaws.com/com.images.legiteem8/563f6e00-5082-40c1-96c7-3354f502e57b-2024021416734%40blurHash%3DSjRDfnF8ME4wMH5BMDBJbw%3D%3D.jpeg,1
1195,Gildan Active Wear,L8-1dipg5b,80,https://s3.amazonaws.com/com.images.legiteem8/b7d00f90-b6b8-488d-aa3d-790d6ccbd82f-202402147395%40blurHash%3DSkRBQTVjPXt9biRmdmV3Yg%3D%3D.jpeg,1
1196,Screen Stars Best,L8-wogdqds,450,https://s3.amazonaws.com/com.images.legiteem8/9260ab23-02ef-4f85-823f-5e7f9a511c1f-2024021472524%40blurHash%3DSk1GNX5rLS5Sc05MflZ4Wg%3D%3D.jpeg,1
1197,Giant by Tultex,L8-ji9v1bc,2200,https://s3.amazonaws.com/com.images.legiteem8/d04ef316-9348-4ffa-b11e-8235468103b5-202402143307%40blurHash%3DSkpFVT1FOXR%2BUy1VfS1XLg%3D%3D.jpeg,0
1198,Fruit of the Loom,L8-c1w2qm9,500,https://s3.amazonaws.com/com.images.legiteem8/e30f7135-7b17-4b27-bbbd-08bdc367073d-20240215143847%40blurHash%3DSmpGUDF6a0N%2BcXM6XitrQg%3D%3D.jpeg,1
1199,Screen Stars Premium,L8-ug1kfj9,100,https://s3.amazonaws.com/com.images.legiteem8/ed3b1aec-8665-48dd-b31c-cb1c86960452-20240215141425%40blurHash%3DSlRDfkB4V0J%2BVmpbVj9vZg%3D%3D.jpeg,1
1200,Hanes Beefy T,L8-b0mr1dk,1250,https://s3.amazonaws.com/com.images.legiteem8/6d5737b3-cdab-42ff-aab0-f441d84ba8ce-20240217121017%40blurHash%3DSjRKKmVrMDB%2BQjAwOHdJbg%3D%3D.jpeg,1
1201,Fruit of the Loom,L8-8pk5csi,130,https://s3.amazonaws.com/com.images.legiteem8/49b77d5c-0d61-4eda-988d-fa50800d4ae9-2024021631157%40blurHash%3DSjI4TmE7fm9OemZsMDJNfA%3D%3D.jpeg,1
1202,Tultex Superweight,L8-gao2q3n,250,https://s3.amazonaws.com/com.images.legiteem8/1b50deb8-b638-46a5-bd43-7d10256fd718-202402181728%40blurHash%3DSkFGT0p2fVstLiUxMGU5Ww%3D%3D.jpeg,1
1203,Brockum Collection (The),L8-97c61gb,200,https://s3.amazonaws.com/com.images.legiteem8/28529986-99e8-473f-bd80-63605cc85467-20240218174019%40blurHash%3DSjBILX1rX2gwT35wKktIPw%3D%3D.jpeg,1
1204,Fruit of the Loom USA,L8-vvs4829,350,https://s3.amazonaws.com/com.images.legiteem8/64c5dd3f-abb8-40cb-b4c6-c5171cd17fc8-2024021918190%40blurHash%3DSlZNNDJaLVZ9WnhHTTBSUA%3D%3D.jpeg,1
1205,Giant by Tee Jays,L8-w8vkb6t,1500,https://s3.amazonaws.com/com.images.legiteem8/0d4f3ad5-d69f-47ed-8cef-e8c6a2df5bb4-20240219191218%40blurHash%3DSktJIyQyX05%2BNm4kLjlORw%3D%3D.jpeg,1
1206,Screen Stars,L8-fvq2jch,2500,https://s3.amazonaws.com/com.images.legiteem8/538e1bd3-c889-40b9-aba1-b7172bedae2b-202402183277%40blurHash%3DSjJMRFtJMDAwMH5BMDAkeA%3D%3D.jpeg,1
1207,Hanes Beefy T,L8-spf0eu8,100,https://s3.amazonaws.com/com.images.legiteem8/016da9a0-0b9f-4cc8-bcdb-49a466fbb595-20240218225125.jpeg,1
1208,Fashion Victim,L8-2e84p95,100,https://s3.amazonaws.com/com.images.legiteem8/b9736b74-fdc3-4add-81ec-72be0bfe8e90-20240221211452%40blurHash%3DSlNILVtOflctaElvc2lNew%3D%3D.jpeg,1
1209,Fruit of the Loom Heavy,L8-tn7kskh,80,https://s3.amazonaws.com/com.images.legiteem8/143be271-3d26-4a74-bcf3-2bcd9b0bed73-2024022165144%40blurHash%3DSjBCRDFnMDAwMD9yMDB%2BRQ%3D%3D.jpeg,1
1210,Miller,L8-wh9dfaw,900,https://s3.amazonaws.com/com.images.legiteem8/a31dd8fb-347a-484a-aae3-a06a8324f33c-20240221201427%40blurHash%3DSjZLZHJWflgwME17MDBWPw%3D%3D.jpeg,1
1211,Bay Club,L8-enb9klu,600,https://s3.amazonaws.com/com.images.legiteem8/ae8a1e72-16dc-4448-a6e3-8caa27fbce71-20240221234125%40blurHash%3DSlpEdldVb2Z%2BcGpbP2FhfA%3D%3D.jpeg,1
1212,Bay Club,L8-1bsare3,750,https://s3.amazonaws.com/com.images.legiteem8/9f3e968c-ba83-4b0e-b8b6-1d4943838437-20240221223540%40blurHash%3DSlBHSVdIRGhfTjAxLVc5RQ%3D%3D.jpeg,1
1213,Short Hills,L8-bwch0hv,275,https://s3.amazonaws.com/com.images.legiteem8/c970e369-5dab-4a3f-8afc-6688a7d8000d-2024022020326%40blurHash%3DSkFFQ241bn5%2BcW9mMDFSKw%3D%3D.jpeg,1
1214,Giant,L8-67sggpr,100,https://s3.amazonaws.com/com.images.legiteem8/9e17f139-ed03-45b7-9a09-139b208643eb-20240218191915%40blurHash%3DSjA1T3NvRE55Rm5qMDAuQQ%3D%3D.jpeg,1
1215,Nirvana smiley long sleeve top,L8-09e95dg,250,https://s3.amazonaws.com/com.images.legiteem8/7dac0774-f845-4ac6-93cd-ec308f5111ff-2024022117842%40blurHash%3DSkFFQ1VSfUAwZzBmMDB%2BQQ%3D%3D.jpeg,1
1216,Euro (Generic) ,L8-8rcwrmo,1300,https://s3.amazonaws.com/com.images.legiteem8/20e5e350-4d27-42fc-a6a4-5e651e6fb35b-2024021920756%40blurHash%3DSklDR0pWUlB%2BcFZAJUxvTA%3D%3D.jpeg,1
1217,Anvil,L8-pt490jc,500,https://s3.amazonaws.com/com.images.legiteem8/11a79ad4-6e1d-4e6c-9258-1ae9e9c09823-20240225233133%40blurHash%3DSjdGc0diJWclNyVNNFVNeA%3D%3D.jpeg,1
1218,All Sport,L8-ekoli50,250,https://s3.amazonaws.com/com.images.legiteem8/a45f4b10-faec-43e2-a8fe-bdffaabfbdfb-20240225232647%40blurHash%3DSlFCelk1flc5IzlaSVJORw%3D%3D.jpeg,1
1219,method man mary j blige your all that i need rap tee,L8-fv72r9k,800,https://s3.amazonaws.com/com.images.legiteem8/5bf8d035-597e-41d5-adfd-e71e49e3964c-20240223135%40blurHash%3DSjNCM3l4flcwMElUMDA5YQ%3D%3D.jpeg,1
1220,Cross Colours,L8-nl796gw,50,https://s3.amazonaws.com/com.images.legiteem8/4de4f4bf-9680-4d63-8729-66067f1ff816-2024021817249%40blurHash%3DSmVMZ0BOTXslTm9mfnF4dQ%3D%3D.jpeg,1
1221,Trinity Products,L8-qfd3wo9,175,https://s3.amazonaws.com/com.images.legiteem8/e4e15baa-3741-4db0-b59f-cf8d4955e4cf-2024022732356%40blurHash%3DSkhFQzgqXip%2BVC1vP1ktbg%3D%3D.jpeg,1
1222,AAA,L8-p2lkhjh,300,https://s3.amazonaws.com/com.images.legiteem8/41bb6db7-6e05-4d7c-8488-4f665d2545c1-2024022620522%40blurHash%3DSmtFe2FfdDd%2BcFdDP2FqWg%3D%3D.jpeg,1
1223,up in smoke tour rap tee ,L8-hmdd99h,400,https://s3.amazonaws.com/com.images.legiteem8/10442067-1535-4daa-9539-fc083c84e6af-20240226234637%40blurHash%3DSj9HdXQ4dDZ%2BcG9mP0hheA%3D%3D.jpeg,1
1224,Screen Stars,L8-1ukou37,150,https://s3.amazonaws.com/com.images.legiteem8/022c3e16-0f03-4623-93ae-69824ce6fa07-20240225223743%40blurHash%3DSklCV2IuLTt%2BcCVNJUxvZg%3D%3D.jpeg,1
1225,1990's Pervert Shirt- 516 305,L8-p96kcll,400,https://s3.amazonaws.com/com.images.legiteem8/8a2b654a-6fbb-4004-aa2a-cad230b0d05e-20240227215155%40blurHash%3DSjVFZktDOWJ%2BcGY1MDBNXw%3D%3D.jpeg,1
1226,Giant,L8-1bq5i8n,500,https://s3.amazonaws.com/com.images.legiteem8/bc125d67-63a3-4523-a459-616eb8c93625-2024022912722%40blurHash%3DSlFEY1VSdDd%2BcG9mP2FqPw%3D%3D.jpeg,1
1227,Mosquitohead,L8-ul4p68e,1500,https://s3.amazonaws.com/com.images.legiteem8/d92cb27f-8d14-4d39-ba8c-7775eebbd675-20240229201429%40blurHash%3DSkVFe0lNflZPdDQ7LW9qWQ%3D%3D.jpeg,1
1228,Signal Sports,L8-n1d7uw6,150,https://s3.amazonaws.com/com.images.legiteem8/6498537e-05ee-48db-825d-8b6870c43b4e-2024030154220%40blurHash%3DSjE4cTQufnElUElWMDBSJQ%3D%3D.jpeg,1
1229,American Thunder,L8-l7pd8vj,180,https://s3.amazonaws.com/com.images.legiteem8/7854e666-70e0-4537-8fc1-fee25b17ec0a-20240301153718%40blurHash%3DSktEbHBGPXx%2Bbm98XiskJQ%3D%3D.jpeg,1
1230,Brockum,L8-hkdhdu7,300,https://s3.amazonaws.com/com.images.legiteem8/89343cdd-0a89-4cab-b38f-6c82a6e9cfbf-2024030401540%40blurHash%3DSkhCcEM2RTF%2BV0lWLjdNfA%3D%3D.jpeg,1
1231,Miller,L8-sld96nc,500,https://s3.amazonaws.com/com.images.legiteem8/0bc39eba-15aa-4dcd-9217-9abbaec7ad29-2024030442410%40blurHash%3DSjdCey5OflYlTXh0MDA0Lg%3D%3D.jpeg,1
1232,sonics crewneck,L8-hdttrn3,240,https://s3.amazonaws.com/com.images.legiteem8/8c28d161-d4df-42e7-9be9-e617950a9e10-202403043340%40blurHash%3DSkdGIyxjMGZ%2BcV5qXk9OSA%3D%3D.jpeg,1
1233,Screen Stars,L8-6fagf4v,3000,https://s3.amazonaws.com/com.images.legiteem8/4dc8eb06-f09f-4c7c-bb72-fd6016e3f961-20230725151111%40blurHash%3DSk1CfEhKTXt%2BVk5HLW5New%3D%3D.jpeg,1
1234,World Industries FlameBoy,L8-8vmabb1,75,https://s3.amazonaws.com/com.images.legiteem8/2c11b076-9e5e-4cec-bae9-145c7a04a30d-2024030451338%40blurHash%3DSkRBbTlvczp%2BcFdCJSNXQg%3D%3D.jpeg,1
1235,Alien Workshop Elvis ,L8-4pv6up0,80,https://s3.amazonaws.com/com.images.legiteem8/767659cd-be82-4423-8259-418ff23a04b0-202402256504%40blurHash%3DSjc5JVAxJTF%2BcXMuT1hKOA%3D%3D.jpeg,1
1236,Fashion Victim,L8-2g1if7c,700,https://s3.amazonaws.com/com.images.legiteem8/52ef725f-5a30-4c98-9985-0c0665c34cc0-20240305165421%40blurHash%3DSkRLdyV4ckRfTXlESW9vZw%3D%3D.jpeg,1
1237,Hanes,L8-r369v5j,500,https://s3.amazonaws.com/com.images.legiteem8/6c1aa2b9-d41a-4252-b42d-1d1f955146f9-20240301212213%40blurHash%3DSkpJI3J2V1h%2BcXQ3SzBqWw%3D%3D.jpeg,1
1238,Winterland Productions,L8-3n9tpl6,200,https://s3.amazonaws.com/com.images.legiteem8/83ce9c47-d751-4956-97d2-d8a5639919dc-20240306163418%40blurHash%3DSkVHbDZWa0I9e3Q3X01Sag%3D%3D.jpeg,1
1239,Slayer - Mandatory Suicide - 1988 - Banned Shirt,L8-uilaklh,1300,https://s3.amazonaws.com/com.images.legiteem8/4067dfe1-e922-46a1-a578-eb4c07d7dd93-202403072517%40blurHash%3DSjdBVFdSeHR%2BcHQ3MDBNfA%3D%3D.jpeg,1
1240,Hanes Fifty-Fifty,L8-as0vn8t,5,https://s3.amazonaws.com/com.images.legiteem8/d1bdb050-c6ad-4613-96ea-45b143990d2b-20240308732%40blurHash%3DSlZKW1J%2BJWd%2BcE17Vj9WQA%3D%3D.jpeg,1
1241,Touch of Gold,L8-fjakd1b,800,https://s3.amazonaws.com/com.images.legiteem8/e4493574-2a1a-49ee-b574-3d965b7e9335-20240307182954.jpeg,1
1242,Hanes,L8-hch14vb,100,https://s3.amazonaws.com/com.images.legiteem8/011ad814-f756-4793-b265-23bcd1c1800f-20240308132221%40blurHash%3DSjlIbStJQ2ozcn1CMEskKg%3D%3D.jpeg,1
1243,judge dredd,L8-pv3r0ig,50,https://s3.amazonaws.com/com.images.legiteem8/cbcfddad-f79e-4bb1-8166-ccbef5b79e95-20240229135522.jpeg,1
1244,Birdhouse,L8-i88ewbc,80,https://s3.amazonaws.com/com.images.legiteem8/e41e9b4a-9a44-434f-b7d1-4dc78062055b-2024030721215%40blurHash%3DSktFQ2c6TXstOm9mflZSag%3D%3D.jpeg,1
1245,“90s” Hole Band Tee,L8-ufrqkm6,100,https://s3.amazonaws.com/com.images.legiteem8/ed3ec9dd-57af-44f0-bea8-302b880a020e-2024030952028%40blurHash%3DSjVBMHpLeHV%2BcCVMSW94dA%3D%3D.jpeg,1
1246,SONIC YOUTH & SUN RA 1992 CENTRAL PARK CONCERT,L8-lhu4p2e,1500,https://s3.amazonaws.com/com.images.legiteem8/5bc440b9-8abb-4cb7-b14c-0cfc741208dc-2024031083935%40blurHash%3DSjlJRSowMDB%2BcVJqfnFhZQ%3D%3D.jpeg,1
1247,Brockum Group (The),L8-uat70kr,350,https://s3.amazonaws.com/com.images.legiteem8/2c9a28bf-4ac0-42ab-9f50-b5802c5d4f1b-2024031172925%40blurHash%3DSjBBdl45Q1AwMH1YMDAwMQ%3D%3D.jpeg,1
1248,Metallica ,L8-edmc767,150,https://s3.amazonaws.com/com.images.legiteem8/b8b75059-d350-4c10-87cf-cc04a8de3c12-20240310101722%40blurHash%3DSko5fitbUlBCb05GfUBSaQ%3D%3D.jpeg,1
1249,Liquid Blue,L8-g08bpqm,225,https://s3.amazonaws.com/com.images.legiteem8/c9616018-7108-4a37-9e20-4db029023338-2024031181157%40blurHash%3DSlNHdTVlfldJOklWUk9zUw%3D%3D.jpeg,1
1250,TOP,L8-qnhrm0p,600,https://s3.amazonaws.com/com.images.legiteem8/28251d30-cca4-4bb7-9bb6-5111974a360c-202403101942%40blurHash%3DSmFGTzFDfVssRSRQSVZOSA%3D%3D.jpeg,1
1251,Comice Images Spiderman ,L8-n39b7wd,180,https://s3.amazonaws.com/com.images.legiteem8/c31a7f1b-ef26-4ec4-b4ef-60c9ce1427c0-202403095233%40blurHash%3DSlJHSDslfUA1UzldUjR4Wg%3D%3D.jpeg,1
1252,Liquid Blue,L8-ph94l1l,500,https://s3.amazonaws.com/com.images.legiteem8/50f557dd-735d-4fef-b98e-aa4be6d29d90-2024030816306%40blurHash%3DSkVJTldfPUAwMHQ3MHVEKw%3D%3D.jpeg,1
1253,Hanes,L8-nis50ii,500,https://s3.amazonaws.com/com.images.legiteem8/0a727486-3d8d-443c-afb9-cafe1fe22b93-20240311201752%40blurHash%3DSk5GTytMeF1fTXM4P3ZOeQ%3D%3D.jpeg,1
1254,Jerzees,L8-n9rod2t,350,https://s3.amazonaws.com/com.images.legiteem8/3dcad17c-079f-458f-866d-1ae4ed65dd42-20240311225355%40blurHash%3DSktFXyVNfXExTzVTTWN4RA%3D%3D.jpeg,1
1255,Spiderman resurection ,L8-16pkk6p,700,https://s3.amazonaws.com/com.images.legiteem8/9a805792-377a-47d4-aeb7-eb2b984b9d52-202403112302%40blurHash%3DSkNGfXAxfUYwOzVsdmVqRQ%3D%3D.jpeg,1
1256,Giant,L8-047aadu,350,https://s3.amazonaws.com/com.images.legiteem8/838dde42-2808-46b1-97b3-ba803a183a3b-202403121717%40blurHash%3DSjRCeV1YXzIubT9ITUlrVw%3D%3D.jpeg,1
1257,Metallica Rebel Tour Sample,L8-jcbfp4b,200,https://s3.amazonaws.com/com.images.legiteem8/5d52cf02-a47e-43b3-9b69-497e1a5b9fab-2024031217113%40blurHash%3DSkpFTCRdUiQuNk18fVM0Ow%3D%3D.jpeg,1
1258,80's Sub Pop thermal shirt,L8-35j9bup,200,https://s3.amazonaws.com/com.images.legiteem8/b1c1576d-cc43-43bf-8504-7e9798ca290d-202403061016%40blurHash%3DSmVLbjkkb31%2BQldDUSxheQ%3D%3D.jpeg,1
1259,1990 Nirvana Bleach Sub pop vintage shirt,L8-bnddj3k,2800,https://s3.amazonaws.com/com.images.legiteem8/32c12990-d8ca-4e38-89ee-862493086be8-2024031341314%40blurHash%3DSkFGciMwbyN9KldVeixSag%3D%3D.jpeg,1
1260,Menace 2 Society,L8-pbs85mc,150,https://s3.amazonaws.com/com.images.legiteem8/0292ce9d-a2dc-4cfd-848f-08abeb02eb55-202403140128%40blurHash%3DSkJPb2tiXjQuaj91MDBNeQ%3D%3D.jpeg,1
1261,Gildan Active Wear,L8-7h001kt,0,https://s3.amazonaws.com/com.images.legiteem8/b7d00f90-b6b8-488d-aa3d-790d6ccbd82f-202402147395%40blurHash%3DSkRBQTVjPXt9biRmdmV3Yg%3D%3D.jpeg,1
1262,Euro (Generic) ,L8-ssq4qdt,1000,https://s3.amazonaws.com/com.images.legiteem8/8162517a-147c-4bf7-9d63-278af4bd2a62-2024031441511.jpeg,1
1263,Giant,L8-h7wt6cc,380,https://s3.amazonaws.com/com.images.legiteem8/8a780e0e-f416-4e1d-b8ab-336f5473c44e-2024031321235.jpeg,1
1264,the doors,L8-q0uhb2k,200,https://s3.amazonaws.com/com.images.legiteem8/2c3bf54b-8cda-48d9-89ee-f2501d885c26-20240314175259%40blurHash%3DSjI4Z2dHXU8wMEdHLjdzOg%3D%3D.jpeg,1
1265,Fruit of the Loom,L8-h2fdqqe,300,https://s3.amazonaws.com/com.images.legiteem8/50233c5b-36fe-44cb-acf7-aa9e11582b3b-2024031481354%40blurHash%3DSmZMenB2P15veGUtLTtSag%3D%3D.jpeg,1
1266,Delta Pro Weight,L8-csg3dsd,250,https://s3.amazonaws.com/com.images.legiteem8/ae80f299-6bb3-4d90-9d68-410c810d2722-20240314213131%40blurHash%3DSjBDWkNVMDEwMDAyMDAwMQ%3D%3D.jpeg,1
1267,Master P rap tee ,L8-8lssma7,400,https://s3.amazonaws.com/com.images.legiteem8/2c86e2e1-440d-4faa-bb23-384c034f7b27-20240314234413%40blurHash%3DSmRGckZkeEd%2BcE5hflZzbw%3D%3D.jpeg,1
1268,Mosquitohead,L8-utglj7v,1300,https://s3.amazonaws.com/com.images.legiteem8/3e778993-517f-41fb-9e46-9bf1c842797a-2024031651211%40blurHash%3DSmNGcmtreHVyclJrfT10Ng%3D%3D.jpeg,1
1269,2 pac california love ,L8-1obj9i1,650,https://s3.amazonaws.com/com.images.legiteem8/d6d875e6-1ca5-4012-8765-592c41675e7a-2024031651859%40blurHash%3DSmNEbFpmWDl9PU18XiVYOA%3D%3D.jpeg,1
1270,Giant by Tultex,L8-i515emi,2000,https://s3.amazonaws.com/com.images.legiteem8/7588eb32-b3a8-48a8-923c-60e3ac846b6e-2024031764928%40blurHash%3DSklGaHF%2BfkN5ckVNXit4Wg%3D%3D.jpeg,1
1271,Sporstwear,L8-fkb4mbv,100,https://s3.amazonaws.com/com.images.legiteem8/bd4d5e42-61b3-489e-8b0c-d5766768c03d-2024031495549%40blurHash%3DSjNCTWxCX01RLWp0MDBpXg%3D%3D.jpeg,1
1272,pearl jam ,L8-jt49d22,600,https://s3.amazonaws.com/com.images.legiteem8/9cc3d9d1-090a-4f86-a834-cea75841c87d-20240316194233%40blurHash%3DSkxGNX5mXiUwMEUyfkIlMQ%3D%3D.jpeg,1
1273,iron maiden daily bugle ,L8-ag8296n,800,https://s3.amazonaws.com/com.images.legiteem8/a32a7bf9-e27f-41ed-84e2-40385677a84e-20240316195554%40blurHash%3DSjVLVCNxflZfT3dhMDBhMA%3D%3D.jpeg,1
1274,Hanes,L8-v9p2nqa,500,https://s3.amazonaws.com/com.images.legiteem8/f7cd2cab-2fbd-4ba0-815e-37a79df3bb20-20240316222237%40blurHash%3DSkVLLWQtTXstOiVMflZXQg%3D%3D.jpeg,1
1275,Brockum Group (The),L8-449m0db,350,https://s3.amazonaws.com/com.images.legiteem8/c48b0588-9765-415c-938e-04c86080eaea-2024031623434%40blurHash%3DSjhDaT9mXit%2BVXhhMDBEJQ%3D%3D.jpeg,1
1276,Handtex,L8-wh89dlf,700,https://s3.amazonaws.com/com.images.legiteem8/2db7094b-2c8c-4a22-9250-e67a5475a39c-2024031764535%40blurHash%3DSk9JNHElfXMqSjVSfkItcA%3D%3D.jpeg,1
1277,Euro (Generic) ,L8-a80a6n6,250,https://s3.amazonaws.com/com.images.legiteem8/472bcbd6-b28c-44cb-97b5-a8b2d5c8b954-2024031710322%40blurHash%3DSiRHUm47ZlJ%2BVmZRP0dqWw%3D%3D.jpeg,1
1278,Marliyn Manson Mexican Boot,L8-bkejpwe,400,https://s3.amazonaws.com/com.images.legiteem8/7016696e-b4f6-4f54-986d-5013df8fdac4-20240317121826%40blurHash%3DSkFCcFh6OUVeK3haflZSJQ%3D%3D.jpeg,1
1279,Dragonball Z Peyote,L8-sn96ldu,560,https://s3.amazonaws.com/com.images.legiteem8/cd8e58f6-f8ae-45b4-b39c-e49553da9464-20240316194426%40blurHash%3DSlJGfVRVfVpvfWtCQUQ5XQ%3D%3D.jpeg,1
1280,Hanes,L8-jksojlk,450,https://s3.amazonaws.com/com.images.legiteem8/a45377cc-f1f0-4a50-9816-0abc8c386aab-2024031721225%40blurHash%3DSlNFVjdAfkJUMDl1TkdFTQ%3D%3D.jpeg,1
1281,Murina,L8-lm0kkup,150,https://s3.amazonaws.com/com.images.legiteem8/95eba74b-1ac3-435b-a942-0640851acc91-20240317184644%40blurHash%3DSjZBdzlvP2J%2BcGF5MDBNew%3D%3D.jpeg,1
1282,Giant by Tee Jays,L8-vo2rsnd,200,https://s3.amazonaws.com/com.images.legiteem8/5e940f7d-897b-4295-b9d3-8916f82e924e-20240317194453%40blurHash%3DSmhEVDNVV0F%2BOGFkXiVhZQ%3D%3D.jpeg,1
1283,Hanes Heavyweight,L8-ph7c9ol,1050,https://s3.amazonaws.com/com.images.legiteem8/664970f7-5243-4433-9d8d-996d29bbada3-20240316193431%40blurHash%3DSmJLZFZXdCR0OmtFT213TQ%3D%3D.jpeg,1
1284,Hanes Heavyweight,L8-rju28ik,725,https://s3.amazonaws.com/com.images.legiteem8/ad00f442-a739-42c6-bd5c-096f4a583282-20240316233029%40blurHash%3DSjhEdWYwW1d%2BQkhAMGVSag%3D%3D.jpeg,1
1285,Handtex,L8-qqbg55j,210,https://s3.amazonaws.com/com.images.legiteem8/edd9e1fc-05b0-426f-ba17-feec1941a510-2024031710115%40blurHash%3DSkVJfVk2b2Z%2BVnh0VkBNew%3D%3D.jpeg,1
1286,All Sport,L8-9hdlkhm,360,https://s3.amazonaws.com/com.images.legiteem8/37482c3f-ee71-4f2e-8f2a-0c91520de9a0-202403175428%40blurHash%3DSjNLMWd3LTswMCVNe0heKg%3D%3D.jpeg,1
1287,Giant by Tultex,L8-5dmntqo,800,https://s3.amazonaws.com/com.images.legiteem8/aabb21d0-c847-46a8-a132-c5542a00bc41-20240317123821%40blurHash%3DSmhKOFY5UlAqMG8jLTthZQ%3D%3D.jpeg,1
1288,TOP,L8-8da37cg,500,https://s3.amazonaws.com/com.images.legiteem8/2d46e0c8-83b8-4418-b5ec-a8b2c611c355-202403175571%40blurHash%3DSjNEY0teOVpfNC1wMDBEJQ%3D%3D.jpeg,1
1289,Tultex,L8-n7chmle,800,https://s3.amazonaws.com/com.images.legiteem8/a8ab0463-2100-415f-89fd-e9c2a8bee841-2024031732443%40blurHash%3DSlNJNC01fnEtO3h1TmRvZg%3D%3D.jpeg,1
1290,Great Entertainment,L8-q9riomq,100,https://s3.amazonaws.com/com.images.legiteem8/05995105-e5e1-4a5b-ade8-99a2e8d527fa-20240316225216%40blurHash%3DSjZBbXVLTXh%2BcFdCMDB4dQ%3D%3D.jpeg,1
1291,All Sport Events,L8-s4701lt,560,https://s3.amazonaws.com/com.images.legiteem8/ed62e8ae-c741-4ef6-9152-48a771b0917a-2024031723255%40blurHash%3DSm1EK3JNb2Z%2BOW9MPV5vZQ%3D%3D.jpeg,1
1292,M&O Knits,L8-md4dwuj,100,https://s3.amazonaws.com/com.images.legiteem8/cbd9bd75-0689-4bed-86aa-cf8ba5aec42f-202403181268%40blurHash%3DSktEK1lqfT9%2BVlMkeG9TJA%3D%3D.jpeg,1
1293,90’s euro Nirvana tee,L8-v24qe53,1000,https://s3.amazonaws.com/com.images.legiteem8/dd6ecb11-9dea-451a-80da-be6731b55ed0-20240317144658%40blurHash%3DSkNBSi5uLTp%2BVXh0RCtSaw%3D%3D.jpeg,1
1294,Giant by Anvil,L8-9ewklsl,200,https://s3.amazonaws.com/com.images.legiteem8/ce2ad8fc-027f-4e38-8779-f75b3ae705d5-20240317213056%40blurHash%3DSk5HSHJJS059R0k6I1NvMg%3D%3D.jpeg,1
1295,Giant by Tee Jays,L8-48k5oht,2100,https://s3.amazonaws.com/com.images.legiteem8/c4d7f00a-dc08-48a5-ada0-3c040f0a9db3-20240317214636%40blurHash%3DSk5GfVsra1h1T3NwfkJmNg%3D%3D.jpeg,1
1296,1994 nin,L8-eu1blce,300,https://s3.amazonaws.com/com.images.legiteem8/a7d2ec55-aae0-4d81-97b7-c508501bd9c2-2024031835435%40blurHash%3DSkJCREF4V0deJHhHfjIlMQ%3D%3D.jpeg,1
1297,Salem Sportswear,L8-pasb462,800,https://s3.amazonaws.com/com.images.legiteem8/e3b1b18b-b5ab-4014-a102-f75f2969b7e5-2024031714447%40blurHash%3DSjdBQWRrSXAwMHNSfnBUMA%3D%3D.jpeg,1
1298,Bay Club,L8-k9d26tj,700,https://s3.amazonaws.com/com.images.legiteem8/fe4dbe3b-6967-4669-a512-ba7b9f2e7014-20240316201035%40blurHash%3DSklBLHxZS25dd0UzXmZXVw%3D%3D.jpeg,1
1299,Wario Land: Super Mario Land 3,L8-r673e5o,300,https://s3.amazonaws.com/com.images.legiteem8/e9d78bb3-e814-4a69-8a6b-6b29648da2db-2024031423110.jpeg,1
1300,Optima,L8-ruv2h5v,750,https://s3.amazonaws.com/com.images.legiteem8/7547be3e-0a13-4f44-a8ee-3f460bfc4753-20240317171732%40blurHash%3DSkdDQH17P1t3Tk16YWNuJQ%3D%3D.jpeg,1
1301,Fruit of the Loom,L8-i16vk6a,850,https://s3.amazonaws.com/com.images.legiteem8/7f0c5ec3-02e7-4683-ba07-04a91329e598-20240317104631%40blurHash%3DSjlFZHU1QlBEMV0uNW1FTQ%3D%3D.jpeg,1
1302,Euro (Generic) ,L8-sip8o7n,1500,https://s3.amazonaws.com/com.images.legiteem8/d39481c8-392f-441a-9629-d60dd5a4e5dd-2024031712266%40blurHash%3DSjlKUmFFMGd9Oi07d3xzKw%3D%3D.jpeg,1
1303,Screen Stars,L8-krajsjw,2500,https://s3.amazonaws.com/com.images.legiteem8/5dc36493-3fd8-4382-a376-a8e6abe352af-20240318141844%40blurHash%3DSk5JWHNyPVh%2Bbz9hMDB0UQ%3D%3D.jpeg,1
1304,Mosquitohead,L8-3r3bpd2,1200,https://s3.amazonaws.com/com.images.legiteem8/d8dffc74-fdbb-43ac-b536-887f1bc60020-2024031764213%40blurHash%3DSjJLbXcjMDIwMCpJMHl2TQ%3D%3D.jpeg,1
1305,All Sport Events,L8-j06cts3,850,https://s3.amazonaws.com/com.images.legiteem8/0d8d9d75-ddc4-4c9f-8bf9-13c67a6a33b8-20240316231538%40blurHash%3DSkZDc2FJdDd%2BV2tDRCRhfQ%3D%3D.jpeg,1
1306,Hanes Heavyweight,L8-oqtu43d,1250,https://s3.amazonaws.com/com.images.legiteem8/d346cfdd-a140-4ffe-aeb4-16d8e647cf52-20240317143352%40blurHash%3DSjFHYlA0MDBfaDAwMDAwNQ%3D%3D.jpeg,1
1307,WWF,L8-dw0pbn2,800,https://s3.amazonaws.com/com.images.legiteem8/a7e4b629-e86f-4a67-ba03-4dd03d65dde5-20240318181846.jpeg,1
1308,90 Biggie Rap Tee,L8-esa91e2,800,https://s3.amazonaws.com/com.images.legiteem8/734051e1-da48-43b7-bce8-d1957a318087-20240318182948%40blurHash%3DSkVFVmo5fWwwNDVyXk8tVA%3D%3D.jpeg,1
1309,GEM,L8-7t76u6e,450,https://s3.amazonaws.com/com.images.legiteem8/5889a366-a430-4cf2-9c17-0b6b7b99b063-20240318183712%40blurHash%3DSlBIMjduXjRfTUVNJU1XPQ%3D%3D.jpeg,1
1310,Giant,L8-ir4f9qe,320,https://s3.amazonaws.com/com.images.legiteem8/da6295a1-3b85-4e07-91e4-ed47ee8041f7-2024031843529%40blurHash%3DSlhDcitSYkp%2BOWtEXmlXPQ%3D%3D.jpeg,1
1311,Giant by Tultex,L8-7l6p0qm,2150,https://s3.amazonaws.com/com.images.legiteem8/57903c82-16e0-45bc-9bd2-1370af9bfb55-20240318142211%40blurHash%3DSkRCTWJeXmpfTEVNfm9XQQ%3D%3D.jpeg,1
1312,Giant by Tultex,L8-ibve2nq,450,https://s3.amazonaws.com/com.images.legiteem8/f365bd56-c107-40ee-a0b4-9858c75cac44-20240318181339%40blurHash%3DSkRKKkx9NFRJO19OUk5fTg%3D%3D.jpeg,1
1313,Mosquitohead,L8-gep0ljj,850,https://s3.amazonaws.com/com.images.legiteem8/6cc4af1d-0e15-4849-b604-8014975efb0e-2024031823454%40blurHash%3DSk5JcXIqVlpfTTl1Uk90Nw%3D%3D.jpeg,1
1314,Ice Cube Rap Tee,L8-vuf8tcn,700,https://s3.amazonaws.com/com.images.legiteem8/82a8b16d-a22d-415e-bd61-ab1ebd122a93-2024031841917%40blurHash%3DSlFGcjlJTXh4VXhdfkFSaw%3D%3D.jpeg,1
1315,TOP,L8-mg0klcm,600,https://s3.amazonaws.com/com.images.legiteem8/e737b45a-9b17-4641-8a4c-8a5456cd134a-2024031833629%40blurHash%3DSjdEU3pRfnBhS3M6MDA5Rg%3D%3D.jpeg,1
1316,Short Hills,L8-vs6nv0c,450,https://s3.amazonaws.com/com.images.legiteem8/31ecfa05-e038-430a-ba1d-7445fc33fe8d-2024031815169%40blurHash%3DSlNIMjFJdDd%2BOG9mXiVqWw%3D%3D.jpeg,1
1317,nirvana neon vestibule ,L8-bvvqqci,850,https://s3.amazonaws.com/com.images.legiteem8/64905488-c796-4b39-9633-db295201104b-2024031823945%40blurHash%3DSkhLS2NvflUwMEUzMDBJVg%3D%3D.jpeg,1
1318,Hanes,L8-mew3775,1250,https://s3.amazonaws.com/com.images.legiteem8/5458a634-76cc-47a0-8689-15afd2a80894-2024031831256%40blurHash%3DSk9JOy1UJU1%2BVmFlMDBOYQ%3D%3D.jpeg,1
1319,90s Korn Follow the leader Peyote,L8-1ftad5v,100,https://s3.amazonaws.com/com.images.legiteem8/5916a989-cb7c-4e1b-888c-530dd5acec85-20240318145118%40blurHash%3DSk9HSHVSfVc5fTldTV9WQA%3D%3D.jpeg,1
1320,Hanes,L8-8kt2j8d,1800,https://s3.amazonaws.com/com.images.legiteem8/3436a382-2939-4ebe-bf9a-009976503d1e-20240318182349%40blurHash%3DSjZGfkVoe2UwMExMdko9Rw%3D%3D.jpeg,1
1321,Giant by Tultex,L8-hsa1w1p,350,https://s3.amazonaws.com/com.images.legiteem8/d8a43f2a-6864-4c9c-9d5d-38c58fc753ae-20240318211155%40blurHash%3DSkhEXVllOUdhSHh0flYlTQ%3D%3D.jpeg,1
1322,Hanes Ultraweight,L8-a3vp12m,700,https://s3.amazonaws.com/com.images.legiteem8/db6fc141-ca0a-443c-ae27-8c0972ffd29d-20240318213144%40blurHash%3DSkxKa1ExVnN%2BVXQ2TnRiYg%3D%3D.jpeg,1
1323,Hanes Ultraweight,L8-tn6uinc,350,https://s3.amazonaws.com/com.images.legiteem8/01adaf27-c459-4bb5-8340-8c0a2ae0458f-20240318215456%40blurHash%3DSmJGcmhWdDd%2Bbm9mflVvZg%3D%3D.jpeg,0
1324,Oneita Power-T,L8-jd7pfpq,1000,https://s3.amazonaws.com/com.images.legiteem8/edfbca18-de46-4bfa-91de-c131f5ecd610-20240318231823%40blurHash%3DSjlMZztCXip%2BcT91MDBEag%3D%3D.jpeg,1
1325,Fruit of the Loom USA,L8-ww0c89f,200,https://s3.amazonaws.com/com.images.legiteem8/2deba731-707c-4b1c-924b-61b9a52425a7-2024031903451%40blurHash%3DSmJEbGkqVlt%2BQWF8XmlvZg%3D%3D.jpeg,1
1326,90s bone thugs n harmony art of war rap tee,L8-82icvfc,550,https://s3.amazonaws.com/com.images.legiteem8/43c635d1-04d9-477c-84d0-bb387c774d49-2024031814341%40blurHash%3DSmZGPWdoUjV%2BQlZzP0dWcw%3D%3D.jpeg,1
1327,Oneita Power-T,L8-suq7o32,1200,https://s3.amazonaws.com/com.images.legiteem8/ef8680e1-8089-4f30-9fe9-99bfedc9fd8f-202403192643%40blurHash%3DSlRLXkhOdGwqSi1vZD1FMg%3D%3D.jpeg,1
1328,Disney,L8-dcotuj1,600,https://s3.amazonaws.com/com.images.legiteem8/0f06d5c2-6944-4ac6-8fc7-0eaac3d520cb-20240316131114%40blurHash%3DSk5GfXlPfVRUeEFIeF1TNA%3D%3D.jpeg,1
1329,Fruit of the Loom,L8-eankfs8,430,https://s3.amazonaws.com/com.images.legiteem8/870c3850-e1bc-4845-9991-aeb79bfc720f-2024031620646%40blurHash%3DSkxLQkgrfnEkelJqOUZqWg%3D%3D.jpeg,1
1330,Fruit of the Loom,L8-d7284fi,560,https://s3.amazonaws.com/com.images.legiteem8/59ca6ea7-95f7-4b1c-bd2f-9be58e289fb8-2024031717945%40blurHash%3DSjZNQGlyfnFEa0lBNC1EJA%3D%3D.jpeg,1
1331,dragon ball z mexican boot ,L8-ggrtmd4,690,https://s3.amazonaws.com/com.images.legiteem8/1a24e604-4cee-45a9-b4ef-78423304f557-2024031717377%40blurHash%3DSk5FeTYrTmlnUS1nfjlOTQ%3D%3D.jpeg,1
1332,Fruit of the Loom,L8-vlmt22k,595,https://s3.amazonaws.com/com.images.legiteem8/bc5ddd69-ee4a-4d1c-9202-f350a806865d-202403195291%40blurHash%3DSlRKa1pLSVZ%2BVXh0eFRmNg%3D%3D.jpeg,1
1333,Stanley DeSantis,L8-06nsh17,500,https://s3.amazonaws.com/com.images.legiteem8/239f0064-eb98-4bbf-8176-ed20e2ed93c8-20240317205653%40blurHash%3DSkZKUlUweFl%2BcWJJV0JORw%3D%3D.jpeg,1
1334,DBZ all over print,L8-5c4k4ft,560,https://s3.amazonaws.com/com.images.legiteem8/420bc0a1-8498-42c3-99b1-1b69140e0b41-20240318181552%40blurHash%3DSkZHSHxeMCwwcX5BVkRXQw%3D%3D.jpeg,1
1335,Delta,L8-wnjr8u8,650,https://s3.amazonaws.com/com.images.legiteem8/ba43c876-834b-4460-aacd-7c85a5ee8a13-20240318201259%40blurHash%3DSjVILmNAdDowMDRUMDBNXw%3D%3D.jpeg,1
1336,Screen Stars,L8-5bj97iw,2350,https://s3.amazonaws.com/com.images.legiteem8/9472d80d-796f-48f9-8f30-fa58ebbacdde-20240318154016.jpeg,1
1337,Kanye Stronger promo,L8-6gngbmo,420,https://s3.amazonaws.com/com.images.legiteem8/7b8e448a-b6c5-463c-a885-03b709a3226d-2024031704029%40blurHash%3DSlZLdyV2X010NklBOVlSUA%3D%3D.jpeg,1
1338,Winterland,L8-vus154q,750,https://s3.amazonaws.com/com.images.legiteem8/c397f698-ddd0-4f11-bf98-d7dddc09f759-2024031742721.jpeg,1
1339,Cronies,L8-cdtlnlv,150,https://s3.amazonaws.com/com.images.legiteem8/cb6b2556-2142-464c-b5e1-baa0f13b4558-2024031815398%40blurHash%3DSjFCTUE2JUw0Uml7Lm45dQ%3D%3D.jpeg,1
1340,Pink Floyd,L8-lwa8rot,500,https://s3.amazonaws.com/com.images.legiteem8/aff5ed13-910f-4747-b6b9-89cb15e8cf0b-202403199011%40blurHash%3DSipHdVhYb2Z%2BVm9mLTpheg%3D%3D.jpeg,1
1341,We Sold Our Soul For  Rock  ‘N’ Roll,L8-ai5f4sk,50,https://s3.amazonaws.com/com.images.legiteem8/0e0d906c-d75f-4bcc-beb3-aa0d00464416-2024031916289%40blurHash%3DSlJEdkFwVnN%2BVW5PP0dyPQ%3D%3D.jpeg,1
1342,80s? 90s? nirvana bleach longsleeve,L8-jep0to4,300,https://s3.amazonaws.com/com.images.legiteem8/fde31913-d25e-4bb5-bb3e-5dad162b1871-20240320115817%40blurHash%3DSlVKNSNfUzB9PyQkSiR4Rg%3D%3D.jpeg,1
1343,Slveri,L8-79jbvsf,260,https://s3.amazonaws.com/com.images.legiteem8/65692148-ac79-4eed-83fa-df26e042b2c7-20240320232246%40blurHash%3DSmZGWS5Malt%2BcGF5P0hqWw%3D%3D.jpeg,1
1344,jimi Hendrix - Michael Ríos,L8-4triosg,800,https://s3.amazonaws.com/com.images.legiteem8/42fcdb2b-4943-4576-a5f3-98f713c03e90-2024031754541%40blurHash%3DSnFLVUFyTnV%2BVm9id2Rpew%3D%3D.jpeg,1
1345,Screen Stars,L8-dqlloh0,1000,https://s3.amazonaws.com/com.images.legiteem8/cfcd0078-4bbc-4714-b89d-38f448cf8383-202403225523%40blurHash%3DSkNBQllvcDJ7YXNsei10NQ%3D%3D.jpeg,1
1346,nirvana sliver,L8-66j4kee,700,https://s3.amazonaws.com/com.images.legiteem8/a48b18e4-c291-40e9-9e6c-7e9c6b1d5c1d-20240321233740.jpeg,1
1347,tupac ,L8-39wb6aq,350,https://s3.amazonaws.com/com.images.legiteem8/23696459-a190-4c0d-b072-0660554bf7d4-20240319211650%40blurHash%3DSjNCVzYrfkMwTTldMDBuNA%3D%3D.jpeg,1
1348,80s venom tee,L8-vrw4wtv,500,https://s3.amazonaws.com/com.images.legiteem8/a6555b26-7c48-48ff-9755-ec45d079628a-2024032295258%40blurHash%3DSjhDUE97Qlgwen1bMDA9fA%3D%3D.jpeg,1
1349,All Sport Proweight,L8-60v989n,500,https://s3.amazonaws.com/com.images.legiteem8/fc8b9ac9-62e3-437c-bc6b-5ee58bd8d225-20240322111721%40blurHash%3DSm5IeGcyYnZ%2BcHhaP2FqPw%3D%3D.jpeg,1
1350,Anvil,L8-u4iiqtf,50,https://s3.amazonaws.com/com.images.legiteem8/2139d750-f178-4f61-8470-a189c28d64f5-202403221948%40blurHash%3DSktKa2ZqdDF2eX5wfldNeQ%3D%3D.jpeg,1
1351,Top Heavy,L8-03b693d,700,https://s3.amazonaws.com/com.images.legiteem8/4fe4a412-3e51-4647-a6f8-2bece5023726-202403228113%40blurHash%3DSjlBQThZalt%2BV3Q3NDtXVg%3D%3D.jpeg,1
1352,Anvil,L8-dmeo60s,900,https://s3.amazonaws.com/com.images.legiteem8/3a0f97a2-45db-4a1e-98fa-7db4d38219bb-2024032305640%40blurHash%3DSklGPUhxOHt%2BVldEYl50UQ%3D%3D.jpeg,1
1353,Oneita Power-T,L8-pgpw8f2,550,https://s3.amazonaws.com/com.images.legiteem8/ff66c9e0-f657-4bcc-95a7-7031cf0e448f-20240321184823%40blurHash%3DSjVLQS54e3VfTy1pMDAtPw%3D%3D.jpeg,1
1354,Brockum,L8-vjqr4l7,500,https://s3.amazonaws.com/com.images.legiteem8/77f19667-41e9-4a6a-be39-4c7076e5c05d-20240323131439%40blurHash%3DSkU5ODY7UyR9PU9FXiVNfA%3D%3D.jpeg,1
1355,Dead Pool AOP,L8-ooub4n3,80,https://s3.amazonaws.com/com.images.legiteem8/cb11629e-9962-46bc-9134-5e3bcba1785f-20240318211456%40blurHash%3DSk9JaE5reF5%2BcHhhP0Z0Ug%3D%3D.jpeg,0
1356,Changes,L8-i6hv7ni,80,https://s3.amazonaws.com/com.images.legiteem8/97b98abf-e52d-45ce-9971-be20fc015548-202403202156%40blurHash%3DSkRCMyR3RTN%2BcFJqSXBvSQ%3D%3D.jpeg,1
1357,Dragonball Z “Vegito”,L8-g9jiibw,100,https://s3.amazonaws.com/com.images.legiteem8/5195f4ad-b9ba-4a64-a8ec-8cd795d88a8e-202403201810%40blurHash%3DSlhJfXd8b0x%2BcGY2UmpqWw%3D%3D.jpeg,1
1358,Wild Oats,L8-0l6q4d8,1000,https://s3.amazonaws.com/com.images.legiteem8/ee095c5d-2506-4576-935d-e8118bd84eee-202403207025%40blurHash%3DSklMcWFdfld%2BcW9mcy5vZg%3D%3D.jpeg,1
1359,2000 Friday the 13th Movie Promo,L8-p65b2vk,200,https://s3.amazonaws.com/com.images.legiteem8/13513ac6-2beb-46f0-9c07-7659e6a13f75-20240319232835%40blurHash%3DSlJCVzBya0R9LW9lXkpvSg%3D%3D.jpeg,1
1360,Gildan,L8-567o4sg,200,https://s3.amazonaws.com/com.images.legiteem8/a57d2665-2a03-4791-a934-a577961a7388-20240321175217%40blurHash%3DSjk4NFNrSVV%2BV0Qqb2NFMQ%3D%3D.jpeg,1
1361,Anvil,L8-woto8on,300,https://s3.amazonaws.com/com.images.legiteem8/4c374eff-b935-4f82-bc4c-f1d5e69275ee-20240319144156%40blurHash%3DSnpLbmIkfnElTHQ3al1hZg%3D%3D.jpeg,1
1362,Giant,L8-rbjg847,650,https://s3.amazonaws.com/com.images.legiteem8/e9e40317-3f8c-432e-9dde-51cda64fd5cf-2024032391254%40blurHash%3DSjlBYyNmeFp%2BV1dDa1drQw%3D%3D.jpeg,1
1363,AAA,L8-t3bvkl0,800,https://s3.amazonaws.com/com.images.legiteem8/fc48ebfd-7daf-492e-a235-24b8de146d53-202403224533%40blurHash%3DSkVLLWEscyxeJX5xXzJqWQ%3D%3D.jpeg,1
1364,80s new order tee,L8-un8wap1,250,https://s3.amazonaws.com/com.images.legiteem8/bd81bf0e-e3a5-4d79-b642-be4dabb2e3c6-20240320163423%40blurHash%3DSkhJWHk9LTt%2BVmZQXzJSag%3D%3D.jpeg,1
1365,1990s nevermind dead kurt cobain shirt,L8-8p06l08,300,https://s3.amazonaws.com/com.images.legiteem8/8f031048-ae21-4fed-9618-6be622693c12-2024032321342%40blurHash%3DSkZIVXdjflYwS0lVMDBSaw%3D%3D.jpeg,1
1366,East Coast,L8-odobjp9,250,https://s3.amazonaws.com/com.images.legiteem8/99e0ee4a-0d07-4388-a31c-fd747d40cd58-2024032413932%40blurHash%3DSk5FeWstJUZFbklifXFvYQ%3D%3D.jpeg,1
1367,public enemy fight the power shirt jordan flight jumpman spoof,L8-ua7v7qm,80,https://s3.amazonaws.com/com.images.legiteem8/743f5868-2e98-4ce4-be46-e81d167e5129-202403239058%40blurHash%3DSjZKdGskOVolMX5WflY5YQ%3D%3D.jpeg,1
1368,Qtees,L8-gjb6av5,400,https://s3.amazonaws.com/com.images.legiteem8/142f2816-d765-4a95-9123-fcaa75e1c627-202403239415%40blurHash%3DSjdKazRGMDA5Rn5VMDBFMg%3D%3D.jpeg,1
1369,Wu Tang (Cash Rules Every Thing around me ,L8-rwv24d9,120,https://s3.amazonaws.com/com.images.legiteem8/8b84ad2b-f9f3-4393-8c69-6cef7df25587-20240323185045.jpeg,1
1370,Delta,L8-e7s2jvi,550,https://s3.amazonaws.com/com.images.legiteem8/d7e5ba50-bf91-4bf8-87cb-f38e26c84a92-2024032432659%40blurHash%3DSm1GWU0sWFNwSW5pfldrVw%3D%3D.jpeg,1
1371,grateful dead,L8-cteo6jo,500,https://s3.amazonaws.com/com.images.legiteem8/488b94cc-c0c0-4472-b198-6b183238061a-20240325223919%40blurHash%3DSmFKQHpOflVuI0lwb2dNfA%3D%3D.jpeg,1
1372,Touch of Gold,L8-276gj2a,1000,https://s3.amazonaws.com/com.images.legiteem8/51406a9f-0b4d-4e7e-8a74-58261714489f-20240324203322.jpeg,1
1373,Giant by Anvil,L8-b3rrbmp,900,https://s3.amazonaws.com/com.images.legiteem8/055a81f8-cb65-4287-ab79-09dbbc981cab-20240325225522%40blurHash%3DSkJCTXgqXmkwMDleP3ctVQ%3D%3D.jpeg,1
1374,Giant by Anvil,L8-28m3qfm,550,https://s3.amazonaws.com/com.images.legiteem8/c4c2de54-f1fa-4dca-a6d5-b9f60c193532-20240325225935%40blurHash%3DSkpKYXlCJHl%2BV24kfnFhfQ%3D%3D.jpeg,1
1375,Giant by Tultex,L8-rjb41et,530,https://s3.amazonaws.com/com.images.legiteem8/5a09589d-a0b3-4bb9-9d9a-97aebf1a8ef4-2024032601743%40blurHash%3DSk5KdEAlJHwkZiVMfnBvSg%3D%3D.jpeg,1
1376,Fruit of the Loom,L8-l60691a,100,https://s3.amazonaws.com/com.images.legiteem8/11d01d1f-2395-4f46-a308-07aaea691322-2024032422589%40blurHash%3DSjA3XnVmSXAzNCUwMDBheQ%3D%3D.jpeg,1
1377,outkast porsche  shirt,L8-h8eijch,100,https://s3.amazonaws.com/com.images.legiteem8/1d868e7d-81f6-4a8c-92c7-96eb2135b003-202403239644%40blurHash%3DSkJGPUt2MEwsOi1vflVzOg%3D%3D.jpeg,1
1378,Changes,L8-is5qcb9,75,https://s3.amazonaws.com/com.images.legiteem8/955bff1f-e7a0-4609-9a3b-49b8e424658d-20240322202126%40blurHash%3DSkdMNFdzLW5%2BcT9HfnFJVQ%3D%3D.jpeg,1
1379,Hanes Ultraweight,L8-puqsgfn,200,https://s3.amazonaws.com/com.images.legiteem8/e17346fa-c2a6-4b47-b59f-aeb96798cbb4-202403264158%40blurHash%3DSjlESkNtfldeKnhhMDBFMQ%3D%3D.jpeg,1
1380,Liquid Blue,L8-102ve1k,380,https://s3.amazonaws.com/com.images.legiteem8/173ccf91-4ec9-4612-bc79-9aae4ef0765a-2024032651022%40blurHash%3DSldMbytweVd9WnlYTWV3Yw%3D%3D.jpeg,1
1381,Giant,L8-mu9kn73,200,https://s3.amazonaws.com/com.images.legiteem8/abe5970e-7c05-4072-840b-c1ee7496d891-2024032671454%40blurHash%3DSkNKUXZDW2RZJUJQfkJuLA%3D%3D.jpeg,1
1382,Giant,L8-a7tsbcv,400,https://s3.amazonaws.com/com.images.legiteem8/f91e3924-619b-4466-8207-e5110d2cae04-2024032613541%40blurHash%3DSkZDUEBXOUd%2BVzRvfnA5Rw%3D%3D.jpeg,1
1383,1991 Nirvana Nevermind,L8-vkfufum,400,https://s3.amazonaws.com/com.images.legiteem8/6e907184-2a65-4d75-8c7b-ae2cef6d009f-20240326212612%40blurHash%3DSjhLZC0tfnAwMG9mMDBJVQ%3D%3D.jpeg,1
1384,NIRVANA INCESTISIDE TEST PRINT WITH SMIRNOF BACKHIT,L8-5u5kilj,750,https://s3.amazonaws.com/com.images.legiteem8/5e6724a2-9078-4027-a93c-f6c61cd588ba-20240327112912%40blurHash%3DSjlJckI4fnF0UXQ3eEdheQ%3D%3D.jpeg,1
1385,Hanes,L8-nlrkfak,500,https://s3.amazonaws.com/com.images.legiteem8/9bbb80c0-9083-4f22-b822-ce6131b23c59-20240327164635%40blurHash%3DSktKc3RSUjd%2BVi1uSS5FZw%3D%3D.jpeg,1
1386,Mozang,L8-mw8ovne,200,https://s3.amazonaws.com/com.images.legiteem8/8f676052-619b-4c3e-9a12-89416c6e03df-2024031611573%40blurHash%3DSmdFe2hIanV%2BcFdCLS5XQQ%3D%3D.jpeg,1
1387,LEE,L8-g3ol7f0,200,https://s3.amazonaws.com/com.images.legiteem8/d10d4aff-fc6c-44a6-a6a6-81dbc8b9a0be-20240329121850%40blurHash%3DSkFJZ1FNJF4qMHRBei54Qw%3D%3D.jpeg,1
1388,Bongo,L8-ncmnmun,250,https://s3.amazonaws.com/com.images.legiteem8/75a7dea4-2fba-4e05-8050-3dacc491f189-2024032614336%40blurHash%3DSjRMeV90fFYwMEleMDBEKg%3D%3D.jpeg,1
1389,Euro (Generic) ,L8-ti3qrp4,800,https://s3.amazonaws.com/com.images.legiteem8/941cd18e-3549-4dce-8b8e-80599362ab11-2024032995451%40blurHash%3DSjNIb09LfkIwMEVRMDAkeQ%3D%3D.jpeg,1
1390,90s Smashing Pumpkins Infinite Saddness,L8-u9a8e7k,100,https://s3.amazonaws.com/com.images.legiteem8/dc317df3-2b50-427a-a9a6-c6b968924246-2024032818449%40blurHash%3DSnNJcjEtdDd%2BcW9mVztvZQ%3D%3D.jpeg,1
1391,Brockum,L8-1qh8vtd,800,https://s3.amazonaws.com/com.images.legiteem8/00cf6b6d-1515-42e9-966b-67265a49b140-20240330144235%40blurHash%3DSjRGcy5LeUdIWHRTNFQlaA%3D%3D.jpeg,1
1392,Winterland,L8-jjbtdvc,2000,https://s3.amazonaws.com/com.images.legiteem8/acf2a659-9820-4b51-b6bc-3a33289e7f5f-2024033017450%40blurHash%3DSk9GcllEflcuOHheNC5FMQ%3D%3D.jpeg,1
1393,Euro (Generic) ,L8-dq24vhs,350,https://s3.amazonaws.com/com.images.legiteem8/347921dc-4eb4-4432-8a67-dd97fd42be5f-20240330112147%40blurHash%3DSkdKQG43P0deLEQlX05OSA%3D%3D.jpeg,1
1394,Fruit of the Loom,L8-5c7r813,1200,https://s3.amazonaws.com/com.images.legiteem8/695d604a-6c20-4f8e-916d-a9099c7b0cb6-20240331162933%40blurHash%3DSjdIb0VAfldFME17MDBORw%3D%3D.jpeg,1
1395,Giant,L8-u0bb7cn,800,https://s3.amazonaws.com/com.images.legiteem8/8a8e5388-deac-4a07-bc3d-db938cbc46f2-20240331162846%40blurHash%3DSmFGWS5KdDdfTnQ3P0hiSA%3D%3D.jpeg,0
1396,Blind “Ol Dirty Bastard”,L8-ivplg2d,250,https://s3.amazonaws.com/com.images.legiteem8/562ffaf5-6c67-459b-8203-1f30564c619d-202403305164%40blurHash%3DSjY4NHhsP3c0blJqMDBNdw%3D%3D.jpeg,1
1397,90’s Nirvana Long Sleeve ,L8-totntai,330,https://s3.amazonaws.com/com.images.legiteem8/fbd634de-3d8a-4583-8ef6-0dc916eaf075-2024033118436%40blurHash%3DSmVFMzNoRCp%2BVklWP0dSag%3D%3D.jpeg,1
1398,1993 Kurt Cobain Nirvana In Utero Blue Wing European World Tou,L8-2t5q0nd,5500,https://s3.amazonaws.com/com.images.legiteem8/81153889-13cd-465e-95fe-5dd1088dd467-20240331163753%40blurHash%3DSkRKKkB0YXh%2BcXh1P2JhZg%3D%3D.jpeg,1
1399,Tultex,L8-o4e7wit,800,https://s3.amazonaws.com/com.images.legiteem8/4d96ac43-1625-4329-80f7-5f7a7f630e07-2024040325332%40blurHash%3DSkNNJVdQflZFTVdXMDBJVQ%3D%3D.jpeg,1
1400,Chase ,L8-5pqkw1p,100,https://s3.amazonaws.com/com.images.legiteem8/96f700e1-ea6a-4aa5-a5a7-295bdfad11e1-202403252047%40blurHash%3DSjM2QF9fZTp%2BcG9mZ01XVg%3D%3D.jpeg,1
1401,Screen Stars FOTL,L8-qlg5wi6,300,https://s3.amazonaws.com/com.images.legiteem8/73d35345-ba78-4bd6-bf08-9c4e44114e44-20240325182221%40blurHash%3DSldDaW1wdDd%2BVXM6P0ZvZQ%3D%3D.jpeg,1
1402,AOP OJ Simpson ,L8-dgq0k17,350,https://s3.amazonaws.com/com.images.legiteem8/17bfe90e-a53f-46bf-8035-42ba01ea5233-20240319212031%40blurHash%3DSjI5aV5eJUw4dnhIXzFPcQ%3D%3D.jpeg,1
1403,Fruit of the Loom,L8-77wtsn9,1000,https://s3.amazonaws.com/com.images.legiteem8/f8ba7d4b-d96e-405c-9442-3aa16285da48-20240403231641%40blurHash%3DSjdILktGfnFWWG9nSUF0Nw%3D%3D.jpeg,1
1404,Screen Stars,L8-ikd2nr8,1200,https://s3.amazonaws.com/com.images.legiteem8/7faa537c-2fe7-43e9-bed7-9de283e0a0a6-2024040381439%40blurHash%3DSjZCV1ZvTXh%2BVnM6MDB0Ug%3D%3D.jpeg,1
1405,vintage kurt cobain memorial Euro bootleg ,L8-2tgj2ca,100,https://s3.amazonaws.com/com.images.legiteem8/d439f192-3ca8-4415-b510-c41815433938-20240404102811%40blurHash%3DSkVEXVNWb359a0lwVXVFMQ%3D%3D.jpeg,1
1406,Euro (Generic) ,L8-j37cbgm,350,https://s3.amazonaws.com/com.images.legiteem8/4fbecb87-e213-4b90-87a2-a247cd72573d-20240404153720%40blurHash%3DSlNFXzpOfT85dUVNNG9JcQ%3D%3D.jpeg,1
1407,Fruit of the Loom Heavy,L8-1wv9rqj,150,https://s3.amazonaws.com/com.images.legiteem8/0473f685-dc64-48da-a919-233b526ffa5b-2024040541742%40blurHash%3DSk9Ka00lXiV%2BVnM6NTdOeQ%3D%3D.jpeg,0
1408,Fruit of the Loom,L8-j49q5sd,250,https://s3.amazonaws.com/com.images.legiteem8/31323746-2c0d-4a20-b613-fa4300686752-2024040312550%40blurHash%3DSkhGWWlSfldOd18zMDBEJQ%3D%3D.jpeg,1
1409,Fruit of the Loom,L8-lfa5fue,250,https://s3.amazonaws.com/com.images.legiteem8/87bbb6a6-8605-4a62-bacc-9f0db341c679-20240404171137%40blurHash%3DSjE3LVRlLTt%2BcXQ4MDBJVg%3D%3D.jpeg,1
1410,Sunbelt,L8-rdpuvag,800,https://s3.amazonaws.com/com.images.legiteem8/4eacac1d-3da2-4e59-b291-b4bf97244b33-2024040673934%40blurHash%3DSkJJOy1TUjV9dCUyMDAtOw%3D%3D.jpeg,0
1411,Hanes Heavyweight,L8-6m5fc7i,250,https://s3.amazonaws.com/com.images.legiteem8/3ff1462b-25f6-4ed1-9db6-76538fa86685-2024040611145%40blurHash%3DSkdHSVdRfkFXWk5kMDA5Wg%3D%3D.jpeg,1
1412,Liquid Blue,L8-268gmra,250,https://s3.amazonaws.com/com.images.legiteem8/9bbc3246-d2ee-49b5-8c20-640132e5d804-2024040618280%40blurHash%3DSlpGIz8jTWJ9W1JpXmpWPw%3D%3D.jpeg,1
1413,Screen Stars,L8-ur7ipab,150,https://s3.amazonaws.com/com.images.legiteem8/7a6bfe70-66e5-4a12-b936-095489180767-2024040731343%40blurHash%3DSkVJIzBfOHd7eHM9MDA5Rw%3D%3D.jpeg,1
1414,Delta,L8-j03q3mq,150,https://s3.amazonaws.com/com.images.legiteem8/5c58add0-b3c0-47c2-b84f-b67b78008f49-2024040733646%40blurHash%3DSjc2Km1tb3hfSmtBS0dveA%3D%3D.jpeg,1
1415,All Sport,L8-qwuc0na,60,https://s3.amazonaws.com/com.images.legiteem8/14b0e382-8453-4993-a6ab-06cd062e57f3-2024040734452%40blurHash%3DSkhKUkJZTXtfTXQ3SEBORw%3D%3D.jpeg,1
1416,Hypercolor,L8-o2ghbrg,200,https://s3.amazonaws.com/com.images.legiteem8/45a063e2-9d39-4361-a19f-e8df0dd09535-2024040744749%40blurHash%3DSklPRGQueFpSb3M6fnF0Nw%3D%3D.jpeg,0
1417,Metallica ,L8-rh4wm85,350,https://s3.amazonaws.com/com.images.legiteem8/c34f3dc2-ea06-4c50-99d9-04207cbad010-202404080352%40blurHash%3DSjg3Xm9QfkIlS1MxU2dFTA%3D%3D.jpeg,1
1418,Oneita POWERPRO,L8-31hcf37,175,https://s3.amazonaws.com/com.images.legiteem8/b072bb8e-630a-4821-96b3-c3ef3d6a08e9-2024040671423%40blurHash%3DSjdJRSx9XzN%2BV3h2V0N0Nw%3D%3D.jpeg,1
1419,Brockum,L8-cj557fl,200,https://s3.amazonaws.com/com.images.legiteem8/341ea135-a659-4aa3-bd48-859b7b8e98d0-202404091281%40blurHash%3DSkk5P2R3fUBvY2pbOXVFTQ%3D%3D.jpeg,1
1420,Hef-T by Tee Jays,L8-ekutips,125,https://s3.amazonaws.com/com.images.legiteem8/54cd869b-a63c-40a7-9175-d146ce32aa2b-2024040519327%40blurHash%3DSmFJI2ZTb01%2BVmF5NFRSag%3D%3D.jpeg,1
1421,Fruit of the Loom,L8-kbt3kqn,200,https://s3.amazonaws.com/com.images.legiteem8/73bda69e-8b1b-4204-82d5-268feaa39b64-20240409175538%40blurHash%3DSklKdHd9VldfNG96NDtmLA%3D%3D.jpeg,1
1422,Tulsa Tees,L8-s4t6b6s,250,https://s3.amazonaws.com/com.images.legiteem8/427e50c0-6c1a-4097-991e-b5e6bf67d469-20240409181518%40blurHash%3DSlNJfTtDXzMlak5obyR0Nw%3D%3D.jpeg,1
1423,Shirt-Tex,L8-9ctulqq,500,https://s3.amazonaws.com/com.images.legiteem8/45c4fe2f-cd4f-4f2b-8759-05cb839e32a1-20240408214248%40blurHash%3DSlpFViRfZT1%2Bb1ItLW94Wg%3D%3D.jpeg,1
1424,Delta,L8-sswojws,550,https://s3.amazonaws.com/com.images.legiteem8/d44abd48-fe35-4156-a337-e0a68db93412-202404090549%40blurHash%3DSjc5UVRfb0x%2BVm9mMDFSag%3D%3D.jpeg,1
1425,Holyfield vs. Tyson 2 Rap Tee,L8-hsjmq9b,500,https://s3.amazonaws.com/com.images.legiteem8/8b689dbc-c41b-41e0-9be2-5a56ca317ae7-20240409202545%40blurHash%3DSjZFMkxUfkJIV15rMDA5dQ%3D%3D.jpeg,1
1426,Spring Ford,L8-wach7ni,300,https://s3.amazonaws.com/com.images.legiteem8/b99c8862-7f1f-42c8-a28d-ae51104c22c7-2024040919423%40blurHash%3DSklCM1FqfUBfMyUyVDBOeA%3D%3D.jpeg,1
1427,Brockum,L8-epsbw6q,250,https://s3.amazonaws.com/com.images.legiteem8/cd6ed870-9cb9-430e-b720-92765648b6b1-20240409194915%40blurHash%3DSkNGRXlEfVs4SVRJfkFSLg%3D%3D.jpeg,1
1428,Giant,L8-vlcah0e,250,https://s3.amazonaws.com/com.images.legiteem8/4a43f7aa-23fe-444b-80fb-be65b9a64c2c-2024040919551.jpeg,1
1429,Giant,L8-ekun18m,150,https://s3.amazonaws.com/com.images.legiteem8/e49effb5-d126-4c10-b062-03b661f333a8-20240409195929%40blurHash%3DSk9DclFJfXN4YSQlSTtJOw%3D%3D.jpeg,1
1430,boot 00s Gangs of New York (2002),L8-lwh9j0c,100,https://s3.amazonaws.com/com.images.legiteem8/49a3976f-f73d-4e36-b65b-58664c734410-2024040816153%40blurHash%3DSm1IMjdrLVZ%2BcFc7JUxXQg%3D%3D.jpeg,1
1431,Blue Grape,L8-ao3gpiq,150,https://s3.amazonaws.com/com.images.legiteem8/48a4d329-32b9-4897-9433-e0153012fdb5-2024041095759%40blurHash%3DSjRCfDRePWZUfU9AMDAlMg%3D%3D.jpeg,1
1432,Black Crowes,L8-j3kjgt3,120,https://s3.amazonaws.com/com.images.legiteem8/ba76b184-b81f-45b2-a0ec-e4ba23757a6b-2024040920851%40blurHash%3DSkdIMldCfm91NW98MDZFMg%3D%3D.jpeg,1
1433,Winterland,L8-8tkwe9r,250,https://s3.amazonaws.com/com.images.legiteem8/537b9bfa-b348-4edf-bf58-ba99950ef4ad-20240409201848%40blurHash%3DSjZGIzplZUszRyV7RDRJQw%3D%3D.jpeg,1
1434,Hanes,L8-citcccn,1500,https://s3.amazonaws.com/com.images.legiteem8/95ef4442-fa01-4d8f-bd46-c030091f3333-2024040914135%40blurHash%3DSkNFe09tUyt%2BQ14qfSU5Wg%3D%3D.jpeg,1
1435,Oneita Power-T,L8-g7icvn5,120,https://s3.amazonaws.com/com.images.legiteem8/b221e14a-2893-413e-a3ce-90dafadc3eed-2024040932229%40blurHash%3DSlhKQCVoX05fM05HJWdNeQ%3D%3D.jpeg,1
1436,Brockum,L8-vthk4s1,150,https://s3.amazonaws.com/com.images.legiteem8/0d0bfdd4-ac43-4654-9570-e6fa92a36753-20240409201314%40blurHash%3DSjRJWHBrMDAwY35xc3E4Xw%3D%3D.jpeg,1
1437,Changes,L8-q9kev1q,80,https://s3.amazonaws.com/com.images.legiteem8/ee8e0400-0b65-4818-a033-a8c99d9c6809-20240409202048%40blurHash%3DSkVBbHxYfXNWPS1wb3xJbw%3D%3D.jpeg,1
1438,Hookups Tee,L8-dgdi9hk,200,https://s3.amazonaws.com/com.images.legiteem8/9ab39614-e9de-4cee-bc3e-690ff65eae14-2024040954251%40blurHash%3DSlVJNF5Yalp%2BVm9lOWFvZg%3D%3D.jpeg,1
1439,Spring Ford,L8-9ij4tmb,100,https://s3.amazonaws.com/com.images.legiteem8/fdb50fb1-98f6-493b-8da1-bd9fcb1707ea-20240411213245%40blurHash%3DSjdJTj9reTs4dzlZMDA0bg%3D%3D.jpeg,1
1440,Fruit of the Loom,L8-lgfi66e,1000,https://s3.amazonaws.com/com.images.legiteem8/c9bfe028-6354-4ab2-a11f-47aff10d0118-202404107115%40blurHash%3DSjlLVU5JfTgwaFRlMDBMfQ%3D%3D.jpeg,1
1441,Grateful Dead Basketball,L8-coub990,350,https://s3.amazonaws.com/com.images.legiteem8/12846f39-d4f3-4026-bf39-0efa84e9b467-2024040920358.jpeg,1
1442,Fruit of the Loom Best,L8-r0p9e6r,1500,https://s3.amazonaws.com/com.images.legiteem8/37e2a878-1486-4b0d-b3e2-ae564c5c3112-202404113183%40blurHash%3DSkNJWF1XTkg5Rnh0fnFNew%3D%3D.jpeg,1
1443,Ruthless,L8-5mm5beu,120,https://s3.amazonaws.com/com.images.legiteem8/4078a349-cb67-4030-a8b3-c79709019611-20240409202938%40blurHash%3DSjdBOS4rfXI2ekZ5fkMkeg%3D%3D.jpeg,1
1444,Fruit of the Loom,L8-ahaogc2,200,https://s3.amazonaws.com/com.images.legiteem8/c601f829-f019-468e-aa01-d23b17ca4d5b-2024040734244%40blurHash%3DSk9KUkt4Ump%2Bb3h1MExJVQ%3D%3D.jpeg,1
1445,DBZ: “The Z Soldiers”,L8-ed96epd,1000,https://s3.amazonaws.com/com.images.legiteem8/cbe78d64-07f8-4e75-a7c8-564412e65bc1-20240411104459%40blurHash%3DSk1JV1t2JTMubSVMNVFzRQ%3D%3D.jpeg,1
1446,Fruit of the Loom Best,L8-g2wm3mh,3000,https://s3.amazonaws.com/com.images.legiteem8/f2fb638a-1396-4ef4-84fb-206b1233bcf7-2024041254726.jpeg,1
1447,"Dark Knight, joker",L8-2dd3cst,100,https://s3.amazonaws.com/com.images.legiteem8/db7199f0-807d-41c4-b56e-b02be8ace65c-20240412145319%40blurHash%3DSmJHWzRtLUJ%2BOXM6XiVJOg%3D%3D.jpeg,1
1448,Giant,L8-2juiklr,200,https://s3.amazonaws.com/com.images.legiteem8/978358ac-efaf-4730-b9fb-a76a283bf87b-20240412112931%40blurHash%3DSkdEOW4tdDd%2BcS07JWd4dQ%3D%3D.jpeg,1
1449,Hanes Beefy T,L8-1wliml8,800,https://s3.amazonaws.com/com.images.legiteem8/de3834cc-1d6b-419e-a923-b26edf70413b-20240412175332%40blurHash%3DSklJNUpSb2ZfTldCMDBXQg%3D%3D.jpeg,1
1450,Nickelodeon all that,L8-8otw8lv,200,https://s3.amazonaws.com/com.images.legiteem8/28192af2-9082-44ec-ad9a-05237e174339-20240410182628%40blurHash%3DSklGfS5XaVp%2BV1JPMDNOIw%3D%3D.jpeg,0
1451,Dragonball Z,L8-767166w,700,https://s3.amazonaws.com/com.images.legiteem8/f0dc9236-d1a4-4656-b634-bf855667047a-20240411104920%40blurHash%3DSklKdENWLVg1ZS1vMEtTSQ%3D%3D.jpeg,1
1452,NIRVANA IN UTERO BOOT,L8-d67w530,500,https://s3.amazonaws.com/com.images.legiteem8/13206595-2d6e-4281-9dbb-795c98dfe026-20240413104141%40blurHash%3DSjlDfmJhXipeKnQ3flVqWw%3D%3D.jpeg,1
1453,Nirvana Tie Dye Boot,L8-gwapmhc,500,https://s3.amazonaws.com/com.images.legiteem8/1c0ca66e-57a6-4c16-b99b-8a0368f299a1-2024041453811%40blurHash%3DSlFHait%2BJTJ%2Bb3Q3JUtvZg%3D%3D.jpeg,1
1454,Vintage 2Pac California Love Bootleg Rap Tee,L8-qcsjem4,450,https://s3.amazonaws.com/com.images.legiteem8/cc06aec2-7d4b-46c9-ab07-d9b646d0e7c1-20240412133420%40blurHash%3DSkQ5c3xdb2Z9PWFlfkFvTA%3D%3D.jpeg,1
1455,St. Evans,L8-08i307c,400,https://s3.amazonaws.com/com.images.legiteem8/f2adbe78-885b-46de-8def-e06d0bfa3bde-2024041305944%40blurHash%3DSkpJZ2NZfEc5WkVTNjl0Mg%3D%3D.jpeg,1
1456,Fruit of the Loom Heavy,L8-vnka4en,300,https://s3.amazonaws.com/com.images.legiteem8/f76813af-c363-4afd-b345-499c9d3b730a-20240415213212%40blurHash%3DSkNIVWgyfSxIcXhaMDI5Yg%3D%3D.jpeg,1
1457,Liquid Blue,L8-w5vks3a,300,https://s3.amazonaws.com/com.images.legiteem8/4cbe4627-8695-4135-9922-af24d7c6ae49-20240412221050%40blurHash%3DSkhNRWMtWFA0T3J2MENJcg%3D%3D.jpeg,1
1458,Rumble on the river - Lewis vs. Tyson,L8-7vufqi6,250,https://s3.amazonaws.com/com.images.legiteem8/6efd167e-0a7e-44a4-9d9b-8696a3e94970-20240415202845%40blurHash%3DSmFJZ0R6fUBUS0VnUlFNfA%3D%3D.jpeg,1
1459,Murina,L8-luuevu5,300,https://s3.amazonaws.com/com.images.legiteem8/0fbd49c8-ff0d-42b6-a1a9-a55a012c63d5-2024041513465%40blurHash%3DSlBESjNHSW9%2BV018LW9NfA%3D%3D.jpeg,1
1460,Hanes Heavyweight,L8-saueren,60,https://s3.amazonaws.com/com.images.legiteem8/cf37ea20-8756-4e68-8514-b18dfeca11e6-2024041321545%40blurHash%3DSjdFeTEwMHZIQ309cXN0bw%3D%3D.jpeg,1
1461,Fruit of the Loom Heavy,L8-d7ce651,300,https://s3.amazonaws.com/com.images.legiteem8/0d55c431-9332-4bb1-9af3-67290c417bd3-2024041613527%40blurHash%3DSmJHSURpTkhfTHNvflZSaw%3D%3D.jpeg,1
1462,Vecta,L8-1phabwv,200,https://s3.amazonaws.com/com.images.legiteem8/05a5c119-854c-4d7b-9581-038a80714d5a-2024041115632%40blurHash%3DSkdBdkZMfXItVC1WSS5TaQ%3D%3D.jpeg,1
1463,Fruit of the Loom USA,L8-nhhsj1d,150,https://s3.amazonaws.com/com.images.legiteem8/1f2cb226-606a-468b-b950-3f6c95ce826f-2024041623330%40blurHash%3DSkxMeDByflUtby1VO3dJLg%3D%3D.jpeg,1
1464,Chicago Bull 1997 Rap Tee,L8-jk325gp,400,https://s3.amazonaws.com/com.images.legiteem8/8e90914d-0fca-48b6-b30e-b283a8d04e4b-2024041111520%40blurHash%3DSktFZWY5fUBLaUVoSUJ4RQ%3D%3D.jpeg,1
1465,Changes,L8-54ap57e,40,https://s3.amazonaws.com/com.images.legiteem8/825b8d0f-2d12-4d83-b1ed-c59e2fb1431b-20240416105849%40blurHash%3DSjhOd0sxMDAwMDAxflV%2BcA%3D%3D.jpeg,0
1466,LOONEY TUNES,L8-bqjjigd,40,https://s3.amazonaws.com/com.images.legiteem8/a6422647-4436-43fc-8ceb-b974e1034851-20240416111738%40blurHash%3DSjdGczc2Nzd0MFFrMDA5Wg%3D%3D.jpeg,0
1467,3D Emblem,L8-50mojwg,300,https://s3.amazonaws.com/com.images.legiteem8/430ea03d-b5f8-48c7-9f2a-3e8ae34a6975-20240417215127%40blurHash%3DSjJDWmVHfnEwMD9hS1FJVQ%3D%3D.jpeg,1
1468,Bay Club,L8-o54kvhp,450,https://s3.amazonaws.com/com.images.legiteem8/c4560a7a-25b3-43ed-87ab-62d254da16b0-20240413159%40blurHash%3DSkZKR3szWzlxRUs1MDBjRg%3D%3D.jpeg,1
1469,Touch of Gold,L8-ai08b8f,350,https://s3.amazonaws.com/com.images.legiteem8/781c73b8-f489-4601-8011-195b6efa500f-2024041911553%40blurHash%3DSkVIMWZBfVMrZTBneldPWA%3D%3D.jpeg,1
1470,end of evangelion,L8-vq9rnqh,80,https://s3.amazonaws.com/com.images.legiteem8/b6153d20-1f55-4067-8225-3f921a0c1868-2024041834152%40blurHash%3DSjRJOnpZNDgwNH1yMDB2TA%3D%3D.jpeg,1
1471,TOP,L8-padirs9,400,https://s3.amazonaws.com/com.images.legiteem8/2d2bb02c-8a02-4518-9b57-b8763a860a8c-20240418162444%40blurHash%3DSkpFb2xGNC49PX5WfjliSQ%3D%3D.jpeg,1
1472,america’s dream team,L8-ao90dc8,175,https://s3.amazonaws.com/com.images.legiteem8/87c56125-330f-4c81-89bb-f36eea1d9303-202404183405%40blurHash%3DSmFJO150LT1fTXRSUi5mUg%3D%3D.jpeg,1
1473,TOP,L8-0cej3ft,400,https://s3.amazonaws.com/com.images.legiteem8/532077f4-1551-487e-8027-de8a432fc729-20240418163157%40blurHash%3DSk9FTHtFTXh%2BOD9HfjlSKw%3D%3D.jpeg,1
1474,Led Zeppelin USA 1977,L8-34w5ilt,100,https://s3.amazonaws.com/com.images.legiteem8/7c6bd6d7-dff5-46ea-817c-49242ab4f4cc-2024041913950%40blurHash%3DSlVDNm9wdDd%2BVm9mXzFvZg%3D%3D.jpeg,1
1475,2 Black 2 Strong,L8-c7ut6wk,100,https://s3.amazonaws.com/com.images.legiteem8/83e1cbc4-5b90-4c27-bbe8-61507448cd4a-2024041812589%40blurHash%3DSmpPZlZ3YmNZa29mUEJqRg%3D%3D.jpeg,1
1476,1985 The War to settle the score,L8-tamau41,250,https://s3.amazonaws.com/com.images.legiteem8/1300e062-0e0f-48ed-9a68-456770c88bc4-2024042025526%40blurHash%3DSkJJRXFlMDA9O35EMEouOA%3D%3D.jpeg,1
1477,Screen Stars,L8-rm396kb,350,https://s3.amazonaws.com/com.images.legiteem8/74e3d195-c929-446f-8e04-5e9db0a99deb-2024041918436%40blurHash%3DSjVKYV8teFt%2BVDRuNTdSag%3D%3D.jpeg,1
1478,NIrvana 1993 In Utero Tour,L8-579ik47,200,https://s3.amazonaws.com/com.images.legiteem8/b1069e70-0264-4fbf-b295-f99105071048-20240420113713%40blurHash%3DSkZKQF1dOHd9TmFlV0dNew%3D%3D.jpeg,1
1479,Anvil,L8-7shniuq,150,https://s3.amazonaws.com/com.images.legiteem8/9dd39162-89c1-4dd9-845e-ba0da1fa9fb6-2024041915116%40blurHash%3DSlJKOExyX05lLVJpRCVSaQ%3D%3D.jpeg,1
1480,Hypercolor,L8-oh6duv7,200,https://s3.amazonaws.com/com.images.legiteem8/a9e44ae0-5b47-41d2-bcdb-4b11013ea2ad-20240421193850%40blurHash%3DSjFJfSpEflcwMC43MDA4Xw%3D%3D.jpeg,1
1481,Euro (Generic) ,L8-e8wmwrg,300,https://s3.amazonaws.com/com.images.legiteem8/c185a872-3b6c-4958-b207-ace00af72a03-20240421221141%40blurHash%3DSlREU2d1czp%2BOWFlXiVheQ%3D%3D.jpeg,1
1482,Screen Stars,L8-sadt8q5,400,https://s3.amazonaws.com/com.images.legiteem8/e44c9453-1461-4a60-8054-fc51bd91104b-2024041920468%40blurHash%3DSmFKYSRJJGx%2BcU9WOUZpfA%3D%3D.jpeg,1
1483,QTees Of California,L8-hk22q2b,3000,https://s3.amazonaws.com/com.images.legiteem8/241ebac9-f971-43f5-9142-efb7667a664f-2024042085921%40blurHash%3DSkhFVWNCfVMwajVvOF94YQ%3D%3D.jpeg,1
1484,Vintage Mike Tyson Rap Tee,L8-g9slk0o,350,https://s3.amazonaws.com/com.images.legiteem8/019be239-db13-43a5-a988-0efd3e7bece5-2024042221513.jpeg,1
1485,Pearl Jam Eddie Vedder Parking Lot Tee,L8-t2r1mdk,100,https://s3.amazonaws.com/com.images.legiteem8/c6650a2a-4a7f-4d7a-be6c-946a49e837a1-20240421232217%40blurHash%3DSjVJRW5XcGZVeElBMDBJVA%3D%3D.jpeg,1
1486,1992 Alice in Chains X-Ray T-Shirt,L8-24w9dhf,700,https://s3.amazonaws.com/com.images.legiteem8/fdf4ca2f-449b-4529-9805-62cdb843305e-202404231499%40blurHash%3DSmRIbmpNXlBfTk9CXzNiRg%3D%3D.jpeg,1
1487,Nirvana Tshirt (made in canada),L8-7puh4p7,230,https://s3.amazonaws.com/com.images.legiteem8/b8c1c04e-dc47-4db7-9f52-2cdac80e3b41-2024042325851%40blurHash%3DSjVJV3VeMDBfTy5SMDBUdw%3D%3D.jpeg,1
1488,Giant by Tee Jays,L8-nsghawj,120,https://s3.amazonaws.com/com.images.legiteem8/f039c2f3-583a-4e46-b3dc-4919ddaba4d8-2024042316527%40blurHash%3DSjBObS54MDAwMDAwMDAwMA%3D%3D.jpeg,1
1489,Fruit of the Loom,L8-k079srv,250,https://s3.amazonaws.com/com.images.legiteem8/218a437d-abec-4bdc-a55b-1a52409763cc-2024042312154%40blurHash%3DSkVKdGVsSUF%2Bby07V1RORw%3D%3D.jpeg,1
1490,Hanes Top T,L8-m1182ju,650,https://s3.amazonaws.com/com.images.legiteem8/bc74cd27-6304-46ae-8360-74ea66c652ef-2024042018458%40blurHash%3DSkNKUWxdMDB%2BVmFLVlotbw%3D%3D.jpeg,1
1491,Tupac Rap Tee,L8-ji1as7i,350,https://s3.amazonaws.com/com.images.legiteem8/71d2b308-46aa-4c12-b019-9e69cf462b6e-2024042403459%40blurHash%3DSm9FQ2dAb3l%2BcG9mXitvZg%3D%3D.jpeg,1
1492,Bay Club,L8-c4p7rrh,350,https://s3.amazonaws.com/com.images.legiteem8/4f4caaf5-a5af-4ea3-b1da-1a6eb80a5a23-2024042304040%40blurHash%3DSkFEdkd4flY9eVZAdGx4dQ%3D%3D.jpeg,1
1493,magic the gathering  black lotus,L8-8alboio,200,https://s3.amazonaws.com/com.images.legiteem8/36de688a-caa4-435c-8c32-df7544ee261c-20240422222621%40blurHash%3DSjdGcmJOfUAwMUVnOHcjUg%3D%3D.jpeg,1
1494,mike tyson rap tee,L8-7qcrc4l,650,https://s3.amazonaws.com/com.images.legiteem8/fe09cc30-7de9-45da-9eb5-864c6d8f277b-2024042255126%40blurHash%3DSjlFQ3w2QU8wM35tMDBNeg%3D%3D.jpeg,1
1495,Short Hills,L8-0m6f5jf,425,https://s3.amazonaws.com/com.images.legiteem8/123d6393-b621-485f-87c1-899fb2fadcd1-20240422202150%40blurHash%3DSmZKajskfkJjRVN%2BRCpNfA%3D%3D.jpeg,1
1496,Nike,L8-qa4sve6,450,https://s3.amazonaws.com/com.images.legiteem8/1f0d014b-4933-434c-a2d8-a1afbd08ef66-2024042304743%40blurHash%3DSkpLSytrfnAlTUlVMDB0Nw%3D%3D.jpeg,1
1497,Jerzees,L8-7n824k2,150,https://s3.amazonaws.com/com.images.legiteem8/b99f39e3-329f-468f-b285-e7fb9c3bb9b8-20240423211730%40blurHash%3DSnhGPXt6eHV%2BcXQ3P2Fmaw%3D%3D.jpeg,1
1498,The Clash Navy T Shirt,L8-oitb6h1,200,https://s3.amazonaws.com/com.images.legiteem8/88f4e606-f2d8-4424-9eac-4a96e72cc7f6-20240424100%40blurHash%3DSmhDfnhNdDd%2BVW9kP0ZvTA%3D%3D.jpeg,1
1499,Giant by Tee Jays,L8-102vj92,200,https://s3.amazonaws.com/com.images.legiteem8/4b48468b-8f9f-4e6d-94ab-be13b8f99661-2024042433037%40blurHash%3DSkpHYnU2NG54dUQlfnFvZQ%3D%3D.jpeg,1
1500,Winterland Express,L8-9fjv9rg,250,https://s3.amazonaws.com/com.images.legiteem8/b150e78d-4cfe-4fe8-9597-a7ac8b176dfe-202404261341.jpeg,1
1501,Fruit of the Loom Heavy,L8-b718aou,200,https://s3.amazonaws.com/com.images.legiteem8/13d4cf95-e8ae-4fe9-80e0-aeb66db7a054-2024042624121%40blurHash%3DSjVBU2Y0fWJFMXNwMDJ3Zw%3D%3D.jpeg,1
1502,Giant by Tee Jays,L8-nga9r7k,2500,https://s3.amazonaws.com/com.images.legiteem8/b98ed2c8-a129-4217-87e2-bee4b141c089-20240425175548%40blurHash%3DSmRGT3Ikb3p%2Bb3MuXiprQw%3D%3D.jpeg,1
1503,Screen Stars,L8-25qh3tm,1000,https://s3.amazonaws.com/com.images.legiteem8/9982a380-94b3-437b-87ff-a1420f6038f7-20240426193325%40blurHash%3DSkhFZSs1PV1fTXheXzQlTQ%3D%3D.jpeg,1
1504,Iron Maiden Shot that Fukker Vintage tee,L8-9kvcp31,150,https://s3.amazonaws.com/com.images.legiteem8/be92106c-f0dc-45fb-a1fc-0c6859693739-20240426194845%40blurHash%3DSkFCLitGfUAwI0VmMDFNfA%3D%3D.jpeg,1
1505,Hanes Heavyweight,L8-p7glgbo,2000,https://s3.amazonaws.com/com.images.legiteem8/b7630a60-4d3a-4112-85dd-9bd56f94c5c9-202404245046%40blurHash%3DSkNILWIsQzUwYm8lRWIkLQ%3D%3D.jpeg,1
1506,Screen Stars FOTL,L8-0j5ml5i,300,https://s3.amazonaws.com/com.images.legiteem8/bdeed9c4-2bed-412f-ad18-15b8df161732-2024042685444%40blurHash%3DSlZJWHBxJEt%2Bb05iRCNvIw%3D%3D.jpeg,1
1507,Euro (Generic) ,L8-r7u9swh,2000,https://s3.amazonaws.com/com.images.legiteem8/1d9fe78e-92c8-46bf-b202-04bdc6b6d3a9-20240427141919%40blurHash%3DSlJHUXxQK3Z9WD18XmpSUQ%3D%3D.jpeg,1
1508,Miller,L8-848ih82,900,https://s3.amazonaws.com/com.images.legiteem8/b9bf5b4b-88eb-4956-b030-3c4697bea28b-2024042820197%40blurHash%3DSjJKdUFWflYwMDU3MDB3SQ%3D%3D.jpeg,1
1509,Brockum,L8-n167c4g,500,https://s3.amazonaws.com/com.images.legiteem8/a02a30c9-6afd-46bd-a044-aaa5bc405008-2024042810178%40blurHash%3DSkxHdVJNRCp%2BcC07P3ZuIw%3D%3D.jpeg,1
1510,Iron Maiden Vintage the evil that men do 1988,L8-f2rjfn5,350,https://s3.amazonaws.com/com.images.legiteem8/4bb19493-c81c-4125-b397-89291917760f-20240429171541%40blurHash%3DSkxCVnpeS099c0FDK2I5dQ%3D%3D.jpeg,1
1511,Screen Stars,L8-6m1012i,400,https://s3.amazonaws.com/com.images.legiteem8/08816f6f-86c2-43b1-9a4d-3a1f23996336-20240428153645%40blurHash%3DSjE2dCxkUmp%2BcHM6MDBhZg%3D%3D.jpeg,1
1512,TOP,L8-1ocn13d,1300,https://s3.amazonaws.com/com.images.legiteem8/ee882d0d-b8a3-4161-bdb3-5e7267927934-2024042918450%40blurHash%3DSm5HU0FValt%2BcWpbeHVvZg%3D%3D.jpeg,1
1513,Iron maiden Holy Smoke 1990 tour shirt,L8-leajrtb,350,https://s3.amazonaws.com/com.images.legiteem8/7f4759c6-a9fa-4610-80d7-0d3d07898488-2024043051755%40blurHash%3DSkpFQ0JfanV%2BVlIqNG5heQ%3D%3D.jpeg,1
1514,Oneita POWERPRO,L8-e9fhisr,80,https://s3.amazonaws.com/com.images.legiteem8/51f5008d-3be7-479a-905c-9f14c01eab49-2024042843016%40blurHash%3DSk5FVm1FfnFFTFIqOUZSaQ%3D%3D.jpeg,1
1515,Warner Bros,L8-5cgl0wg,30,https://s3.amazonaws.com/com.images.legiteem8/3a38d322-8957-45f3-a356-c10ac10e9907-2024042518464.jpeg,1
1516,Cut Off,L8-8hwmfw9,100,https://s3.amazonaws.com/com.images.legiteem8/8b750c8c-784f-489b-a010-51321f76b6a9-20240427222815%40blurHash%3DSkNLZC0kfnFFM0QqMDBNfA%3D%3D.jpeg,1
1517,Fruit of the Loom,L8-8ms7u4p,180,https://s3.amazonaws.com/com.images.legiteem8/5b52a6ee-647a-4479-9b5b-2d9962d23cae-20240429223527%40blurHash%3DSkVEU2RwTV9%2BcW5oME1heA%3D%3D.jpeg,1
1518,Giant,L8-3hd2qfj,100,https://s3.amazonaws.com/com.images.legiteem8/67d5251d-0c62-4514-8f28-86876ad0c926-202404301944%40blurHash%3DSjFFLSVhOHYwMHt7MDBxdw%3D%3D.jpeg,1
1519,Mosquitohead,L8-as3336e,500,https://s3.amazonaws.com/com.images.legiteem8/e78710a1-ef4d-4c95-aed0-891b7690d56a-20240429201254.jpeg,1
1520,Bay Club,L8-0fdvwfq,500,https://s3.amazonaws.com/com.images.legiteem8/7f15f77b-0463-411b-9227-af2ae3eaabcc-2024050111425%40blurHash%3DSkNDJGZpfT9%2BcEVNME05XQ%3D%3D.jpeg,1
1521,AAA,L8-rcf7acq,150,https://s3.amazonaws.com/com.images.legiteem8/01074dc4-cc23-4adb-85cd-b21c365da997-202405025149%40blurHash%3DSkNGNXYqfld4dFdVMDBFMQ%3D%3D.jpeg,1
1522,Anvil,L8-8ec9kol,550,https://s3.amazonaws.com/com.images.legiteem8/ae003b54-a127-492e-b5ef-b47352478ff0-20240501143035%40blurHash%3DSkNJNTYsfnB%2BVkUxflV4dA%3D%3D.jpeg,1
1523,Screen Stars,L8-coas68g,100,https://s3.amazonaws.com/com.images.legiteem8/c73a5cc9-ff42-4bef-9bb1-1edce294ba9f-20240502144336%40blurHash%3DSjhEXWkwXix%2BcWJIRTFNew%3D%3D.jpeg,1
1524,80s Cars Raglan ,L8-cupjh3c,100,https://s3.amazonaws.com/com.images.legiteem8/c3198128-5115-4882-87ca-a730b049ba3d-20240502145515%40blurHash%3DSlNGNmUzdFN%2BVHMrX050OA%3D%3D.jpeg,1
1525,bob Marley Thailand boot,L8-38k6hs1,30,https://s3.amazonaws.com/com.images.legiteem8/20990cb5-ea1c-4ec5-9d5d-3f190476e5b3-20240425223651%40blurHash%3DSlRDJDFTfkJhZlIqOXVJcA%3D%3D.jpeg,1
1526,Giant by Tultex,L8-s35joq6,1200,https://s3.amazonaws.com/com.images.legiteem8/f4c322e7-ffe7-46e3-9ae9-529f4d2ebb39-20240503151227%40blurHash%3DSk9HYnF8P2JNfHh1X05Saw%3D%3D.jpeg,1
1527,Anvil,L8-rg0f13s,75,https://s3.amazonaws.com/com.images.legiteem8/6ae59b53-94fa-448b-979d-550270e74365-202404024522%40blurHash%3DSjRBbVlpfldqRm9LMDA0Og%3D%3D.jpeg,1
1528,Fruit of the Loom Best,L8-c9reat8,220,https://s3.amazonaws.com/com.images.legiteem8/83df3c12-f62f-4069-9ec3-f8f75bb59d59-2024042818349%40blurHash%3DSklEXVZZLTt%2BcHhhLTt4YQ%3D%3D.jpeg,1
1529,BackStage Pass,L8-q7wk4k1,300,https://s3.amazonaws.com/com.images.legiteem8/32f6042a-4d0b-4ae3-89b1-e13975985568-20240505155346%40blurHash%3DSjBLMW1AXi0wMEg9MDAwMA%3D%3D.jpeg,1
1530,Delta Neon Genesis Evangelion Shirt,L8-79gi33r,500,https://s3.amazonaws.com/com.images.legiteem8/0d6e56d4-b795-4a29-af65-e3e9272a1c29-2024050511448%40blurHash%3DSnNGWXJ2aj9%2BcGpbLTpqcw%3D%3D.jpeg,1
1531,Gildan Heavy Weight,L8-w3pj3oh,100,https://s3.amazonaws.com/com.images.legiteem8/df31fe6c-aaf0-40c9-b02a-00968b8fb755-2024050324458%40blurHash%3DSlhFeUpPJU1%2BcSUySTt0Ng%3D%3D.jpeg,1
1532,All Sport,L8-9e892ua,600,https://s3.amazonaws.com/com.images.legiteem8/06eb7748-24b1-4128-8f74-cb5191dd0310-2024050601511%40blurHash%3DSjFBbVNYMDEwMDAxfm8wMQ%3D%3D.jpeg,1
1533,Lauryn Hill Rap Tee (90s),L8-qphetp6,450,https://s3.amazonaws.com/com.images.legiteem8/28444cd4-0b4d-47d5-8515-f058c3564b34-2024050683936%40blurHash%3DSlZEW3ctfVtFTEUxRUxJOg%3D%3D.jpeg,0
1534,Giant,L8-qohei9d,1600,https://s3.amazonaws.com/com.images.legiteem8/d49d1ba7-0d7e-4110-976e-0141c1693f9e-2024050623625%40blurHash%3DSjFFLSVhOHYwMHt7MDBxdw%3D%3D.jpeg,1
1535,Winterland,L8-o2sfsn3,100,https://s3.amazonaws.com/com.images.legiteem8/5573a367-2340-4dea-b82e-268c5fd60f6d-2024050703046%40blurHash%3DSlBIXi1KPXh%2BcE9wLUJSUQ%3D%3D.jpeg,1
1536,GEM,L8-lfd3cn3,300,https://s3.amazonaws.com/com.images.legiteem8/b26242c5-fec4-4b6c-80a7-b720e7e6906e-2024050620344%40blurHash%3DSjQ5anI9Ump%2BcXQ3MDBXQg%3D%3D.jpeg,1
1537,2Pac Rap Tee,L8-vjkkd8q,350,https://s3.amazonaws.com/com.images.legiteem8/14c3e1f7-a531-4b92-a9b4-b523584df49d-2024050704918%40blurHash%3DSkdGfXZLfVswTUVnNG5YOA%3D%3D.jpeg,1
1538,Screen Stars,L8-4bm5jt6,100,https://s3.amazonaws.com/com.images.legiteem8/3362d252-4366-4ba9-834d-2b37b158925f-20240507132152%40blurHash%3DSlhHbFAwUmp%2BcHQ3P2JmNg%3D%3D.jpeg,1
1539,Lay Chix Not Eggs!,L8-sta1jsv,75,https://s3.amazonaws.com/com.images.legiteem8/47627b68-517c-423f-b783-b94d007007a9-2024050212929%40blurHash%3DSjRKN3BefW0wMEdKMDBEJQ%3D%3D.jpeg,1
1540,Bay Club,L8-1cuw3iw,350,https://s3.amazonaws.com/com.images.legiteem8/51823313-7fbb-49cc-a42d-1203c99578e7-202405080418%40blurHash%3DSnFHOC5idDZ%2BQW9lJTFqWw%3D%3D.jpeg,1
1541,Jostens,L8-8sjisbk,75,https://s3.amazonaws.com/com.images.legiteem8/0b553a81-c7f9-4372-81a5-688ccab38f49-2024050441854%40blurHash%3DSklLVUp9X00uVG8jOF5NeA%3D%3D.jpeg,1
1542,Changes,L8-32mc8jl,100,https://s3.amazonaws.com/com.images.legiteem8/b036d04c-1981-48d7-a50b-2e0995002cf1-20240507161723%40blurHash%3DSlFCZzZdflVvZW9lUmpXRQ%3D%3D.jpeg,1
1543,Fruit of the Loom Heavy,L8-3743a4v,120,https://s3.amazonaws.com/com.images.legiteem8/d0266fc1-28db-4824-bc0f-f140e1e08423-202405065939%40blurHash%3DSjRLeDNjflcwMDQuOHtEaQ%3D%3D.jpeg,1
1544,Vintage 2Pac Rap Tee,L8-coj3och,350,https://s3.amazonaws.com/com.images.legiteem8/6e16b3fe-61ba-412e-b9f4-a2adb0238ae5-2024050705741%40blurHash%3DSkM5R346Ump%2BVFdCflRheQ%3D%3D.jpeg,1
1545,Hook-ups Nurse Daisy,L8-oahsfd9,400,https://s3.amazonaws.com/com.images.legiteem8/2360e06b-6ea7-4789-9cf8-50cd5ae0ef8a-2024050744827%40blurHash%3DSkNEOUkuLXF%2BVy07Rnl4XQ%3D%3D.jpeg,1
1546,3D Emblem,L8-qfn9qtu,200,https://s3.amazonaws.com/com.images.legiteem8/0704db98-fe8d-4d66-ba27-c93f33e415ac-2024050714948%40blurHash%3DSktBMFVMfkI5dUVNLW8lMQ%3D%3D.jpeg,1
1547,cbgb & omfug,L8-l59cnmg,30,https://s3.amazonaws.com/com.images.legiteem8/6ab77987-47d5-4333-a634-79a6ad7aee45-2024050844246.jpeg,1
1548,Top Heavy,L8-lt85kjv,1100,https://s3.amazonaws.com/com.images.legiteem8/35fe5722-a39d-4710-95a6-3f16c4efa313-2024050617437%40blurHash%3DSmpFeDtMb2Z%2BQW9lPV1vSg%3D%3D.jpeg,1
1549,Fruit of the Loom USA,L8-j58ag6e,600,https://s3.amazonaws.com/com.images.legiteem8/86727b41-63d8-4f58-86b9-a66f6ee7ffe7-2024050334542%40blurHash%3DSjdJZXw6STo3OkVmNFBvaA%3D%3D.jpeg,1
1550,Delta,L8-iu3gnc6,600,https://s3.amazonaws.com/com.images.legiteem8/23facd2b-dc69-4dfa-addb-2a9e8a16ee06-2024041123751%40blurHash%3DSmFIS0xmfXQlemJ1SlJJOw%3D%3D.jpeg,1
1551,Tupac Rap Tee “Me Against the World”,L8-u1im3je,450,https://s3.amazonaws.com/com.images.legiteem8/ea9e4077-d3c8-4e31-b9af-9039843b1407-2024051003237%40blurHash%3DSjA0QnRJV0E0cFIrTkhSag%3D%3D.jpeg,1
1552,Winterland Productions,L8-eu37o06,1100,https://s3.amazonaws.com/com.images.legiteem8/8c887c7c-b1d6-42f5-a9ac-16496c76974f-20240510113146%40blurHash%3DSnlHSGhrb2R9PW9lXk1vSw%3D%3D.jpeg,1
1553,Fruit of the Loom,L8-en4cod9,500,https://s3.amazonaws.com/com.images.legiteem8/1da75911-d6f1-4ffa-a75c-e510f43dc057-20240508125921%40blurHash%3DSmFGRStPfUBwSU5iRSpFTg%3D%3D.jpeg,1
1554,Vintage 2 Pac Rap Tee ,L8-94k1wgn,400,https://s3.amazonaws.com/com.images.legiteem8/d07a68ba-69b7-47af-857d-57ac43a4c2a8-20240510212355%40blurHash%3DSldEXTZ3LW54dUlxfkJ4dA%3D%3D.jpeg,1
1555,Hanes,L8-ow6ncjq,200,https://s3.amazonaws.com/com.images.legiteem8/ed921794-66ec-4df6-8227-a94b43e055e3-20240512222752%40blurHash%3DSjhBdnFUfUAwI0lwcVt3XQ%3D%3D.jpeg,1
1556,Euro (Generic) ,L8-aimr7e0,400,https://s3.amazonaws.com/com.images.legiteem8/22474fc6-b7d4-4af6-918b-8ed062459e23-20240512214539%40blurHash%3DSjlIb0J5flZ%2BN05LMDBNdw%3D%3D.jpeg,1
1557,odb rap tee,L8-6er0bjk,50,https://s3.amazonaws.com/com.images.legiteem8/6e32031c-1cea-4550-b5dc-640120b5732d-20240511185417%40blurHash%3DSlJKWzNLXzN%2BcE17dDZvZg%3D%3D.jpeg,1
1558,Wild Oats,L8-gmktr8c,600,https://s3.amazonaws.com/com.images.legiteem8/d0cd8a56-d64e-4012-a376-6bee465bfafc-20240513121523%40blurHash%3DSkJIbl1IJTIlaldEOF5XVQ%3D%3D.jpeg,1
1559,Lizard,L8-uou26k2,1000,https://s3.amazonaws.com/com.images.legiteem8/c340c2ce-e500-4afe-a883-65fe665d3a38-2024051402334%40blurHash%3DSjBEZHxsMDAwMDAwMDAwMA%3D%3D.jpeg,1
1560,Hanes,L8-famw3t4,2500,https://s3.amazonaws.com/com.images.legiteem8/cf76eb69-340d-4ff2-a3ea-e99457270db8-202405142337%40blurHash%3DSlNKKkxeP0h%2BVnQ2TkZqWw%3D%3D.jpeg,1
1561,Liquid Blue,L8-v80e64u,60,https://s3.amazonaws.com/com.images.legiteem8/e4d41a6a-6d5c-49d4-8bbc-26742f93b65d-2023090464411%40blurHash%3DSlhKJThbamRDK1Ilfld4YQ%3D%3D.jpeg,1
1562,Jackie Chan Drunken Master II,L8-c3qmg6d,180,https://s3.amazonaws.com/com.images.legiteem8/7f29364b-fae7-4ee5-9a6e-3c522862c06b-202405115328%40blurHash%3DSlNFZkg5JTJ%2BVnh0cjt0Ng%3D%3D.jpeg,1
1563,Zion Rootswear,L8-bdg1uot,35,https://s3.amazonaws.com/com.images.legiteem8/25ee475e-a5c3-4a1c-b2af-4f029695abed-2024051453031%40blurHash%3DSkhBXXlwb3p%2BQWpbP0ZvTA%3D%3D.jpeg,1
1564,Euro (Generic) ,L8-ohe1cci,1000,https://s3.amazonaws.com/com.images.legiteem8/2997d6f8-b976-494b-a620-f0a403a37287-20240514131320%40blurHash%3DSnNGNk9mb2Z%2BcWY1LjhXQg%3D%3D.jpeg,0
1565,Gildan,L8-38stil6,650,https://s3.amazonaws.com/com.images.legiteem8/70c59333-c678-46e7-a371-6f385b769c75-20240515204953%40blurHash%3DSkRJfS1EWD14dVJpdFJ0Nw%3D%3D.jpeg,1
1566,Fruit of the Loom,L8-hgm8c85,200,https://s3.amazonaws.com/com.images.legiteem8/999520f0-2aaa-4df6-a789-f511dd1b611f-20240516124322%40blurHash%3DSkRKP3ZwLTVHYWlkWSpOSA%3D%3D.jpeg,1
1567,Giant by Tee Jays,L8-psq4lpo,700,https://s3.amazonaws.com/com.images.legiteem8/c0461c36-15bd-4fcd-9fdf-4274b0ba2502-2022092713826%40blurHash%3DVSVPeV5ZeGFiSXQ3XzRhem9Jb2V4XmEjV0NhenhdaltSK2pb.jpeg,1
1568,GEM,L8-oigpojh,1000,https://s3.amazonaws.com/com.images.legiteem8/687dc353-0598-4cfd-b7a6-e303fe2908a7-20240515205646%40blurHash%3DSkhHSWNXXjV%2BcC1wNVI5dQ%3D%3D.jpeg,1
1569,QTees Of California,L8-c9oo86u,3000,https://s3.amazonaws.com/com.images.legiteem8/f77af414-e36a-4356-95fd-706bfa688383-2024051621049%40blurHash%3DSjRBZDRTLmw7bUlVMDBIPw%3D%3D.jpeg,0
1570,Brockum,L8-rgimf4a,450,https://s3.amazonaws.com/com.images.legiteem8/71714c66-a346-4110-83ed-2b460c8b62b2-20240517162753%40blurHash%3DSjRBSnZWRCt%2BM0UzMDA5YQ%3D%3D.jpeg,1
1571,Trinity Products,L8-wnve9eh,200,https://s3.amazonaws.com/com.images.legiteem8/43a0340c-8fa7-4194-82a5-57c1c2ac2b1b-2024051615254%40blurHash%3DSjE5R2dxMDAwMCUwM0d4dQ%3D%3D.jpeg,1
1572,DRACULA,L8-165tjfs,80,https://s3.amazonaws.com/com.images.legiteem8/78d31489-0d04-4796-b176-cffe80de62b6-2024051711934%40blurHash%3DSm9LbkZfdDZ%2BVmF4RCVqQA%3D%3D.jpeg,1
1573,The Stone Roses Elephant Stone,L8-4o81dwn,350,https://s3.amazonaws.com/com.images.legiteem8/655af840-f205-4c88-83ea-d2105a3610b2-20240518111939%40blurHash%3DSkJMNFdrOUZ%2BcS06XiUtOw%3D%3D.jpeg,1
1574,Gildan,L8-b6j2vi0,30,https://s3.amazonaws.com/com.images.legiteem8/8cd1c99d-f0b1-4e48-a5f3-6d258d4b8deb-202405184230%40blurHash%3DSjhDR1B6fnAtbnh1MDA0Lg%3D%3D.jpeg,1
1575,Harley Davidson,L8-0ic2vej,75,https://s3.amazonaws.com/com.images.legiteem8/7958a20e-a2cd-474e-be4a-b7535f5ffff6-20240516235649%40blurHash%3DSjlEYn5Ga0R%2BVnh0MCNvZA%3D%3D.jpeg,1
1576,LEE,L8-dvbwt38,75,https://s3.amazonaws.com/com.images.legiteem8/cf24e7b8-eb63-465e-bab3-4af2579c983c-2024051623481%40blurHash%3DSkJFfEM6WVJHSS44MDMlMA%3D%3D.jpeg,1
1577,WWF,L8-tnqqj2o,200,https://s3.amazonaws.com/com.images.legiteem8/d451c35d-c30f-4c42-952b-37d74a6a0104-2024051921335%40blurHash%3DSmZFZktGdDd%2BQW9LP0ZheQ%3D%3D.jpeg,1
1578,Delta Pro Weight,L8-qhat1qc,200,https://s3.amazonaws.com/com.images.legiteem8/d70b2fcc-3148-4a43-b9c5-bfc4ea36c1f1-2024052021446%40blurHash%3DSjhFb1NqU0FOan40SWw0Ow%3D%3D.jpeg,1
1579,1997 Greatest Team In NBA History,L8-p9mjwfq,350,https://s3.amazonaws.com/com.images.legiteem8/c331eb06-a587-4d33-978c-2636a61ee969-2024051721912%40blurHash%3DSjZJfUlxezNDLHBfMDB0bQ%3D%3D.jpeg,1
1580,Gildan,L8-p7s0nhu,400,https://s3.amazonaws.com/com.images.legiteem8/2cf4668b-27ce-42ad-bb39-450706d02277-202405202094%40blurHash%3DSjU5YTF8TXt%2BcWFnMDBvZQ%3D%3D.jpeg,0
1581,Blue Grape,L8-plo4bvj,200,https://s3.amazonaws.com/com.images.legiteem8/5e83c010-92e0-484f-b6c2-7cb0433b5872-20240518215615%40blurHash%3DSktGaDtlNVE1Tz9IfWxWPw%3D%3D.jpeg,1
1582,hooks up gundam,L8-cmigbvm,250,https://s3.amazonaws.com/com.images.legiteem8/641de984-e8fc-4092-9c40-93b3802d9062-20240518134418%40blurHash%3DSjZMdzklfHwzOjF0MDBSJQ%3D%3D.jpeg,1
1583,biggie tupac rap tee,L8-qucudnh,450,https://s3.amazonaws.com/com.images.legiteem8/6075bc04-9df7-4495-9d49-011ea2699954-202405178456%40blurHash%3DSjlEMGZhLT8ubVMkSHJyPQ%3D%3D.jpeg,1
1584,The Doors,L8-eso1u7s,350,https://s3.amazonaws.com/com.images.legiteem8/a148c79f-6cc6-4703-b9b7-56a65f12ee6f-20240521174853.jpeg,1
1585,Giant,L8-q5c20ok,150,https://s3.amazonaws.com/com.images.legiteem8/11db988d-78aa-4ad0-96ee-6dc274613dd7-2024052121361%40blurHash%3DSjZCeytBNDp%2BQm9mNTd4Rw%3D%3D.jpeg,1
1586,Winterland,L8-c6bpptg,200,https://s3.amazonaws.com/com.images.legiteem8/49a808bf-0e03-4c79-9139-5d9dab53034d-202211057057.jpeg,1
1587,Brockum Worldwide,L8-8wjpqt9,1800,https://s3.amazonaws.com/com.images.legiteem8/9c40b993-3517-40c0-a691-ed16bffed17e-2024052295941%40blurHash%3DSkZIQ1dYR0s0VFZXNDtzOg%3D%3D.jpeg,1
1588,Screen Stars,L8-otgd763,2800,https://s3.amazonaws.com/com.images.legiteem8/1d3048d1-73ca-4c8a-9539-0e9cdf5aceb2-2024052210516%40blurHash%3DSkFHSjhHR2QwMHJWMDB4Wg%3D%3D.jpeg,1
1589,Trademark Apparel,L8-ep6pa1n,150,https://s3.amazonaws.com/com.images.legiteem8/ee7066b0-886d-4224-bf6b-ef4dd3315d5d-202405134356%40blurHash%3DSjlDaXAkJUx%2BVm9mMDBJbw%3D%3D.jpeg,1
1590,Brockum,L8-q4b1wjg,150,https://s3.amazonaws.com/com.images.legiteem8/e2363629-af4c-4e15-acaf-bad1b9647321-202405229499%40blurHash%3DSkNJezpJNDkzcztrdmM9Wg%3D%3D.jpeg,1
1591,Polygram,L8-9vfpe5w,650,https://s3.amazonaws.com/com.images.legiteem8/b1a12abd-b007-4da4-93dd-8493c7c68134-2024052222338%40blurHash%3DSjk4fC1IfnAwMDAxfnBfMg%3D%3D.jpeg,1
1592,Bolt Thrower Realm of Terror era Logo eye of terror,L8-2tt0a9b,200,https://s3.amazonaws.com/com.images.legiteem8/a97bc3a4-a34e-45ad-b9fe-23ced2cd804d-202405252217%40blurHash%3DSjFEXW84fnEua3h1MDBJVQ%3D%3D.jpeg,1
1593,All Sport,L8-jpgnb34,400,https://s3.amazonaws.com/com.images.legiteem8/9c49ea13-458f-4a98-b420-c884b71a7cac-2024052441136%40blurHash%3DSktFeVBmdFJ%2BcXQ3NG5New%3D%3D.jpeg,1
1594,Euro (Generic) ,L8-j4opqr2,700,https://s3.amazonaws.com/com.images.legiteem8/88e0b309-c9de-444a-94ca-b910fc8d99e7-20240525183754%40blurHash%3DSmFHKitzfkE1N0VNRTFJbw%3D%3D.jpeg,1
1595,Vintage Pearl Jam 1994 Concert Shirt,L8-w1pq20p,500,https://s3.amazonaws.com/com.images.legiteem8/7bc54104-942d-45fb-8677-c94f6667530d-20240525185517%40blurHash%3DSjBHbENuMDAwMDJfMDAwMA%3D%3D.jpeg,1
1596,Giant by Tee Jays,L8-hc15a9k,750,https://s3.amazonaws.com/com.images.legiteem8/ae2b480e-1667-405f-a1ec-0abe73b117f3-2024052504043%40blurHash%3DSlZEY1hQaj9%2BVm9mP2JvZQ%3D%3D.jpeg,1
1597,Giant by Tee Jays,L8-os6a8w1,1000,https://s3.amazonaws.com/com.images.legiteem8/8bc6699c-ccc7-43a3-8951-beb9dcaeb6be-2024052504529%40blurHash%3DSjhJaDo1fnAwMElwMDBJQQ%3D%3D.jpeg,1
1598,Winterland,L8-e3ri2ah,250,https://s3.amazonaws.com/com.images.legiteem8/36c7b094-fe14-4754-ae32-72271dd27442-2024052612626%40blurHash%3DSkNCeXBpdDd9cG4lfXBheQ%3D%3D.jpeg,1
1599,Vintage 1984 Sturgis T shirt,L8-f65dda4,150,https://s3.amazonaws.com/com.images.legiteem8/49c92c5d-3a9a-446b-bdfc-19a3203dfb2b-2024052514289%40blurHash%3DSkJEYit2RE5ETlg6fkJJOQ%3D%3D.jpeg,1
1600,Fruit of the Loom,L8-j1w91g4,100,https://s3.amazonaws.com/com.images.legiteem8/04fa2b15-c426-4161-8d38-e40b9e9507cd-20240526142341%40blurHash%3DSjdJWF1VakYsOVJPfnAlZw%3D%3D.jpeg,1
1601,Hanes Beefy T,L8-mu46wgs,100,https://s3.amazonaws.com/com.images.legiteem8/613c7d2f-9632-4d36-8a36-cb73c80f60b6-2024050974247%40blurHash%3DSkdHOHlDeFp%2BcGpAMDBXcg%3D%3D.jpeg,1
1602,Tupac Thug Life,L8-66c5rkt,450,https://s3.amazonaws.com/com.images.legiteem8/e2d7a2b4-f053-4494-84ea-1115abe80aa0-20240525235058%40blurHash%3DSkdGaVl8OF4lRD9IMDB%2Bbw%3D%3D.jpeg,1
1603,QTees Of California,L8-jeajcbv,3000,https://s3.amazonaws.com/com.images.legiteem8/8475c827-bc9d-44de-9b89-6dd143c1ff1a-2024052611658%40blurHash%3DSjVCcGtKLmwjdEQlMDBIPw%3D%3D.jpeg,1
1604,Fruit of the Loom Heavy,L8-wrwfavo,700,https://s3.amazonaws.com/com.images.legiteem8/f5be3409-ef78-46f4-be48-4318ffdcc38e-20240524141920%40blurHash%3DSkdESWFqfXJYbEVnMExJOw%3D%3D.jpeg,1
1605,Tour Champ,L8-uaph6rc,350,https://s3.amazonaws.com/com.images.legiteem8/b8abddc5-32b2-4f67-8dd2-18ccbb27d973-20240527193145%40blurHash%3DSkFEVDBGdG5%2BcElVNG05Rg%3D%3D.jpeg,1
1606,History of Art,L8-pf19k3f,45,https://s3.amazonaws.com/com.images.legiteem8/9ac7f64b-6713-4605-8e69-4f0a085e3fe1-2024052514166%40blurHash%3DSjZCRE5JP2F%2BVldCMDBFMQ%3D%3D.jpeg,1
1607,Euro (Generic) ,L8-a9i6oqn,1000,https://s3.amazonaws.com/com.images.legiteem8/9ec280bc-d7e8-4110-8041-84f2663570d3-20240527204844%40blurHash%3DSjlJaFQqfnE4d25NMDA5YQ%3D%3D.jpeg,1
1608,Mosquitohead,L8-m7hgbl6,1000,https://s3.amazonaws.com/com.images.legiteem8/e4279159-7ff1-4298-802b-f6635017b6ba-20240527175930%40blurHash%3DSkFGTz1nYnxMI0lCfSpSVQ%3D%3D.jpeg,1
1609,Wrestling,L8-sq2962k,180,https://s3.amazonaws.com/com.images.legiteem8/5fcf30d3-a06e-4bce-8beb-23e7ab1cbe05-2024052863650%40blurHash%3DSlNGcipRdDdfNG9nMEtmaw%3D%3D.jpeg,1
1610,Fruit of the Loom,L8-kqs3wss,500,https://s3.amazonaws.com/com.images.legiteem8/fdf54e5e-0dd8-44a0-8f66-64e095f27088-20240526141050%40blurHash%3DSkNDNmxZeFl%2BVnM6MExmaw%3D%3D.jpeg,1
1611,Brockum,L8-get7d4m,150,https://s3.amazonaws.com/com.images.legiteem8/303c19b5-2809-4b0a-9b78-65f12f63fa68-2024053014627%40blurHash%3DSnlGPVU3Uit%2BVmEjP0hvZg%3D%3D.jpeg,1
1612,TOP,L8-03c8h52,180,https://s3.amazonaws.com/com.images.legiteem8/f2254657-5a4e-4cb1-9248-9bfd67632b3e-2024053015120%40blurHash%3DSkdELDRTXzN%2BcFJqJTJSag%3D%3D.jpeg,1
1613,Giant,L8-d5cs657,530,https://s3.amazonaws.com/com.images.legiteem8/8bbb4668-6bb0-4cb6-87d3-ee47d548ca2a-20240528103243%40blurHash%3DSlVDR1B4alt%2BcW9mXixqWw%3D%3D.jpeg,1
1614,Tour Champ,L8-qtkbv82,1250,https://s3.amazonaws.com/com.images.legiteem8/bd06e321-1ccc-4983-8112-f497d2b040af-20240529131637%40blurHash%3DSmpHYkNrbml%2BVlIlP0dzbQ%3D%3D.jpeg,1
1615,Fashion Victim,L8-bn90p8v,800,https://s3.amazonaws.com/com.images.legiteem8/11ec2724-8f1a-4cc1-b4ad-0745daf47d6f-20240527204616%40blurHash%3DSkJCe2x3fVswMEUxdCtrQg%3D%3D.jpeg,1
1616,Fashion Victim,L8-8rq7v3q,800,https://s3.amazonaws.com/com.images.legiteem8/0b0110a1-8887-4c4e-995f-d4a584e78086-2024052883417%40blurHash%3DSjA3S01DVEpWcmEjMDAtVg%3D%3D.jpeg,1
1617,Hanes,L8-dj2tujt,350,https://s3.amazonaws.com/com.images.legiteem8/90daee0a-068f-45c0-bfe2-1aeff42e06b5-2024053117296%40blurHash%3DSlFMNGpDLTt%2BcE14SUF4dQ%3D%3D.jpeg,1
1618,90’s Waiting to Exhale Rap Tee,L8-pgbrf52,350,https://s3.amazonaws.com/com.images.legiteem8/14258a2e-1774-494d-9462-22521fef9a67-20240530172554%40blurHash%3DSmNHYmhwTWR%2BcE17eF1FMQ%3D%3D.jpeg,1
1619,Spider-Man vs Venom Resurreccion ,L8-l4co94n,700,https://s3.amazonaws.com/com.images.legiteem8/7b381d36-b594-4625-be47-fffd834b6e96-2024052831156%40blurHash%3DSkJFTTJufVt5P1k1UW0kag%3D%3D.jpeg,1
1620,Gildan,L8-innl6p4,20,https://s3.amazonaws.com/com.images.legiteem8/9b4dfb18-d323-4936-b871-a50e48d64c18-20240531143125%40blurHash%3DSjlEKzs6fnFEK01%2BMDBEJA%3D%3D.jpeg,0
1621,I’m Sick of you  ,L8-wi1pq4r,50,https://s3.amazonaws.com/com.images.legiteem8/e4e9d1d8-9005-4812-b0c7-25d2b07248e8-2024060243544%40blurHash%3DSmRFQ1Jlb2Z%2BQW9mP0ZqWw%3D%3D.jpeg,1
1622,Screen Stars,L8-un96r4a,1000,https://s3.amazonaws.com/com.images.legiteem8/b84a66ec-36a5-492e-b911-f335b533cd7d-20240601154659%40blurHash%3DSjhJM107MDB%2BRE9aMDAwTg%3D%3D.jpeg,1
1623,NewStar,L8-3jp4l8c,1000,https://s3.amazonaws.com/com.images.legiteem8/322f9ba0-f0ec-462d-81cb-ccc4525b6985-202406020137%40blurHash%3DSk5MRHVuVlkqSW9mSUNWWw%3D%3D.jpeg,1
1624,Shirt-Tex,L8-7oct7w9,120,https://s3.amazonaws.com/com.images.legiteem8/f12c2ddf-9f21-42ae-933f-0375f01e580b-2024060112142%40blurHash%3DSlBIZVJnXkl5c0VrfWt4dQ%3D%3D.jpeg,1
1625,TLC SILLY HO FAN MAIL,L8-1sd2wg3,800,https://s3.amazonaws.com/com.images.legiteem8/60cd633b-ec6e-4fff-964a-ac32d9fe4cf7-2024060217734%40blurHash%3DSkpESXRGfkI1UzldaUotQQ%3D%3D.jpeg,1
1626,Blue Grape,L8-8d33ebu,200,https://s3.amazonaws.com/com.images.legiteem8/355d6424-6758-4a89-b6f8-b2250c469340-20240602225951%40blurHash%3DSmNIZGFESTpQVHhhfkJqWg%3D%3D.jpeg,1
1627,Ja Ryle Rap Tea,L8-c5conb2,250,https://s3.amazonaws.com/com.images.legiteem8/fad18489-e708-404e-ab66-2992955f8402-2024060302841%40blurHash%3DSjZHXVVufUBfMkVRMEpUTA%3D%3D.jpeg,1
1628,St. Evans,L8-an64pmj,300,https://s3.amazonaws.com/com.images.legiteem8/0028960e-4849-460d-9668-ec0d324a5efa-2024060303223%40blurHash%3DSkNOLF85P2EuQUUyP0VvSg%3D%3D.jpeg,1
1629,master P da last don ,L8-e4mktj1,500,https://s3.amazonaws.com/com.images.legiteem8/55fd5366-9fbe-476c-b289-5f11ae217a50-20240603205718%40blurHash%3DSm1FeTBtb2Z%2BVW9lXipqWg%3D%3D.jpeg,1
1630,nirvana 90s tee,L8-o6s16hd,400,https://s3.amazonaws.com/com.images.legiteem8/11c90edf-4492-4b88-b411-d894fadd7154-20240603114920%40blurHash%3DSlNJWFQ7LW9%2BVnh0MDElMg%3D%3D.jpeg,1
1631,Anvil,L8-v42rogj,500,https://s3.amazonaws.com/com.images.legiteem8/40c78179-952a-43da-8705-cfec9d1b98a7-2024060413348%40blurHash%3DSkVJcW94dWgwMT1MMDBJVA%3D%3D.jpeg,1
1632,Brockum Group (The),L8-rg9vccv,400,https://s3.amazonaws.com/com.images.legiteem8/53a6af59-c3c4-477a-819b-23ad505717a7-20240605203428%40blurHash%3DSkNLLXFJX054VUQlNFQtOw%3D%3D.jpeg,1
1633,SONIC YOUTH KOOL THING,L8-wc5evnm,800,https://s3.amazonaws.com/com.images.legiteem8/6f62b4e4-875f-47b7-a66f-fd0556e3b3a0-20240606102023%40blurHash%3DSjNJPUFETEsubTpsSFlHWg%3D%3D.jpeg,1
1634,Giant,L8-19wh0h3,100,https://s3.amazonaws.com/com.images.legiteem8/b6292890-a473-4ec0-bcb3-0aea424b07d8-20240605171229%40blurHash%3DSmJJI3J1eGE0bldCfnBmUg%3D%3D.jpeg,1
1635,Giant by Tee Jays,L8-jisflap,2200,https://s3.amazonaws.com/com.images.legiteem8/74d56912-8a9b-48b5-9616-e548b704f960-2024060703033%40blurHash%3DSjNCe314eVhISWlfc189ew%3D%3D.jpeg,0
1636,Liquid Blue,L8-sc69c6p,275,https://s3.amazonaws.com/com.images.legiteem8/bf758874-3ef5-41ba-9bb5-2425aaeef43b-2024060516118.jpeg,1
1637,Vintage 1996 The Smashing Pumpkins Leave Me Alone Shirt,L8-wkkt3oj,170,https://s3.amazonaws.com/com.images.legiteem8/1e5ea434-9532-4001-8d57-8ea5b01e0caa-20240606233828%40blurHash%3DSjJKKiNMcUMwMF5sMDAwMQ%3D%3D.jpeg,1
1638,Michael Athletic Dept.,L8-ag2bkej,150,https://s3.amazonaws.com/com.images.legiteem8/01a34179-3c51-4897-b577-114ad2c326f9-202406053424%40blurHash%3DSk1BbUdWa2teLXQ1b31zOg%3D%3D.jpeg,0
1639,LL Cool J rap tee,L8-js9jmww,850,https://s3.amazonaws.com/com.images.legiteem8/6ba907aa-db9a-4e61-bd60-7437b16fc1bf-2024060832250%40blurHash%3DSjBEbCttJU8wMFNOMDAwMA%3D%3D.jpeg,1
1640,Giant by Tultex,L8-l021t63,2200,https://s3.amazonaws.com/com.images.legiteem8/994f85fe-3de3-4e00-bc34-d67afd5c2587-2024060841946%40blurHash%3DSlFEXUNAJU5eJVJqflZ4cw%3D%3D.jpeg,1
1641,Fruit of the Loom USA,L8-mir9sgn,800,https://s3.amazonaws.com/com.images.legiteem8/d0026233-c363-42c8-a008-cf8cbc59ad7f-20240608125813%40blurHash%3DSk1BLHpvfnBvSWpbSVVXRQ%3D%3D.jpeg,1
1642,Cut Off,L8-2fo2mjr,350,https://s3.amazonaws.com/com.images.legiteem8/681e0540-5595-48c6-80de-d733dda9ed5a-2024052912641%40blurHash%3DSkpDWk93b2Z%2BcFdCP2FheQ%3D%3D.jpeg,1
1643,3D Emblem,L8-83svvwf,850,https://s3.amazonaws.com/com.images.legiteem8/bf0f245d-9dd3-48b6-868a-a07412535676-20240608164424%40blurHash%3DSk5DTywsK3Z8fDtsO2wjcQ%3D%3D.jpeg,1
1644,Jerzees,L8-6527cjv,500,https://s3.amazonaws.com/com.images.legiteem8/d076ac8b-0053-43ba-8b6a-74fd1d33484e-20240608111123%40blurHash%3DSk9BbWtfakB%2BV2pbP2FhZQ%3D%3D.jpeg,1
1645,Gildan Heavy,L8-kaa9jts,400,https://s3.amazonaws.com/com.images.legiteem8/3ab5dd45-77a6-412a-9f19-a244ef864c48-2024060922288%40blurHash%3DSlJDUFkxYWR9OnM6flRXQg%3D%3D.jpeg,1
1646,Giant,L8-h4dtdfj,350,https://s3.amazonaws.com/com.images.legiteem8/f37c514c-d6a7-48c2-b65d-438a317da40a-2024061121527%40blurHash%3DSlRFLi0zUmt%2BcHQ2P2FheQ%3D%3D.jpeg,1
1647,Anvil,L8-nogtn9b,520,https://s3.amazonaws.com/com.images.legiteem8/0fbb91d9-e373-4e48-ab83-174ba6071671-20240611135%40blurHash%3DSjhIeEg3fkEwMGtXNG90Nw%3D%3D.jpeg,1
1648,Hanes Ultraweight,L8-3nokidu,300,https://s3.amazonaws.com/com.images.legiteem8/cda91d49-ca50-4cf1-b594-746f0eb6c1ce-20240609192728%40blurHash%3DSkFJWD9TP2J%2BVHhaOHdzKw%3D%3D.jpeg,1
1649,Brockum Worldwide,L8-d6ep4im,2600,https://s3.amazonaws.com/com.images.legiteem8/946a900b-2c95-42c4-aa32-3663dc71e779-202406114030%40blurHash%3DSmZLQkJwLTp%2BcE18P2J0Ng%3D%3D.jpeg,1
1650,Murina,L8-mncohif,500,https://s3.amazonaws.com/com.images.legiteem8/dad6738b-ff4e-4f74-8cd0-fc0dc9aa64cb-20240610185921%40blurHash%3DSjQ5R3t5JU1%2BWHQ3MDBJbw%3D%3D.jpeg,1
1651,vintage mexican venom boot,L8-2ikhnet,20,https://s3.amazonaws.com/com.images.legiteem8/a7168a02-d1bb-4e52-a75f-c5f4f8ed83a1-20240611185929%40blurHash%3DSk5CcGg4eGF%2BVnQ3XzFvTA%3D%3D.jpeg,1
1652,Giant by Tultex,L8-mjeijno,2200,https://s3.amazonaws.com/com.images.legiteem8/601ec546-42d8-42b1-b239-46a2595a9658-2024061112598%40blurHash%3DSlBEXTkrJU5%2BQVJqflZ4cw%3D%3D.jpeg,1
1653,michael jordan rap tee,L8-24eu3qp,350,https://s3.amazonaws.com/com.images.legiteem8/16d78050-a75d-475c-8876-a64596f8a30f-20240610171240%40blurHash%3DSjNFTTJiP2J4Xj9kP2NrRA%3D%3D.jpeg,1
1654,Tupac “the 7 day theory”,L8-rseg9h9,550,https://s3.amazonaws.com/com.images.legiteem8/7ac8cf5b-2ab9-40b6-bf67-7c1ea723adab-2024061123339%40blurHash%3DSkM5R3o2dDZ%2BVnhhflZ4YQ%3D%3D.jpeg,1
1655,Giant,L8-3dcp414,400,https://s3.amazonaws.com/com.images.legiteem8/cfa349b8-1966-44bb-8967-6a5da671d1ef-2024061015190%40blurHash%3DSlhFVnZzYXl%2BcWZSXzNheQ%3D%3D.jpeg,1
1656,1993 nirvana incesticide ,L8-q9m7o5u,850,https://s3.amazonaws.com/com.images.legiteem8/f6c0a176-e9ad-4d64-a892-97ecea327c39-20240612221013%40blurHash%3DSjFHYnE9MDAwMCVPZDhyXg%3D%3D.jpeg,1
1657,Hanes,L8-jgotsna,200,https://s3.amazonaws.com/com.images.legiteem8/635f3797-1206-4441-b8e2-8f3b5aea8b02-20240611134540%40blurHash%3DSkFGRixMflgwME14MDBFZQ%3D%3D.jpeg,1
1658,Sportswear,L8-eusw4qj,200,https://s3.amazonaws.com/com.images.legiteem8/fed65999-b06c-4b95-85f6-23ce9b61167c-2022071485816%40blurHash%3DVUZLSj0wflZNey1vMDBhZ3hhUmo4e0lVVz1Sa3Z%2BTXtSK3Q3.jpeg,1
1659,GEM,L8-7p2dq5l,500,https://s3.amazonaws.com/com.images.legiteem8/a5dd44c3-5414-4946-8f33-99740e9f28e7-2024061223653%40blurHash%3DSlBGRVpNfXNTezleUlBOYw%3D%3D.jpeg,1
1660,Gildan Ultra Blend,L8-qs4t98g,150,https://s3.amazonaws.com/com.images.legiteem8/bd3138cf-8f02-4e44-93c9-36c73745bc41-20240613124933%40blurHash%3DSjY4RHxWLXB%2BVnh0VnJzOg%3D%3D.jpeg,1
1661,Fruit of the Loom USA,L8-1nn2ljk,125,https://s3.amazonaws.com/com.images.legiteem8/448c7302-85b9-4ffa-88d5-716749f7c08a-20240614232443%40blurHash%3DSjZLdStpMDA0V35VMzQ9fA%3D%3D.jpeg,1
1662,Oneita,L8-3p5gqsv,1500,https://s3.amazonaws.com/com.images.legiteem8/5322f545-fcc6-4b29-a832-b5978fcd747b-2024061023651%40blurHash%3DSjRKUjhPMDAwMH5wMDAubQ%3D%3D.jpeg,1
1663,heavy d and the boyz nothing but love,L8-1887bcj,1000,https://s3.amazonaws.com/com.images.legiteem8/0845f5be-0fc6-46e1-88f7-244fae04164c-20240618173625%40blurHash%3DSkNCM2N8MDIxUn0sfTs0Ow%3D%3D.jpeg,1
1664,Murina,L8-7a5dr66,80,https://s3.amazonaws.com/com.images.legiteem8/df0b3b0b-92d8-4a19-b693-100685d33a70-2024061241616.jpeg,1
1665,1998 Bulls Championship Rap tee,L8-09f8u9r,350,https://s3.amazonaws.com/com.images.legiteem8/9591d629-7a52-40d5-a948-716218315f4f-2024062034423%40blurHash%3DSjlEU1I4XiV%2BVXM6MDFNfA%3D%3D.jpeg,1
1666,Hanes Heavyweight,L8-bv0170f,2000,https://s3.amazonaws.com/com.images.legiteem8/49f263d6-9182-42d2-bb2d-1b93a6be172a-20240614171626%40blurHash%3DSkNHW1RYfjlSNWtEMDBFMQ%3D%3D.jpeg,1
1667,Bay Club,L8-pb9ri8l,300,https://s3.amazonaws.com/com.images.legiteem8/663376db-6b99-4550-9f21-67fd6b2585a2-20240621194028%40blurHash%3DSk1FbyN2TXx%2Bb018P0ZqWg%3D%3D.jpeg,1
1668,Selena Rap tee,L8-rph7bro,400,https://s3.amazonaws.com/com.images.legiteem8/42dc3081-30ac-4374-a073-3348034f71ef-20240621212459%40blurHash%3DSk1Dc052VkAuNXdkflRSag%3D%3D.jpeg,1
1669,1996 chicago bulls rap tee,L8-gicgfaf,400,https://s3.amazonaws.com/com.images.legiteem8/c54c3c92-4a3f-4ada-9a3c-3c09a8d1c56f-20240622145055%40blurHash%3DSjFGRV9yY3MwMDAyX08wMA%3D%3D.jpeg,1
1670,Liquid Blue,L8-ocugwpf,300,https://s3.amazonaws.com/com.images.legiteem8/25537de6-1ea9-489c-bef1-0d8ec48b0775-2024062213186%40blurHash%3DSjVJO154flYwMFdCMDBWWA%3D%3D.jpeg,1
1671,Generic,L8-ctupw4j,250,https://s3.amazonaws.com/com.images.legiteem8/579885fd-5763-4604-a441-a5eaa60f5722-2024062331732%40blurHash%3DSkVIb0w5P2I5WiVNfnFSag%3D%3D.jpeg,1
1672,Giant,L8-gk00w6b,1000,https://s3.amazonaws.com/com.images.legiteem8/1b5e29cf-f524-4153-8d8f-259ff7d5a7ff-20240622183640.jpeg,1
1673,Bulls Rap tee 1996,L8-83wutbs,350,https://s3.amazonaws.com/com.images.legiteem8/1bd6c68c-5e10-4a17-b35e-b20c5aa7328f-20240622145727%40blurHash%3DSkhHazhwfHRGM1RJXiNFMw%3D%3D.jpeg,1
1674,Nike,L8-o31nq9g,800,https://s3.amazonaws.com/com.images.legiteem8/f3f17fce-182f-4275-8b3d-82c6e4e4e3f9-20240622222316%40blurHash%3DSjdLOWNHfUV1anQ3dWpuNQ%3D%3D.jpeg,1
1675,alice in chains,L8-po0spp9,150,https://s3.amazonaws.com/com.images.legiteem8/ad2022d1-739e-4937-82a5-0383cb6008e5-2024062310222%40blurHash%3DSm9IeHZlYXl%2BcXQ3P2JheQ%3D%3D.jpeg,1
1676,Giant by Tultex,L8-ni6lgm2,550,https://s3.amazonaws.com/com.images.legiteem8/fdb261b0-b756-4f8b-866a-f5d139e9cbc9-20240624153957%40blurHash%3DSkhJck5lfnFqV1ZAXzJ0Nw%3D%3D.jpeg,1
1677,Giant,L8-q7k352o,200,https://s3.amazonaws.com/com.images.legiteem8/3d288871-b7fe-4287-8d6a-3b497d6ef244-2024062421368%40blurHash%3DSkE4NE1WWDl%2BOVIrJHlSLg%3D%3D.jpeg,1
1678,Hanes Beefy T,L8-v2i37dt,50,https://s3.amazonaws.com/com.images.legiteem8/4bebe6f6-bce7-49f6-90c8-c028e739baca-2024061334618%40blurHash%3DSjJJfTZHMG0wMTAzMDJ4eg%3D%3D.jpeg,1
1679,1992 Greatful Dead Ultra Rare 90s Play Dead T-Shirt,L8-ji3rboq,180,https://s3.amazonaws.com/com.images.legiteem8/8ec6bb9b-78c0-4301-8537-beb80d4abd3d-202406245139%40blurHash%3DSk9Nc2N4ZHF%2BcE5HQXNPcg%3D%3D.jpeg,1
1680,Polygram,L8-9t3kghs,500,https://s3.amazonaws.com/com.images.legiteem8/4e7b0ab2-d5d6-4dd8-b15c-ab4a6b44c99a-20240625161619%40blurHash%3DSjI3QX1DanV%2BcFdCOXVSaw%3D%3D.jpeg,1
1681,AAA,L8-86sbt1r,400,https://s3.amazonaws.com/com.images.legiteem8/7c7d6bbc-a618-4d5f-a86f-4a34ad1bb27f-20240623192553%40blurHash%3DSmVLbjZteHV%2BVldCeFlqWw%3D%3D.jpeg,1
1682,Brockum,L8-fs2u1uv,350,https://s3.amazonaws.com/com.images.legiteem8/f74efccc-2cb5-420b-9d6a-8bda061532eb-20240626215224%40blurHash%3DSlZEdlFIJTFfTldYfnBqWw%3D%3D.jpeg,1
1683,Fruit of the Loom Best,L8-8l7tljv,1800,https://s3.amazonaws.com/com.images.legiteem8/3b1bea2f-5269-4d54-94c7-2ae8a73e674d-2024062615142%40blurHash%3DSjNEXm1BLkEwME1fSFhuTA%3D%3D.jpeg,1
1684,Fruit of the Loom,L8-0rhc2u1,450,https://s3.amazonaws.com/com.images.legiteem8/dcae90db-d34d-4235-b725-664de6d6a76f-2024062710210%40blurHash%3DSm1HSVpNb2Z%2BcG9MP2FXQg%3D%3D.jpeg,1
1685,All Sport Events,L8-h2tfvad,150,https://s3.amazonaws.com/com.images.legiteem8/8d4db8bb-e0c7-42a3-a76b-f7e3dc5c0cd7-20240627204658%40blurHash%3DSkZBZDdvUi1%2BcFJqeDhNew%3D%3D.jpeg,1
1686,Giant by Tee Jays,L8-ehsm79e,190,https://s3.amazonaws.com/com.images.legiteem8/a23feb1c-9a3e-49ee-83e7-1c2bc302e42e-2024062620647%40blurHash%3DSjA5N2VLJHkwMD9iMDElaA%3D%3D.jpeg,1
1687,Euro (Generic) ,L8-e9w4jnr,1200,https://s3.amazonaws.com/com.images.legiteem8/6079cf67-ebc6-4341-b120-e5d7e78bb872-20240627132034%40blurHash%3DSkVFQntlLUIzY0osfSV4RA%3D%3D.jpeg,1
1688,smashing pumpkins zero,L8-bs0cafl,70,https://s3.amazonaws.com/com.images.legiteem8/8b3569e8-6d59-4263-a8e9-0f16a5c5437b-2024062923630%40blurHash%3DSjBBVG9ATkYwMHRSMDBpYw%3D%3D.jpeg,1
1689,Jerzees,L8-m65bu92,500,https://s3.amazonaws.com/com.images.legiteem8/89907c1d-e12f-4695-8d62-284956122c3d-2024062984723%40blurHash%3DSkNBS1EreHV%2BV3Q3RCVXQg%3D%3D.jpeg,1
1690,Anvil,L8-rujv1mw,450,https://s3.amazonaws.com/com.images.legiteem8/b2ce81ac-2d60-4d92-9c3c-11c411038290-20240629192943%40blurHash%3DSjFKQE9DMDAwMDRTMDArUQ%3D%3D.jpeg,1
1691,Giant,L8-j219jda,450,https://s3.amazonaws.com/com.images.legiteem8/cf7919d0-a101-495d-9676-3d443323750c-2024070105456%40blurHash%3DSklGcjlUI1MlfTl1fnBFMg%3D%3D.jpeg,1
1692,Hanes Ultraweight,L8-em9tl6h,200,https://s3.amazonaws.com/com.images.legiteem8/0f9724ed-e785-46b8-8706-e230d9936ee0-2022110881157%40blurHash%3DVWhFeENKJCpOSFIrPXNXQlIqYXl9PXM6b3pvZiRmV1ZvTG9l.jpeg,1
1693,Fruit of the Loom,L8-soklbkc,60,https://s3.amazonaws.com/com.images.legiteem8/bc7a543e-8c75-4960-94bc-d8b98f899656-2024070163020%40blurHash%3DSkJFeTBrMDB%2BcTQtLjdSJQ%3D%3D.jpeg,1
1694,1996 bulls rap tee,L8-732i152,300,https://s3.amazonaws.com/com.images.legiteem8/c3e9bc7d-92bd-45a1-adc4-57c266384042-20240628233824%40blurHash%3DSkRGNWRIMEwwMX1ANFRTfg%3D%3D.jpeg,1
1695,All Sport,L8-mn0p3h9,250,https://s3.amazonaws.com/com.images.legiteem8/f61ae321-6ff3-4a28-8cea-df2131d6f383-2024063084253.jpeg,1
1696,vintage selena queen of tejana shirt,L8-fcowsdw,500,https://s3.amazonaws.com/com.images.legiteem8/7ecec6a0-dd69-42fe-9bc1-883757dae951-20240620235718%40blurHash%3DSkNISzVAfUJMTFdGNDpFMQ%3D%3D.jpeg,1
1697,Euro (Generic) ,L8-dneilbp,1200,https://s3.amazonaws.com/com.images.legiteem8/45ff14d2-8fdd-459c-acb4-b4bbfe803a31-20240628134047%40blurHash%3DSkVFQntlLUIzY0osfSV4RA%3D%3D.jpeg,1
1698,Nirvana Nevermind,L8-n8qgnm6,20,https://s3.amazonaws.com/com.images.legiteem8/cb0da3ec-fa41-4aeb-9dab-03a82efe49df-202407026229%40blurHash%3DSjNLSy4lfkMwMHJxMDA0VA%3D%3D.jpeg,1
1699,Screen Stars,L8-l6vokcw,350,https://s3.amazonaws.com/com.images.legiteem8/6fd8bca3-743d-4e4d-ad67-07b74e3f2056-2024070220280%40blurHash%3DSjJBQWd0MFhbajA1OnwwNA%3D%3D.jpeg,1
1700,Screen Stars,L8-1nvms8u,350,https://s3.amazonaws.com/com.images.legiteem8/10e76151-6c5c-4fb8-b228-6e733fc61abb-2024070383112%40blurHash%3DSkFKaiNXfnE1Ok19MDBSag%3D%3D.jpeg,1
1701,Hanes Ultraweight,L8-mfaeses,350,https://s3.amazonaws.com/com.images.legiteem8/52e9feb3-82cc-476e-a9ae-6245f886c530-20240705165232%40blurHash%3DSjI5UW1wflcleV5rMDAlMQ%3D%3D.jpeg,1
1702,Brand New (band) “Daisy” 2009 Album Promo T-shirt,L8-7pk8qlm,20,https://s3.amazonaws.com/com.images.legiteem8/b5d41b21-ceef-4c0d-8d6e-c4b303bad5e9-20240527211350%40blurHash%3DSkZGRXI9fkEwTjl1TXx0Ng%3D%3D.jpeg,1
1703,aaliyah we love you babygirl,L8-ar74u6o,350,https://s3.amazonaws.com/com.images.legiteem8/33cea3e3-9883-4d73-8bca-8e60a0768ec2-20240705221323%40blurHash%3DSkFFb1BlVHh0LH5BckUuNw%3D%3D.jpeg,1
1704,1992 Green Day Kerplunk women’s Tshirt,L8-6w0ne76,20,https://s3.amazonaws.com/com.images.legiteem8/7fc4ad20-effa-4529-a8c3-208d310538f3-20240706131615%40blurHash%3DSkc5dj8ycHV9XVolWzFvfA%3D%3D.jpeg,1
1705,Giant,L8-low3uec,100,https://s3.amazonaws.com/com.images.legiteem8/4e0ba8e5-30b1-4850-8d7e-ac5228a30b3e-202407061391%40blurHash%3DSm9Gflg5JTJ%2BVXQ2XipvZg%3D%3D.jpeg,1
1706,Harley Davidson,L8-j7f0nro,100,https://s3.amazonaws.com/com.images.legiteem8/0fb96a28-638e-4f2f-9d02-eeead27cdbf6-2024070413531%40blurHash%3DSkdIeHZYUmp%2BcHhhXzN4dQ%3D%3D.jpeg,1
1707,Tennessee River Gold,L8-at5o3gt,30,https://s3.amazonaws.com/com.images.legiteem8/550d1235-6d86-41c6-84e9-31f6f5f68060-2024070118354.jpeg,1
1708,Giant,L8-ehg2uwg,175,https://s3.amazonaws.com/com.images.legiteem8/cd50de47-fb30-4804-af0e-a6ab33fd6b31-20240707174641%40blurHash%3DSk5COmQzalt%2BVmpbLTphew%3D%3D.jpeg,1
1709,Cotton Club Clothing,L8-6ast7d0,100,https://s3.amazonaws.com/com.images.legiteem8/1862788b-1b06-4a06-a86e-b226c799188f-20240605184830%40blurHash%3DSk1GcjA2fkJBSVN%2BNTZFMQ%3D%3D.jpeg,1
1710,Fruit of the Loom,L8-b6gf1mc,350,https://s3.amazonaws.com/com.images.legiteem8/d797bb1a-5e68-4069-a13d-d16c5f3eb42a-2024070723336%40blurHash%3DSjJLXmpMMDAwMC5uP19%2BcQ%3D%3D.jpeg,1
1711,Brockum,L8-skb06v2,200,https://s3.amazonaws.com/com.images.legiteem8/c47863f6-f11a-45e0-84ac-898b90ad8602-20240708185110.jpeg,1
1712,Bay Club,L8-wjjbo0p,1300,https://s3.amazonaws.com/com.images.legiteem8/9549d814-97bc-4286-ad4f-45f645811ec4-20240707211013%40blurHash%3DSjU5dERhUmt%2BVlJrMDBSaw%3D%3D.jpeg,1
1713,Pyramid,L8-ouj46j5,650,https://s3.amazonaws.com/com.images.legiteem8/cee78199-794e-450b-9fc5-afa1339807df-2024070924844%40blurHash%3DSlFFQm1TeEV9P3hZXk5vZQ%3D%3D.jpeg,1
1714,Birdhouse,L8-m9lbco5,100,https://s3.amazonaws.com/com.images.legiteem8/5d243aa7-0f83-4200-986f-69dac21a9585-20240630113849%40blurHash%3DSlVHa11daXd%2BQnJYXmpuTw%3D%3D.jpeg,1
1715,Giant by Tee Jays,L8-fws1dtt,150,https://s3.amazonaws.com/com.images.legiteem8/c40f65c9-7524-48d0-910b-50e14e111140-2024070962619%40blurHash%3DSlZDUFk2a0N%2BVWpbXmpqWw%3D%3D.jpeg,1
1716,Russell Athletic,L8-gwc6a03,100,https://s3.amazonaws.com/com.images.legiteem8/c1ca733f-4a07-43e6-900a-7fb179190633-2024070901025%40blurHash%3DSk9LQUVCc3FfNFJrSTlzOg%3D%3D.jpeg,1
1717,Mosquitohead,L8-u4c6qua,400,https://s3.amazonaws.com/com.images.legiteem8/aca58def-fdc6-4051-9f08-415d5477d2ae-20240707195341%40blurHash%3DSlZHdXRBb2J%2BcCVNcy50Ng%3D%3D.jpeg,1
1718,Hieroglyphics,L8-riokddh,150,https://s3.amazonaws.com/com.images.legiteem8/8f046df6-919b-4eb6-ae51-3d059de0f530-20240520225055%40blurHash%3DSmZHUlNNfkIwaDlidFFYUg%3D%3D.jpeg,1
1719,Short Hills,L8-i14pp1v,850,https://s3.amazonaws.com/com.images.legiteem8/99cd11fb-0ef2-4a13-938b-a712b8101cd0-2024071105335%40blurHash%3DSkdGPWROTkd%2BVnhaNHBSaw%3D%3D.jpeg,1
1720,Anvil,L8-bjibdmm,90,https://s3.amazonaws.com/com.images.legiteem8/7ee865e1-b733-4cd3-8803-64c2326e3e4b-20240711181951%40blurHash%3DSkpILjFhTXt%2Bb3Q2b3t0Nw%3D%3D.jpeg,1
1721,Polo Ralph Lauren,L8-e3m3c1e,30,https://s3.amazonaws.com/com.images.legiteem8/6e3eedfc-9832-4b34-9b8c-6fd95d68d6d9-20240708224755%40blurHash%3DSllLS2MrXmp%2BVWJ2fkFhZQ%3D%3D.jpeg,1
1722,Janis Joplin Mosquitohead ,L8-4nmkdsj,750,https://s3.amazonaws.com/com.images.legiteem8/c2422428-9ffc-4e93-ab19-585ee2cd8f61-20240713205639%40blurHash%3DSkZKdCNaeGNfS1hNVlckKg%3D%3D.jpeg,1
1723,Giant by Tultex,L8-9htrrng,1300,https://s3.amazonaws.com/com.images.legiteem8/6ac4ff80-8ffc-4fd8-b4e1-bcec246e1f67-202407120112%40blurHash%3DSmJFOkQ1byN%2BcXQ3LXB0Nw%3D%3D.jpeg,1
1724,Winterland,L8-u4esq7k,250,https://s3.amazonaws.com/com.images.legiteem8/2dff963c-3411-4deb-8c97-4da65d21781b-20240715215829.jpeg,1
1725,Nice Man,L8-g4wk2tu,250,https://s3.amazonaws.com/com.images.legiteem8/02292cf7-982f-449c-90e3-25b1ee9dfd40-20240714141845%40blurHash%3DSkRLSyRqJUt%2BVXQ4ci5veg%3D%3D.jpeg,1
1726,All Sport Heavyweight,L8-gl73a2d,750,https://s3.amazonaws.com/com.images.legiteem8/fe7bc907-3c90-495f-8f3f-55f158ea8074-20240715223119%40blurHash%3DSk5ESWR1fXE1N0UrTktSUA%3D%3D.jpeg,1
1727,Nike,L8-242dk0l,60,https://s3.amazonaws.com/com.images.legiteem8/da643a7a-83ce-47e2-b716-2eccddd69768-2024071118132%40blurHash%3DSktKUXYwRGp%2Bby06dFJOYQ%3D%3D.jpeg,1
1728,Kanye West Dropout Bear Sketch,L8-t398p6m,300,https://s3.amazonaws.com/com.images.legiteem8/01bd4cb7-6220-4b28-a289-f525711c989f-2024071643420%40blurHash%3DSjVLMW07TWIwMD93MDBXbQ%3D%3D.jpeg,1
1729,Giant,L8-vjvdbtw,600,https://s3.amazonaws.com/com.images.legiteem8/d453c29a-5a93-4fcc-9637-daa191d356be-202407176272%40blurHash%3DSkhLQjVURE9fTXRsMDBXOw%3D%3D.jpeg,1
1730,Airak,L8-81d1ed4,1000,https://s3.amazonaws.com/com.images.legiteem8/c6eff6da-1df6-4ee6-9d7e-098897125370-20240717143556%40blurHash%3DSjNIXUxRN3lMSE9EMDB7TA%3D%3D.jpeg,1
1731,Caribbean Soul,L8-ucfjbv7,30,https://s3.amazonaws.com/com.images.legiteem8/7a57a3c5-cedf-4dec-8243-0710073fa6d8-2024070517910%40blurHash%3DSjdIeHBHP0d%2BcXQ3XiR4dQ%3D%3D.jpeg,1
1732,Giant by Anvil,L8-c9o0njw,650,https://s3.amazonaws.com/com.images.legiteem8/b123b998-214d-4ed0-a519-6b4bf3468f2d-20240718112232%40blurHash%3DSjAzW3VKLTpzO2Fma3FiRg%3D%3D.jpeg,1
1733,Nice Man,L8-7cobg9g,550,https://s3.amazonaws.com/com.images.legiteem8/a8ae263d-e490-4f12-be6f-0d01484ddc76-20240718222848%40blurHash%3DSmlHKk5TPXl%2BQnhheHNORw%3D%3D.jpeg,1
1734,Nirvana In Utero Boot,L8-c3of84k,400,https://s3.amazonaws.com/com.images.legiteem8/27ef618c-34df-4a5b-9ba5-b3c4dc0a331d-2024071813322%40blurHash%3DSmdJcVA6LVV%2BcE5kXml4Wg%3D%3D.jpeg,1
1735,Giant,L8-6tit9ug,350,https://s3.amazonaws.com/com.images.legiteem8/a6696e46-9eec-4b2f-8342-50b0f2fc7686-202407176226%40blurHash%3DSlZFMmQtfkEuN3hbcEh0Ug%3D%3D.jpeg,1
1736,TLC this is how it works,L8-4019ki5,650,https://s3.amazonaws.com/com.images.legiteem8/7db2e32b-a2f3-4a47-99be-9e1992dc01bb-2024071995950%40blurHash%3DSkJBVFdVfkMlZ1M0MDA0Og%3D%3D.jpeg,1
1737,St. Evans,L8-2wu1vsi,450,https://s3.amazonaws.com/com.images.legiteem8/9e99a144-aea0-482b-a10f-ab3052c24e80-20240528233950%40blurHash%3DSnVJWHMjanR%2BcGF7P0dvZQ%3D%3D.jpeg,1
1738,Vintage Nirvana In Utero Shirt,L8-iqnnfdj,1000,https://s3.amazonaws.com/com.images.legiteem8/c3159a20-b353-4294-a40d-2c28db90a404-2024071915305%40blurHash%3DSklJaHNySVV%2BcXh1SVRSag%3D%3D.jpeg,1
1739,nirvana nevermind tee,L8-m5dro1a,700,https://s3.amazonaws.com/com.images.legiteem8/c1de41ec-829c-4d59-bc4a-61bc0e66bb3b-2024071922287%40blurHash%3DSjVIMmZ5fSpMIzQ6MDB4Yw%3D%3D.jpeg,1
1740,Hanes Heavyweight,L8-bma9ofp,2200,https://s3.amazonaws.com/com.images.legiteem8/934c4449-32c0-48ab-996e-bd4c105e430b-20240721133952%40blurHash%3DSkJCfDR7P2J%2BVz9IRCNXLA%3D%3D.jpeg,1
1741,2Pac/Aaliyah/LeftEye/Biggie Memorial,L8-1sqs7mb,350,https://s3.amazonaws.com/com.images.legiteem8/dafd2571-b8db-4c16-8ad1-ca7d25c6343d-202407191048%40blurHash%3DSkpCVioyfT9BSEVpcy5heQ%3D%3D.jpeg,1
1742,Selina Rap Tee,L8-hlt9ult,350,https://s3.amazonaws.com/com.images.legiteem8/c3651ab1-d797-439a-9ff5-b673a0a640f5-20240715183131%40blurHash%3DSmJGfT1xSXRuVi1tfjlNfQ%3D%3D.jpeg,1
1743,Empire,L8-ut2qm0k,100,https://s3.amazonaws.com/com.images.legiteem8/a17da3f8-91c6-47a3-bcdf-897c052521dc-2024071655338%40blurHash%3DSkVFV1hHdGtfTHhhMDBJQg%3D%3D.jpeg,1
1744,Giant by Tee Jays,L8-94agrpg,850,https://s3.amazonaws.com/com.images.legiteem8/d486500f-54fc-4640-9ead-3692f60615ec-20240721185513%40blurHash%3DSk5IVSV2JUxeK2F5fldzOg%3D%3D.jpeg,1
1745,Rage Against The Machine ,L8-4socogu,45,https://s3.amazonaws.com/com.images.legiteem8/65b2e4f4-8dc4-4e06-8b12-b351698252e0-20240719235750%40blurHash%3DSk9BVGZ2Umt%2BcVdCXzNXQg%3D%3D.jpeg,1
1746,2Pac Biggie Stop The Violence,L8-tvcc1vj,500,https://s3.amazonaws.com/com.images.legiteem8/1a6ac8ef-56df-4acb-b0df-8ab24e325dce-20240722214417.jpeg,1
1747,Bay Club,L8-tlv3h4u,500,https://s3.amazonaws.com/com.images.legiteem8/f9b0ff97-477c-4230-b23e-ea992579f6cd-2024072211205%40blurHash%3DSkRDJG8ufkEwI0VOMDBJVg%3D%3D.jpeg,1
1748,WWF,L8-pfhjdu0,200,https://s3.amazonaws.com/com.images.legiteem8/a4944aff-2983-4d6b-9947-f979d0ea23ba-2024072223419%40blurHash%3DSkhHUmgkMH4ubT17flZSaw%3D%3D.jpeg,1
1749,All Sport Events,L8-q9shp3f,100,https://s3.amazonaws.com/com.images.legiteem8/fe767ce8-2af0-4df2-b9f7-3849060073c3-20240728142247%40blurHash%3DSlJFZkFdalt%2BcGpbLjdhfA%3D%3D.jpeg,1
1750,2Pac above the rim promo,L8-7uv7dfj,650,https://s3.amazonaws.com/com.images.legiteem8/2e0de78f-ad9f-489b-a63b-5d7e138cffb6-20240719231749%40blurHash%3DSlNGPUJqfXNBRjldOVpTZw%3D%3D.jpeg,1
1751,Fruit of the Loom Best,L8-dt1no10,500,https://s3.amazonaws.com/com.images.legiteem8/1bcdff47-732a-439b-a83f-0a6e4acce707-20240725194030%40blurHash%3DSkVIVjkqOF4wMD93MDBSJQ%3D%3D.jpeg,1
1752,Vintage Tupac,L8-5a304i1,400,https://s3.amazonaws.com/com.images.legiteem8/8b9a5ec2-abe2-4998-89a9-04e14caf438b-2024072913956%40blurHash%3DSlNDWlYzamJ9bWpGfT1vMQ%3D%3D.jpeg,1
1753,Vintage Tupac Raptee Bootleg,L8-vqunivp,400,https://s3.amazonaws.com/com.images.legiteem8/350f190d-9b40-4b8b-8f86-5981d65c859f-20240729132016%40blurHash%3DSlNFX3B0JTByRFg5fT1zLA%3D%3D.jpeg,1
1754,Cut Off,L8-j2nr4o3,300,https://s3.amazonaws.com/com.images.legiteem8/5c6ee1a7-1b69-41e2-abf4-7f3fcc6688e3-2024072923519%40blurHash%3DSi5JRUxlaV5%2BVWpFb2ZheQ%3D%3D.jpeg,1
1755,Spring Ford,L8-ji9l18s,1000,https://s3.amazonaws.com/com.images.legiteem8/c7608fb1-713b-484a-bb22-642d45e9a86e-20240730195940%40blurHash%3DSkhLbkZ%2BSUJfTT9iRCQ5Rg%3D%3D.jpeg,1
1756,Spring Ford,L8-gaek5w1,1000,https://s3.amazonaws.com/com.images.legiteem8/da10dd77-1f3b-4efa-9051-cea873d89ceb-20240730153118.jpeg,1
1757,Brockum,L8-t3md730,300,https://s3.amazonaws.com/com.images.legiteem8/cd604ee1-8b43-44f9-8ee8-3b278a5ec444-20240731182437%40blurHash%3DSkJHdXRFNG0wMH5xMDBEKg%3D%3D.jpeg,1
1758,Mermaid Dreams by Warren and Wyland,L8-d3r3kp2,120,https://s3.amazonaws.com/com.images.legiteem8/7a1b58b5-96ce-4c38-a2be-de1a31478861-2024062201545%40blurHash%3DSkhMfUVFeHV%2BcGpdb2Vheg%3D%3D.jpeg,1
1759,Fruit of the Loom,L8-vvfv7lu,1500,https://s3.amazonaws.com/com.images.legiteem8/512e897b-2647-46f7-ae27-9ab39806e62d-20240801235359%40blurHash%3DSkRKNz9kMDAteS43X0stOg%3D%3D.jpeg,1
1760,Wild Oats,L8-hccqlrn,200,https://s3.amazonaws.com/com.images.legiteem8/c1ea8e04-6eeb-4d3e-b308-f018657107ad-20240803103149%40blurHash%3DSjBJT1JuKncwMDAwMDB9Ww%3D%3D.jpeg,1
1761,Queen sheer heart attack,L8-wsetr6p,100,https://s3.amazonaws.com/com.images.legiteem8/031090a1-8042-41e7-b432-5158007bf3cd-2024080514109%40blurHash%3DSjNBMCxmP1p%2BcDlaJTFFMQ%3D%3D.jpeg,1
1762,Tennessee River Gold,L8-nt0oua4,500,https://s3.amazonaws.com/com.images.legiteem8/3cba60f1-100c-4d18-9e89-d40b5f085a18-2024072818144%40blurHash%3DSjc5YUtreHQwME17fnB4YQ%3D%3D.jpeg,1
1763,GEM,L8-0npoasj,1100,https://s3.amazonaws.com/com.images.legiteem8/7228a39d-f3cb-411d-9d46-8dfcba1bea5c-202408045202%40blurHash%3DSlRFeGU5LVR%2BOXhaPV5zLg%3D%3D.jpeg,1
1764,Hef-T by Tee Jays,L8-889hnnf,500,https://s3.amazonaws.com/com.images.legiteem8/f8f8ffb7-68dd-41ac-8ea1-6b452bfbfcd3-2024080654445.jpeg,1
1765,Hanes,L8-9e9opn6,300,https://s3.amazonaws.com/com.images.legiteem8/9acc399d-7aee-4a12-8eb3-bfcd60a7e5ef-20240807102642%40blurHash%3DSjA4WElHTUotQVZAMDB%2BcA%3D%3D.jpeg,1
1766,Brockum Collection (The),L8-6k0hakr,75,https://s3.amazonaws.com/com.images.legiteem8/52d4e467-a7fe-4ec7-b3c7-3dffd491f2bb-20240801225819%40blurHash%3DSk1COmQ1dDd%2BVWpbd3RXQg%3D%3D.jpeg,1
1767,Brockum,L8-t7o84bl,400,https://s3.amazonaws.com/com.images.legiteem8/31a175f4-cebd-407b-bbe9-54195f01c5cc-202408073941%40blurHash%3DSjhJZ29XX1cwMFAsMHJLWg%3D%3D.jpeg,1
1768,Giant,L8-b3vctf0,2000,https://s3.amazonaws.com/com.images.legiteem8/3bdd7f9e-9242-449e-b58b-c8fd757b2c9e-2024080793933.jpeg,1
1769,Brockum,L8-qw6ah3p,450,https://s3.amazonaws.com/com.images.legiteem8/32d58358-4e96-44c0-afc1-eb5b7fe2dbcf-2024080625952%40blurHash%3DSks4P2ppUmp9P1JqfldTTg%3D%3D.jpeg,1
1770,Giant,L8-qh9sa90,500,https://s3.amazonaws.com/com.images.legiteem8/be45f6f1-d1ef-48d6-a8d0-54fc1c686acd-20240808162359%40blurHash%3DSjdEdmNqME1%2BVi06MDB4dA%3D%3D.jpeg,1
1771,The Smiths Louder Than Bombs,L8-gkjnf79,200,https://s3.amazonaws.com/com.images.legiteem8/39ec3af0-7e9f-4456-8c19-77e0d59684c6-20240809133346%40blurHash%3DSjRKYXIsP2MwMH5TMDAwMg%3D%3D.jpeg,1
1772,Giant,L8-7richn5,320,https://s3.amazonaws.com/com.images.legiteem8/e102d876-088e-4b77-89e2-3772ebeaef19-20240809155830%40blurHash%3DSlpJcU0kNTdfTSR6flVmKg%3D%3D.jpeg,1
1773,Giant by Tultex,L8-kukh8a5,220,https://s3.amazonaws.com/com.images.legiteem8/3a503e96-a61c-4f92-bab5-b6d62aa9e781-202408114455%40blurHash%3DSmNFe2hFdDd%2BcXQ3XzJ0Ng%3D%3D.jpeg,1
1774,2Pac Rap Tee,L8-oujrc1d,300,https://s3.amazonaws.com/com.images.legiteem8/eb6bcd21-0919-4337-8140-057002c483c3-20240717201618%40blurHash%3DSjVEWyV4eGF%2BVlNpMDJJOw%3D%3D.jpeg,1
1775,Tupac Rap Shirt Memorial ,L8-etaf2jj,300,https://s3.amazonaws.com/com.images.legiteem8/4194e5fc-6364-4f3e-b91b-0b37585a56a7-20240717181724%40blurHash%3DSjVEW3pwakh%2BVlNpMDJJPQ%3D%3D.jpeg,1
1776,All Sport Events,L8-9ff5pk1,900,https://s3.amazonaws.com/com.images.legiteem8/6bf8ab6f-8156-4fe3-9424-616407340fa2-20240811140%40blurHash%3DSlBDWjZDeF5%2BQyVNdn1Sag%3D%3D.jpeg,1
1777,Liquid Blue,L8-74v6kga,120,https://s3.amazonaws.com/com.images.legiteem8/7433ceb4-ec69-4f8e-aaca-1411d5714042-2024080913111%40blurHash%3DSk1EdS1fOV95cXhCfm9WWw%3D%3D.jpeg,1
1778,Liquid Blue,L8-ruvf24l,45,https://s3.amazonaws.com/com.images.legiteem8/5e23deb0-25d4-4d61-9f2e-c8a5d7251aa3-20240808233639%40blurHash%3DSk1KQF16eHV%2BVmczTXlOSA%3D%3D.jpeg,1
1779,EPMD rap,L8-ia9kon3,500,https://s3.amazonaws.com/com.images.legiteem8/526b7b53-ec38-471f-8bc6-cbe430c4866a-202408108433%40blurHash%3DSl5JRV5Ub2Z%2BcW9lJUxqWw%3D%3D.jpeg,1
1780,All Sport Proweight,L8-v896k6i,300,https://s3.amazonaws.com/com.images.legiteem8/69e0529c-ddfe-4a24-a9d5-bb2e825edd5e-2024080918241%40blurHash%3DSjlLQkhAMDAwMD9eMDBEaQ%3D%3D.jpeg,1
1781,Center Cut,L8-d92ankg,800,https://s3.amazonaws.com/com.images.legiteem8/926dfb7d-f287-4af4-91b8-0fb1d3381db4-20240812163853%40blurHash%3DSllKdDt0UzF%2BcHM6V1ZzOg%3D%3D.jpeg,1
1782,Euro (Generic) ,L8-su2jvcl,400,https://s3.amazonaws.com/com.images.legiteem8/bbaca7e0-ad24-4a1b-89e0-e49a38271a16-20240812205331%40blurHash%3DSjJEK1BNMDAwMH5BSFhGeg%3D%3D.jpeg,1
1783,Stedman Super Hi-Cru,L8-mm6evkt,400,https://s3.amazonaws.com/com.images.legiteem8/d8a52d18-2dc3-4f4e-b166-fa41a9abf237-20240813172141%40blurHash%3DSkZBbVNQOUd%2BVjlhalhEKg%3D%3D.jpeg,1
1784,Gildan Heavy Weight,L8-fksdl79,750,https://s3.amazonaws.com/com.images.legiteem8/0656f6a9-9666-4196-9cf8-781c9c8c365b-2024081323150%40blurHash%3DSjBLQX5EMDAwRTBlMDAwMA%3D%3D.jpeg,1
1785,ricky martin livin la vida loca,L8-is26f56,200,https://s3.amazonaws.com/com.images.legiteem8/c51fc93d-ed01-4d8e-8be0-6d6f478010c2-2024081323721%40blurHash%3DSkpDUFJdfkE1Ujl2OF9pXw%3D%3D.jpeg,1
1786,Tultex,L8-dsk0ieo,180,https://s3.amazonaws.com/com.images.legiteem8/d820d1fa-23ff-456c-a868-1940594cfce4-20240731133554%40blurHash%3DSkdBZDFMLTtSOkQqfnAtOg%3D%3D.jpeg,1
1787,Bay Club,L8-6b8id2o,600,https://s3.amazonaws.com/com.images.legiteem8/05f1d1ea-ed02-4e61-9182-c9a7d55b0972-202408111844%40blurHash%3DSkdCZmU0fUBiXk53MExFMg%3D%3D.jpeg,1
1788,Hanes Beefy T,L8-ue3oous,350,https://s3.amazonaws.com/com.images.legiteem8/d5649c1e-3335-4ccf-acc4-54d37254b792-20240810203453%40blurHash%3DSjI4RTN3XixfM1JQMDBEJQ%3D%3D.jpeg,1
1789,Fruit of the Loom,L8-l8kp3v6,300,https://s3.amazonaws.com/com.images.legiteem8/0664a21d-7650-433a-ad4e-ecaaff460899-20240813205459%40blurHash%3DSlFHKnZXXipLaTl1flUlMg%3D%3D.jpeg,1
1790,Janet Jackson Any Time Any Place Rap tee,L8-kpfcb9q,350,https://s3.amazonaws.com/com.images.legiteem8/549b5fd7-2ed9-43b7-91e6-571723bd45b4-20240813171727%40blurHash%3DSkREUyVXczp%2BVldCMDFSKg%3D%3D.jpeg,1
1791,Giant by Tee Jays,L8-mm6rh43,500,https://s3.amazonaws.com/com.images.legiteem8/f66d942a-e2b3-4acb-b94f-ba864aaa9f72-20240814174026%40blurHash%3DSnZJaE5rbiN%2BVG9nJU1XQg%3D%3D.jpeg,1
1792,5050,L8-mt65icb,300,https://s3.amazonaws.com/com.images.legiteem8/afbd03db-a580-4046-bfa4-814e4b39e42a-2024081505825%40blurHash%3DSktFb2kzJTEwMXh0flUtbw%3D%3D.jpeg,1
1793,Fruit of the Loom,L8-bcg7mpm,60,https://s3.amazonaws.com/com.images.legiteem8/fcf55607-d9fa-4a69-bb40-b35e43f2dee6-2024081415352.jpeg,1
1794,Screen Stars,L8-t7v7kgc,275,https://s3.amazonaws.com/com.images.legiteem8/5d5fc3e5-b6f7-4706-9990-8fc126d22fa1-2024081413549%40blurHash%3DSkdFTTJreHV%2BWGtDNG5ORw%3D%3D.jpeg,1
1795,America's Favorites,L8-wl2sswe,750,https://s3.amazonaws.com/com.images.legiteem8/d67346eb-25eb-4737-bd0e-d9eb021fa76c-20230715212627%40blurHash%3DSk9GRmRBSUF5c0lBTnp4WQ%3D%3D.jpeg,1
1796,America's Favorites,L8-124doi1,150,https://s3.amazonaws.com/com.images.legiteem8/78968817-e29c-4807-a80b-4bf6428085d8-2023072617812%40blurHash%3DSk1GcipHSVV%2BVWtYRWxJVg%3D%3D.jpeg,1
1797,1996 Chicago Bulls Rap T Shirt ,L8-kv1t1r8,650,https://s3.amazonaws.com/com.images.legiteem8/471f76b6-dc7e-4320-9ed9-99bf634b112b-20240805221351%40blurHash%3DSkxGfkJUeFojV1dCfkFqWg%3D%3D.jpeg,1
1798,Giant,L8-jgwqr5c,125,https://s3.amazonaws.com/com.images.legiteem8/d1edf7a0-a6e0-4fc9-86b9-b7efc47a62f4-202408165328%40blurHash%3DSmhNN1AscnB4XnRSfnFXWA%3D%3D.jpeg,1
1799,Anvil,L8-qi3l482,700,https://s3.amazonaws.com/com.images.legiteem8/7f5d1809-adcd-4ef9-8d89-baa194fa90d3-2024081644015%40blurHash%3DSjlBXT8xdDd%2Bby1vJTElTA%3D%3D.jpeg,1
1800,ozzy no more tears,L8-4t1nh0h,200,https://s3.amazonaws.com/com.images.legiteem8/4b674f19-23e5-4e8f-8f1f-24e454c4a8d1-2024081522440%40blurHash%3DSkNKazRPRDZfTXRtNFR4VQ%3D%3D.jpeg,1
1801,Delta Pro Weight,L8-2rt8lv4,100,https://s3.amazonaws.com/com.images.legiteem8/7fc75be5-1d7b-46bd-96a1-4d9801888570-20240811183221%40blurHash%3DSlZGRkticnF%2BU1IlfT93XQ%3D%3D.jpeg,1
1802,Aaliyah Memorial Rap T-Shirt,L8-g7wm4fb,400,https://s3.amazonaws.com/com.images.legiteem8/119fe7e3-da12-4360-bfe5-5f0f17bf7305-20240815182855%40blurHash%3DSldEVTMqfkNvTnM6WGtXQw%3D%3D.jpeg,1
1803,master p i miss my homies,L8-5sjv6oc,600,https://s3.amazonaws.com/com.images.legiteem8/e255023d-191b-45b5-a40a-04f30b8b34d0-20240813231212%40blurHash%3DSk1EUzVnfUA1bTVSVnN4Rw%3D%3D.jpeg,1
1804,Screen Stars,L8-7stv8ua,300,https://s3.amazonaws.com/com.images.legiteem8/faddde8a-602f-45e7-9f49-39f49f6e24d0-20240816225943%40blurHash%3DSmhGaUdXdDd%2BcW9mP0hqWw%3D%3D.jpeg,1
1805,Screen Stars,L8-w9ebbq4,550,https://s3.amazonaws.com/com.images.legiteem8/4aadb5b0-d90e-4e0b-a0ec-368e18051352-202408179055%40blurHash%3DSkI2a1lWdDdfNHQ3dDZqWw%3D%3D.jpeg,1
1806,Oneita Power-T,L8-089ckwn,80,https://s3.amazonaws.com/com.images.legiteem8/2a549f99-d7de-4632-a316-cebc54a1f374-2024081585518%40blurHash%3DSjg5YTI1TXt%2BcU17RCVXQg%3D%3D.jpeg,1
1807,Polygram Merchandising,L8-2iqqm62,250,https://s3.amazonaws.com/com.images.legiteem8/e35ce6d5-b92f-4c27-8b32-1ffb40fe839f-20240818203548%40blurHash%3DSldCcHFhdDd%2BcW9mXzNvZg%3D%3D.jpeg,1
1808,Winterland,L8-2rgedud,800,https://s3.amazonaws.com/com.images.legiteem8/0c62a3f3-18bd-48ac-823d-d8351b29d70a-20240818131919%40blurHash%3DSkZDc1RATkh%2BVWZsSTlXQw%3D%3D.jpeg,1
1809,Delta,L8-gese5hl,35,https://s3.amazonaws.com/com.images.legiteem8/fa5923ae-54b9-41ab-a7f0-f25a0323ae54-2024081522856%40blurHash%3DSkhEZFJrJWYubSUxMDFJOw%3D%3D.jpeg,0
1810,no limit soldiers of fortune,L8-pfkefmf,600,https://s3.amazonaws.com/com.images.legiteem8/bd456c23-b101-496a-b38e-d06aee03f8d1-20240819222453%40blurHash%3DSk9GcjAzfkIwfjl1TWRzOQ%3D%3D.jpeg,1
1811,Selena Rap Tee “the queen of tejana”,L8-s2ltkd6,400,https://s3.amazonaws.com/com.images.legiteem8/ebc4ac58-df6c-4334-8b1b-5c5609aebd11-2024080813556%40blurHash%3DSlBHYWQtfXNYUzVSSVRKUg%3D%3D.jpeg,1
1812,Top Heavy,L8-49c5k8w,800,https://s3.amazonaws.com/com.images.legiteem8/f82bee9d-61fb-45f8-9383-f408fbdaad0e-2024081524132%40blurHash%3DSmVEY0AzVlt%2BMlI6P0RhZQ%3D%3D.jpeg,1
1813,In Utero 1994 European Tour Shirt,L8-b9bpkct,1500,https://s3.amazonaws.com/com.images.legiteem8/5c10dca5-ea08-45b3-926a-9277c6c77085-202408200433%40blurHash%3DSkJLVUR6PWEwMH5DMDBNeQ%3D%3D.jpeg,1
1814,Giant,L8-57brs6f,700,https://s3.amazonaws.com/com.images.legiteem8/0add4e2b-815a-4ab0-9647-88941af2e8be-2024082018951%40blurHash%3DSjNKYX1efnAwMD9IMDBEJQ%3D%3D.jpeg,1
1815,Gildan,L8-7njh7pq,100,https://s3.amazonaws.com/com.images.legiteem8/11dfd2ee-122a-40fd-b2a7-3ac3e737d6f3-20240820134437%40blurHash%3DSjhBSj0lfnA0b0lvMDA5Rw%3D%3D.jpeg,1
1816,Sof Tee by Tee Jays,L8-j08hu0u,500,https://s3.amazonaws.com/com.images.legiteem8/d93779ac-74ad-4ed4-a5bc-14b99dd6ece3-20240821211919.jpeg,1
1817,Delta,L8-rnv948t,800,https://s3.amazonaws.com/com.images.legiteem8/3814c5c5-7887-4a16-be55-72e011fae72e-20240812141554%40blurHash%3DSkdLMU81TkZ%2BcC06UlBvZg%3D%3D.jpeg,1
1818,Magic Johnson,L8-uc01o0s,200,https://s3.amazonaws.com/com.images.legiteem8/6fe7c0bc-a3b9-4404-9d78-3545501f8eeb-20230720232551%40blurHash%3DSjM5QEwtb2d%2BVyVMMDBhIw%3D%3D.jpeg,1
1819,Unique Classics/Miro,L8-km5oukc,1200,https://s3.amazonaws.com/com.images.legiteem8/2572c40e-0919-46c2-8115-97e400fcf109-202408229235%40blurHash%3DSjY5QEZzflctOjlGMDAwMA%3D%3D.jpeg,1
1820,Giant by Tultex,L8-jk5lsto,600,https://s3.amazonaws.com/com.images.legiteem8/85ffaf22-cf7e-4325-9ba6-cb157920515e-20240821183330%40blurHash%3DSkdKSD9pP3d4XXM7P0dXVQ%3D%3D.jpeg,1
1821,Stedman Super Hi-Cru,L8-roqjtml,50,https://s3.amazonaws.com/com.images.legiteem8/4652b02f-3ae8-437f-96dc-3eaff7a7f4e6-2024082112517%40blurHash%3DSjdJT2VBfnE1aVJqMGNmTw%3D%3D.jpeg,1
1822,Cut Off,L8-lufr3mi,650,https://s3.amazonaws.com/com.images.legiteem8/4c0baa9d-f02c-43ed-9ba2-2a157910af23-20240826203825%40blurHash%3DSmVHa1VxdDdLJFZAfkJiYg%3D%3D.jpeg,1
1823,Screen Stars,L8-cspi1m5,500,https://s3.amazonaws.com/com.images.legiteem8/1f0d8065-5d20-4158-a70b-6d9134ec65fe-20240826203728.jpeg,1
1824,Ice Cube Rap Tee,L8-3qo9jw7,1200,https://s3.amazonaws.com/com.images.legiteem8/c627ca81-b63d-45f0-966e-d4100077e1e2-2024082623143%40blurHash%3DSmZHKzJObiR%2BcGJjfldqRg%3D%3D.jpeg,1
1825,1987 Guns N Roses Shirt,L8-aklqmlc,200,https://s3.amazonaws.com/com.images.legiteem8/7ebc4386-2d2d-4e6e-a5d9-470e7996d685-20240827194753%40blurHash%3DSk9FTHBQfUAtbE5hRTFFMg%3D%3D.jpeg,1
1826,Cut Off,L8-cgdll9e,350,https://s3.amazonaws.com/com.images.legiteem8/118b35fc-f560-4e36-8828-3905a8ba2cd3-20240826203041%40blurHash%3DSkpFTU9PdDdeJW9mflZvZg%3D%3D.jpeg,1
1827,Giant by Tultex,L8-7m0ih62,200,https://s3.amazonaws.com/com.images.legiteem8/0500f3d6-648c-456f-855b-50b82975d3d6-2024082824633%40blurHash%3DSkNFQ0NDdFJ7ek50OlFTIw%3D%3D.jpeg,1
1828,All Sport Heavyweight,L8-p0j0vcq,200,https://s3.amazonaws.com/com.images.legiteem8/a8cea066-e8eb-48d8-ace0-1757dbfb5c3b-202408290431%40blurHash%3DSnBGWURVeHV%2BOXMsPV1vZQ%3D%3D.jpeg,1
1829,WWF,L8-t0tusf7,250,https://s3.amazonaws.com/com.images.legiteem8/e08daf25-7d32-40bb-a0f1-780f4bf99c2d-20240829154653%40blurHash%3DSklId2xnfkIwIzl1OmktVA%3D%3D.jpeg,1
1830,Jack the Ripper Pub T-shirt - Greenwich St. NY,L8-fnnunaj,65,https://s3.amazonaws.com/com.images.legiteem8/252de11d-33b5-4311-98bb-c8da8b4b3c92-2024082721642%40blurHash%3DSjI5UVg1flZfMyVMMDBzLg%3D%3D.jpeg,1
1831,Giant by Anvil,L8-sp4nleq,400,https://s3.amazonaws.com/com.images.legiteem8/4df1c4e4-4bdb-4aab-aee2-f0c8f4288f42-2024083115650%40blurHash%3DSjhJcjgzfnF4dSUyXzNSag%3D%3D.jpeg,1
1832,Euro (Generic) ,L8-p0hmknk,1000,https://s3.amazonaws.com/com.images.legiteem8/2ea1d527-63a5-4d5a-b3bf-fd2ffb4f66bf-2024082715101%40blurHash%3DSktDRzQ2b0wtLldBfkF4YQ%3D%3D.jpeg,1
1833,M&O Knits,L8-e92od53,150,https://s3.amazonaws.com/com.images.legiteem8/02660361-511a-49e5-9285-7c9d1d1f8806-20240829132039%40blurHash%3DSjZDNis3JUx%2BcGFmMDBWQA%3D%3D.jpeg,0
1834,OJ simpson ,L8-ogvqpbf,300,https://s3.amazonaws.com/com.images.legiteem8/b4000724-88de-46f9-9ed7-1aba4bcfb464-2024083005539%40blurHash%3DSk1DfmJ1fVtOR05HNC5XQg%3D%3D.jpeg,1
1835,M&O Knits,L8-0rs3s1m,250,https://s3.amazonaws.com/com.images.legiteem8/16dc8c8d-e175-4633-b23f-f1a773d5217f-2024090135920%40blurHash%3DSkVEdnZTLTtfNHQ4NFRXQg%3D%3D.jpeg,1
1836,hook ups,L8-m0qir8u,100,https://s3.amazonaws.com/com.images.legiteem8/bf47a54d-d00f-4b3d-99ae-4ec258490607-2024082818043%40blurHash%3DSjlIb0xGLjgwMH5xMDBJVA%3D%3D.jpeg,1
1837,Vintage Slayer Shirt,L8-lqqhrop,250,https://s3.amazonaws.com/com.images.legiteem8/a15b764c-4caa-4656-a144-e9055f6d7af1-2024083019152%40blurHash%3DSmRFe2F7Ump%2BcHQ3LW9heQ%3D%3D.jpeg,1
1838,Gildan Active Wear,L8-552du9u,650,https://s3.amazonaws.com/com.images.legiteem8/161ff9c8-59ff-476a-a58a-bdf36b822661-20240830135232%40blurHash%3DSlRGPXA9fkNvWUlvfkF4Wg%3D%3D.jpeg,1
1839,Brockum Worldwide,L8-6l0wl1a,250,https://s3.amazonaws.com/com.images.legiteem8/0cb5cf56-e8aa-4679-8a6f-d442699736bf-2024090221122%40blurHash%3DSllFLklUfXMtVHh1WG1JVg%3D%3D.jpeg,1
1840,Rapp Style,L8-ht92h7r,400,https://s3.amazonaws.com/com.images.legiteem8/282726f3-7853-4af6-81a8-079f09ebb20e-202409020236%40blurHash%3DSlNDczI4c1J%2BQS1VfT9zLg%3D%3D.jpeg,1
1841,Tennessee River,L8-niucs4q,40,https://s3.amazonaws.com/com.images.legiteem8/ef9ae275-429b-4cbc-95ed-ed7af02f3615-20240829233453%40blurHash%3DSjJHOE07fm0waU5mMDBKQQ%3D%3D.jpeg,1
1842,GEM,L8-knmoh5u,800,https://s3.amazonaws.com/com.images.legiteem8/9f086881-b37b-45dd-83fb-77284cdb72c0-20240903152555%40blurHash%3DSkdHYm57flcwMUVoUSwkTA%3D%3D.jpeg,1
1843,Ice Cube 1995 “What Can I Do”,L8-r48tquo,1200,https://s3.amazonaws.com/com.images.legiteem8/a0334b65-e113-4e92-8e27-0a93992cb06a-2024083044023%40blurHash%3DSlFFMnppTXx%2BVU18JHhNfA%3D%3D.jpeg,1
1844,Nirvana Sliver ,L8-6gctclt,250,https://s3.amazonaws.com/com.images.legiteem8/f3f96e70-ad63-483e-a9f2-15892cfa488e-2024082820810%40blurHash%3DSllGWVpJfUAlTEk9cEpJbw%3D%3D.jpeg,1
1845,Giant,L8-usktc9h,350,https://s3.amazonaws.com/com.images.legiteem8/ec35f738-34e3-4488-a301-1aa15f3ac6d8-20240903163555%40blurHash%3DSkhFOklfME1HZn5VS3F3Yw%3D%3D.jpeg,1
1846,Mendez Sportswear Gold,L8-4aarvdr,100,https://s3.amazonaws.com/com.images.legiteem8/17f6a155-a5ba-4d13-8e02-a461d4cc4595-2024082862550%40blurHash%3DSkpIMk1eeHR%2BcG9mSW9rQg%3D%3D.jpeg,1
1847,Screen Stars,L8-0nk4n8w,400,https://s3.amazonaws.com/com.images.legiteem8/dc1a0b6f-ebd3-4396-8a72-3891257d5b9f-20240904173935%40blurHash%3DSkJJTlU0fnAwMEVLclcjbQ%3D%3D.jpeg,1
1848,Fruit of the Loom Heavy,L8-dpbb70q,200,https://s3.amazonaws.com/com.images.legiteem8/3a392dda-6140-4278-99a1-a4d0a8539835-20240904235655%40blurHash%3DSkxJRXxpeGF%2BcHh1YkNvZw%3D%3D.jpeg,1
1849,Hanes Beefy T,L8-2r3tja9,1000,https://s3.amazonaws.com/com.images.legiteem8/7578e4b8-6811-4099-98c1-3d877c544bc6-2024090514715%40blurHash%3DSlJLMVhSNHB%2BViUxV0J4dA%3D%3D.jpeg,1
1850,Gildan,L8-eojgtw7,20,https://s3.amazonaws.com/com.images.legiteem8/ea58a168-9679-45f8-af11-cfc818398e23-20240714231459%40blurHash%3DSkFHdDQuJHp9dG5QMDBOSA%3D%3D.jpeg,1
1851,Fruit of the Loom USA,L8-1264vmp,1000,https://s3.amazonaws.com/com.images.legiteem8/b2ac0886-cbe8-403c-97f5-c6655e6896cb-2024090616722.jpeg,1
1852,pil,L8-tl7cr21,250,https://s3.amazonaws.com/com.images.legiteem8/58f850bf-be77-41e9-a527-68dd5b49145e-20240903162214%40blurHash%3DSkFOLGt9fnFNSEROV3RNeQ%3D%3D.jpeg,1
1853,All Sport,L8-2pj1hww,500,https://s3.amazonaws.com/com.images.legiteem8/6d01218f-253e-44ad-806e-c1a89556b2d0-20240904232451%40blurHash%3DSjA3XltGXzR%2BcW9mMDAwMA%3D%3D.jpeg,1
1854,Giant by Tultex,L8-nkkf2ds,500,https://s3.amazonaws.com/com.images.legiteem8/a27bd82c-8e8d-4991-ac9d-8a93a4fcb74f-20240905191510%40blurHash%3DSlJKdHxbeHQuQWFmTXd0Nw%3D%3D.jpeg,1
1855,Fruit of the Loom Heavy,L8-qq36upo,35,https://s3.amazonaws.com/com.images.legiteem8/e38e87fe-d000-40b6-93d8-feb735ccd8ee-202407266218%40blurHash%3DSkFDfiNIflVeJXh0MDFJcA%3D%3D.jpeg,1
1856,Hanes Heavyweight,L8-h83dl7i,3300,https://s3.amazonaws.com/com.images.legiteem8/bf2cf4ea-2bb2-4fc1-b47a-69b6b3e7e803-2024090694219%40blurHash%3DSmNLQSRyfnFfM017byNSUA%3D%3D.jpeg,1
1857,Brockum Group (The),L8-a1mrjtu,350,https://s3.amazonaws.com/com.images.legiteem8/5a7bb91c-ace7-48ed-a9a3-993272f44cfa-20240906123412%40blurHash%3DSjRKdF5AfnEwMHhCMDAwMA%3D%3D.jpeg,1
1858,Fruit of the Loom Heavy,L8-8r1ib7b,80,https://s3.amazonaws.com/com.images.legiteem8/a93e49b2-ac62-4238-90a7-015da1d35fb5-2024090721322%40blurHash%3DSkJHYlNCJTJ%2BQyUyNG9uKg%3D%3D.jpeg,1
1859,Short Hills,L8-vkmevaj,650,https://s3.amazonaws.com/com.images.legiteem8/4241c927-6f81-4ff6-b7fb-37fcf6d6e0f2-2024090923253%40blurHash%3DSmJHdXdOeHVJVVIqfnFXQQ%3D%3D.jpeg,1
1860,WWF,L8-dufe7s8,80,https://s3.amazonaws.com/com.images.legiteem8/26ed0a9f-b882-4cd0-b926-0dc789401c23-2024091043337%40blurHash%3DSjA5JSpoMDAwMElVMDAlZw%3D%3D.jpeg,1
1861,Nirvana ,L8-uanjkbd,180,https://s3.amazonaws.com/com.images.legiteem8/ecd04548-3bd2-4618-a63e-177351507c65-20240912152328%40blurHash%3DSjhDWjY0flYlMlJqMDA5Rg%3D%3D.jpeg,1
1862,BG,L8-mfn3iba,1200,https://s3.amazonaws.com/com.images.legiteem8/366691b6-5e84-4fd7-a097-6c8bd0ad1bcc-20240913201713%40blurHash%3DSklIVV44dDh%2BcElWflVWQA%3D%3D.jpeg,1
1863,TOP,L8-haiv5k1,1700,https://s3.amazonaws.com/com.images.legiteem8/28769e1e-131d-4cfb-aff6-ce79c1bcca1e-20240904185427%40blurHash%3DSkRGRiwzfkEwMDBnNVleaQ%3D%3D.jpeg,1
1864,Delta Pro Weight,L8-3ke3rtw,150,https://s3.amazonaws.com/com.images.legiteem8/a476e138-e8cc-42dd-8597-935b95c8b20b-202409127015%40blurHash%3DSjU5NypMP2QlMW9mMDBNXg%3D%3D.jpeg,1
1865,Hanes,L8-5lnt9j8,,https://s3.amazonaws.com/com.images.legiteem8/a9692205-27ac-487c-8969-7efe06d8b31f-20240912135217%40blurHash%3DSkFBMCVhJTF%2BVnhhTWJ0Nw%3D%3D.jpeg,1
1866,Giant,L8-q0c4640,,https://s3.amazonaws.com/com.images.legiteem8/d1e5eb05-7d4c-4df5-9411-f0a51a2ce9b0-2024091220283%40blurHash%3DSkZEbFRXfUAlekUqfkEtVQ%3D%3D.jpeg,1
1867,Delta Pro Weight,L8-8e0mil2,,https://s3.amazonaws.com/com.images.legiteem8/0d353d91-5ed8-4467-890b-1d5973d79dfd-2024091319812%40blurHash%3DSmJGcjNHUmt9PVg4PUVXVw%3D%3D.jpeg,1
1868,Jerzees,L8-h4nq19h,175,https://s3.amazonaws.com/com.images.legiteem8/945b07bf-bf41-44d2-802b-db4a694bdb75-20240914784%40blurHash%3DSjA5UGYrMDAzd0F2Kks9fA%3D%3D.jpeg,1
1869,Giant by Tee Jays,L8-vedspcf,,https://s3.amazonaws.com/com.images.legiteem8/6a8f9b66-7c46-4047-ba82-b4cab20acd26-20240913191853%40blurHash%3DSjNKW001XzRRa35XOHc4Xg%3D%3D.jpeg,1
1870,Giant by Anvil,L8-84839pv,150,https://s3.amazonaws.com/com.images.legiteem8/accbe9e2-f8d9-435f-9bff-028313f3b185-20240912202536%40blurHash%3DSkU3bjJmTXt%2BQU17XmlSag%3D%3D.jpeg,1
1871,Mosquitohead,L8-c4aw12s,800,https://s3.amazonaws.com/com.images.legiteem8/8244dedb-802e-49ca-a200-13ea8fd0a158-20240912215640%40blurHash%3DSjZGWnZwdWYwME1kMDAtOw%3D%3D.jpeg,1
1872,big pun memorial,L8-pcgjk0e,350,https://s3.amazonaws.com/com.images.legiteem8/b84d845f-497a-4bb3-a9c2-806a4fa76638-202409133107.jpeg,1
1873,GEM,L8-e1k7vec,1800,https://s3.amazonaws.com/com.images.legiteem8/07d10636-6f14-4b1b-95dd-7c346f481c34-20240909133839%40blurHash%3DSkhCfEJIdFJ%2BQWpaLkFiSQ%3D%3D.jpeg,1
1874,Delta,L8-78820jr,300,https://s3.amazonaws.com/com.images.legiteem8/fd0c7ca3-38f6-4f5e-8956-2f325af9f439-20240914194316%40blurHash%3DSjBBd0M6fnFENDAwMDAwMA%3D%3D.jpeg,1
1875,Tultex,L8-luapt9a,100,https://s3.amazonaws.com/com.images.legiteem8/19648792-37f1-47f4-a19f-5cc930d325ec-20240914205354%40blurHash%3DSktBXlVib2Z%2BcW9nLXBvTA%3D%3D.jpeg,1
1876,Giant,L8-vof3un7,250,https://s3.amazonaws.com/com.images.legiteem8/83740473-ca0f-4509-a8bb-49d57f1646e7-2024091119516%40blurHash%3DSjE0ZWl%2BJTJ%2BcSUyLXBzOg%3D%3D.jpeg,1
1877,Hanes Heavyweight,L8-qaroj20,200,https://s3.amazonaws.com/com.images.legiteem8/842ab620-4ef9-45d1-bfb7-cda03c40ef14-202409141606%40blurHash%3DSjZIeHBVfkF%2BbEk4MDAwMQ%3D%3D.jpeg,1
1878,Blue Bar,L8-9ss7pvn,200,https://s3.amazonaws.com/com.images.legiteem8/6157dde5-b322-4631-b56c-65a22d6f9e8a-20240914122131%40blurHash%3DSjQ3LUR7V0J%2BV3hhMDAlTA%3D%3D.jpeg,1
1879,Giant,L8-83ifd42,,https://s3.amazonaws.com/com.images.legiteem8/0ee26ec3-80bb-4d07-87b6-380a1e0ba2d7-20240913224225.jpeg,1
1880,Screen Stars FOTL,L8-cl7v1hs,280,https://s3.amazonaws.com/com.images.legiteem8/e19aa4d0-33f7-478a-b52e-20a0d83b0b20-20240912171641%40blurHash%3DSjVDR01qfjdWW017MDAwMA%3D%3D.jpeg,1
1881,Gildan Heavy Weight,L8-hfpiuvd,650,https://s3.amazonaws.com/com.images.legiteem8/ddcbbe34-9773-4d94-817f-946216de9902-2024082764648%40blurHash%3DSjJKYVpUKjAwMk5FMDBNSA%3D%3D.jpeg,1
1882,90s Flip Skateboards ,L8-7ag28je,120,https://s3.amazonaws.com/com.images.legiteem8/43c0de5f-ef38-4224-96d4-d8f47abe41e2-2024082822433%40blurHash%3DSlVIblpefkJLaUFDP2F4YQ%3D%3D.jpeg,1
1883,Cypress Hill 1992 t shirt,L8-mgoopac,250,https://s3.amazonaws.com/com.images.legiteem8/ff684e47-c8a6-415c-9e1e-851758219811-2024091612488%40blurHash%3DSlZGcjZDZS5eaUk7fT94YQ%3D%3D.jpeg,1
1884,alice in chains band shirt,L8-tuj4vrb,850,https://s3.amazonaws.com/com.images.legiteem8/d87d7f3d-29a9-435e-b712-e2bae89bd9d1-2024091824745%40blurHash%3DSnZIQkM7V0J%2BQlJqP0d0Ng%3D%3D.jpeg,1
1885,Mudhoney 1991 Japan Tour Shirt,L8-uq4qlbh,220,https://s3.amazonaws.com/com.images.legiteem8/a4141ced-300e-4954-89de-c024deb87707-20240918204440.jpeg,1
1886,boyz n the hood movie promo,L8-hf89k7v,400,https://s3.amazonaws.com/com.images.legiteem8/a313b1b6-608f-4809-8e2d-ce73613032c4-2024091744859%40blurHash%3DSklDJFtxflZJVlIqMEw5Rw%3D%3D.jpeg,1
1887,Powell Peralta,L8-v8eibub,300,https://s3.amazonaws.com/com.images.legiteem8/bcf9a3de-21e6-42cb-a59a-4e17ab6cf9f8-20240815222916%40blurHash%3DSkJHbDNZfV0wMkFjMDNeaw%3D%3D.jpeg,1
1888,Screen Stars Premium,L8-hc4r96o,2500,https://s3.amazonaws.com/com.images.legiteem8/1915a455-d88e-4657-ace6-c4651df12ea1-2024092003025%40blurHash%3DSklLVHhYRGl%2BUz9HeEJJcA%3D%3D.jpeg,1
1889,Hanes Heavyweight,L8-7gw3u4h,800,https://s3.amazonaws.com/com.images.legiteem8/44725c95-b533-442d-83d5-b383f2fff5f6-2024092052136%40blurHash%3DSjNLLEVYXlJsWzU3MDAwZQ%3D%3D.jpeg,1
1890,Giant by Anvil,L8-g2p603b,2000,https://s3.amazonaws.com/com.images.legiteem8/681c08f8-5716-4aa3-a34f-2305bc515254-2024092002116%40blurHash%3DSkpIMXh4TXgwMVhuflZWcg%3D%3D.jpeg,1
1891,Jerzees,L8-rf4ef7u,200,https://s3.amazonaws.com/com.images.legiteem8/04101986-0da0-431b-bdfb-4404edf757f1-2024092022524%40blurHash%3DSkNLVHhmP2F9NjlaUVJ0Uw%3D%3D.jpeg,1
1892,Euro (Generic) ,L8-nopgen7,275,https://s3.amazonaws.com/com.images.legiteem8/5b4d3b85-7806-4d06-b0a1-fc792a17706a-2024092263315%40blurHash%3DSkdKOENUfnAwMEQqMDBNew%3D%3D.jpeg,1
1893,The Doors Mexican Bootleg ,L8-9had01i,120,https://s3.amazonaws.com/com.images.legiteem8/4d207765-ee6c-43b8-88b1-ef75d64c2a2b-2024091523056%40blurHash%3DSk1ESnE6czt%2BVmtDX01vZg%3D%3D.jpeg,1
1894,Hanes,L8-hg4h3ma,,https://s3.amazonaws.com/com.images.legiteem8/fa7bcf05-d692-4c59-932f-5dbb167f2b20-20240920181936%40blurHash%3DSkpDWlk0YXp%2BV2pbLW9qWw%3D%3D.jpeg,1
1895,Duck Head,L8-iv260n9,,https://s3.amazonaws.com/com.images.legiteem8/32bad36d-4b6c-4e61-933f-5cc54e853ebc-20240920183647%40blurHash%3DSklFMzBTV1h%2BWGpdb2dheQ%3D%3D.jpeg,1
1896,Hanes,L8-3awi1b4,400,https://s3.amazonaws.com/com.images.legiteem8/026e1be1-c399-456f-b8a8-b15bfa348718-20240923162537%40blurHash%3DSkxKdHE7fkEjUG9lUjRXQw%3D%3D.jpeg,1
1897,nirvana “band photo”,L8-dpg0lsj,500,https://s3.amazonaws.com/com.images.legiteem8/c13c33c6-e4d2-422a-9a30-c301a289f9b8-20240923164321%40blurHash%3DSk1Ka2ZTP0Z%2BcCVMb0pqWw%3D%3D.jpeg,1
1898,Short Hills,L8-f69fc1l,950,https://s3.amazonaws.com/com.images.legiteem8/cd097910-b2cf-4514-aa32-d3ca0166127e-202409241747%40blurHash%3DSldEOUx9RCV%2BV0QlP2JFMQ%3D%3D.jpeg,1
1899,Tultex,L8-shwu6f8,,https://s3.amazonaws.com/com.images.legiteem8/8102635e-937a-4e90-85df-f200cb8a9efb-20240920154212%40blurHash%3DSjVESjNNI1F7Y35BNFQsLg%3D%3D.jpeg,1
1900,Anvil,L8-ov9o9lu,420,https://s3.amazonaws.com/com.images.legiteem8/fec8e184-c7c8-412f-9dd5-6df6fed9098b-20240925183415%40blurHash%3DSjRKKmhzfjMwMCVoMDBzKw%3D%3D.jpeg,1
1901,Hanes,L8-i0stcfh,800,https://s3.amazonaws.com/com.images.legiteem8/9dafd25c-8738-4f1f-9b8c-e560d47981f1-2024092417947%40blurHash%3DSktCTWZBYWV%2BV0lWLXA5Wg%3D%3D.jpeg,1
1902,Short Hills,L8-62cinb8,500,https://s3.amazonaws.com/com.images.legiteem8/ddeb806a-d193-43a5-8497-64dc226f41c5-20240923161944%40blurHash%3DSkhJTmdMfVs9bjBnfENSbg%3D%3D.jpeg,1
1903,Screen Stars Premium,L8-15g1dl3,200,https://s3.amazonaws.com/com.images.legiteem8/96fa1a06-013c-4622-91eb-72439aa471ae-20240923162936%40blurHash%3DSldHJS18fXNFeUVnLVROYg%3D%3D.jpeg,1
1904,Euro (Generic) ,L8-j1ndue4,230,https://s3.amazonaws.com/com.images.legiteem8/5396bf8d-ef83-4873-8297-330bd661a0bb-20240923223559%40blurHash%3DSnRJfG17VkB9U3hhfT9WQA%3D%3D.jpeg,1
1905,Kurt Cobain Portait Long Sleeve,L8-rhsi738,200,https://s3.amazonaws.com/com.images.legiteem8/9646fba5-02ff-46f4-89fe-8d9c3fd33de4-2024092744941%40blurHash%3DSlNJPU1sJUxfNFJqLjlhZQ%3D%3D.jpeg,1
1906,wu-tang c.r.e.a.m rap tee,L8-725oegf,,https://s3.amazonaws.com/com.images.legiteem8/e12a311e-be64-4a41-84a8-2a396a11ae82-202409275177.jpeg,1
1907,GEM,L8-52mmqke,500,https://s3.amazonaws.com/com.images.legiteem8/b4f64649-4a92-49eb-a51d-c06ca6f5b732-20240925225243%40blurHash%3DSlBGNWpYfkItOkVNLVRNfA%3D%3D.jpeg,1
1908,Bay Club,L8-gfojj3a,,https://s3.amazonaws.com/com.images.legiteem8/cca132c9-f8fb-48c6-b74e-fddc65954c91-20240924154434%40blurHash%3DSnBHdVJLYXl%2BV2F5YXlmUQ%3D%3D.jpeg,1
1909,Bay Club,L8-416j56q,,https://s3.amazonaws.com/com.images.legiteem8/11875107-3fb6-45fe-93c4-2f600b8c3ccb-2024092416401%40blurHash%3DSmtHSUFmanR%2BV2ZRb2ZhfA%3D%3D.jpeg,1
1910,Fruit of the Loom,L8-kdata4d,,https://s3.amazonaws.com/com.images.legiteem8/3ad9e682-b64c-44b3-814f-95d57fc60a80-2024092018612%40blurHash%3DSkxEMEFTYXl%2BV3Q3P2FXQg%3D%3D.jpeg,1
1911,AAA,L8-uw56nl5,150,https://s3.amazonaws.com/com.images.legiteem8/ae02420d-32b7-42b8-aaac-04b8b0127527-20240920143013%40blurHash%3DSjlILU1uUTl%2BOTAwMDA1Uw%3D%3D.jpeg,1
1912,Bay Club,L8-1kcwqmu,700,https://s3.amazonaws.com/com.images.legiteem8/24f476a5-adbe-4d2e-8f3a-15f321764abe-20240924165848%40blurHash%3DSmdFeF5kTXt%2BV017P2JvZg%3D%3D.jpeg,1
1913,1994 Pink Floyd Division Bell White,L8-9wdkrj9,400,https://s3.amazonaws.com/com.images.legiteem8/175f4468-af7e-4791-8968-93c74a280ecc-20240923222458%40blurHash%3DSktMeX42WCpDLHYqOHdYUQ%3D%3D.jpeg,1
1914,All Sport,L8-meenpts,350,https://s3.amazonaws.com/com.images.legiteem8/d7b600d1-0e82-4025-b6a6-8d3d5df8a4dd-20240913232544%40blurHash%3DSkZDaU8xMGYtVUVMMHp9QA%3D%3D.jpeg,1
1915,Jerzees,L8-o08vvbh,500,https://s3.amazonaws.com/com.images.legiteem8/38e4a979-d524-4ec3-b4f9-dd6c14022b0a-2024091616658%40blurHash%3DSklFeTBiLW9%2BVXQ2MDFOSA%3D%3D.jpeg,1
1916,Sport-T by STEDMAN,L8-3mw9vuq,100,https://s3.amazonaws.com/com.images.legiteem8/fe7b50b4-154b-4890-adf9-d22d7ba0188f-202409280831%40blurHash%3DSnRFe1V6UlB%2BcFZAP0hWWw%3D%3D.jpeg,1
1917,The Cure ‘Bloodflowers’ ,L8-0laf8jp,,https://s3.amazonaws.com/com.images.legiteem8/f5c0c657-10a4-4b43-9797-29864e089533-2024091522502%40blurHash%3DSlNEOW57YmRfMnhaflhYOQ%3D%3D.jpeg,1
1918,LEE,L8-tssuphq,,https://s3.amazonaws.com/com.images.legiteem8/7090923e-2ef5-436c-802f-e069e6d77f1f-20240920143754%40blurHash%3DSktFLiUtW3Z9WyUyYl1FeQ%3D%3D.jpeg,1
1919,Hanes Beefy T,L8-ges3vp2,,https://s3.amazonaws.com/com.images.legiteem8/a9d51941-d03d-4f8f-8241-9d4140391005-20240920155431%40blurHash%3DSkZFXyxMckV%2Bb3d8XSROYg%3D%3D.jpeg,1
1920,Great Southern Company,L8-8kh5urv,,https://s3.amazonaws.com/com.images.legiteem8/6ab3e1df-66e4-4e3b-a492-acde9cdc5e9f-20240920184538%40blurHash%3DSlZHW3ZQV0MwMGpbfnBvZg%3D%3D.jpeg,1
1921,Fruit of the Loom USA,L8-h0nu1rj,,https://s3.amazonaws.com/com.images.legiteem8/bff6033a-d85d-4f9c-a2d5-6a4cbb75adb7-20240923215625%40blurHash%3DSmtKfj1MLUF9VE5IXX5qWg%3D%3D.jpeg,1
1922,Nice Man,L8-wg8e5al,,https://s3.amazonaws.com/com.images.legiteem8/435435b7-d351-44a8-8170-a90fde167490-20240925144217%40blurHash%3DSkhGJFIudDd%2BVFIqXiNXQg%3D%3D.jpeg,1
1923,Polygram Merchandising,L8-4kb0ic1,,https://s3.amazonaws.com/com.images.legiteem8/f700d47e-4d13-48ed-b71b-d7df2d9cb1e5-20240928560.jpeg,1
1924,Hanes Beefy T,L8-lfoejdp,250,https://s3.amazonaws.com/com.images.legiteem8/a76efe50-3b28-4daa-973c-792f015e786a-20240923163528.jpeg,1
1925,Andazia,L8-si4f8ni,,https://s3.amazonaws.com/com.images.legiteem8/87456501-b5ba-4449-b89a-a2402b6580b0-20240920175435%40blurHash%3DSjNKWzZSfnEwMEQlMDBNew%3D%3D.jpeg,1
1926,Fruit of the Loom Heavy,L8-suhv7kf,350,https://s3.amazonaws.com/com.images.legiteem8/3475de54-a4b6-4a7b-ad0f-686bd6834c7a-20240923163931%40blurHash%3DSjVFbnorfT01N0lwMDJJcQ%3D%3D.jpeg,1
1927,Fruit of the Loom USA,L8-os6erb5,,https://s3.amazonaws.com/com.images.legiteem8/7279b195-0546-42ea-8a74-51bc2dfd9f99-20240923215112.jpeg,1
1928,90s Sex Pistols Live American Tour,L8-s9gdmfr,,https://s3.amazonaws.com/com.images.legiteem8/ad983137-e41d-41da-afb5-4052e3f01049-2024092322121.jpeg,1
1929,Tennessee River,L8-9r7ij2c,,https://s3.amazonaws.com/com.images.legiteem8/9256c3ac-82c1-45c5-aa70-91dda360e2b7-20240925152036%40blurHash%3DSk5GNkxhbyN%2BVFdCXiVXQg%3D%3D.jpeg,1
1930,Soffe,L8-8cosfav,250,https://s3.amazonaws.com/com.images.legiteem8/13daea2d-a3e4-4dd7-baa6-4edd06db12ed-202409232275%40blurHash%3DSjdJNXgkSVdEUS07fnFSUA%3D%3D.jpeg,1
1931,AAA,L8-cr503ch,,https://s3.amazonaws.com/com.images.legiteem8/a6b7f438-2d1f-4bfc-9851-2930409f1ab5-20240928194620%40blurHash%3DSjZDN3t6WFdMI3lHUWtWbw%3D%3D.jpeg,1
1932,Winterland,L8-mvp35p7,,https://s3.amazonaws.com/com.images.legiteem8/c82e79b9-c3c6-4555-a7c5-8b5815685f9c-2024092322557%40blurHash%3DSmRKako2fVRuM1hTWDg5dQ%3D%3D.jpeg,1
1933,Winterland,L8-ccarkbo,,https://s3.amazonaws.com/com.images.legiteem8/8af7f5b9-cc5c-48c3-889e-7ccbb41df343-20240923164847%40blurHash%3DSlVIQk1CfkFOSXM6OHt3Yw%3D%3D.jpeg,1
1934,Fruit of the Loom,L8-khafw7b,,https://s3.amazonaws.com/com.images.legiteem8/b0e41fa1-0f2d-4bee-a6b3-5f124d76f6d7-2024092014155%40blurHash%3DSkFBXzN6NFUlNH15fXlFQw%3D%3D.jpeg,1
1935,Anvil,L8-ucp6rjg,,https://s3.amazonaws.com/com.images.legiteem8/d85f7b2f-5ef4-49af-a2bf-2a297feb8cfa-2024092014238%40blurHash%3DSlpHKktVbk99dHhHJGpXVg%3D%3D.jpeg,1
1936,GEM,L8-cfaqaa7,,https://s3.amazonaws.com/com.images.legiteem8/2c7d2023-2c6d-4226-941a-88041c07435b-20240923225034%40blurHash%3DSktHKns4TXtNSyUyfTtXQg%3D%3D.jpeg,1
1937,ZooPort Riot Gear,L8-sdi97c3,,https://s3.amazonaws.com/com.images.legiteem8/21b97d02-7ea5-422f-9fcb-f05bbdfd283f-2024092515944.jpeg,1
1938,Sierra,L8-gkrrcsa,300,https://s3.amazonaws.com/com.images.legiteem8/6f8315da-05a3-447a-a0f4-5aab5764a8d1-20240930103610%40blurHash%3DSjNJfXQtX01FST9iMDBJQQ%3D%3D.jpeg,1
1939,Charlie’s Angels Charles Manson,L8-jtufedw,,https://s3.amazonaws.com/com.images.legiteem8/ad0b0411-bc57-42b5-9c04-6d97897eb162-2024092723135%40blurHash%3DSjVKa0RnXktoZjAwMDB%2BcQ%3D%3D.jpeg,1
1940,Touch of Gold,L8-0fu2rp5,400,https://s3.amazonaws.com/com.images.legiteem8/e8e3d0d0-6ccb-4d02-bddb-ca57a96a0e56-2024093001334%40blurHash%3DSkFMcGpXflYwMCUxMDB4Wg%3D%3D.jpeg,1
1941,All Sport Proweight,L8-7jqf7ac,1000,https://s3.amazonaws.com/com.images.legiteem8/b39ee144-adeb-42a3-a45b-3998f412eb6a-20240930224739%40blurHash%3DSmVEU0V5a0N%2BQWJIXmhqWw%3D%3D.jpeg,1
1942,Nirvana/RHCP Cow Palace 1991 Parking Lot Tee,L8-luqntc2,300,https://s3.amazonaws.com/com.images.legiteem8/d9cbf40d-0058-469c-88e9-9370d1eb4177-202410010329%40blurHash%3DSjFJfU9dNFVfTXMsMDBJVQ%3D%3D.jpeg,1
1943,90s Kris Kross Tee,L8-6iqoqh1,,https://s3.amazonaws.com/com.images.legiteem8/732ad18b-1b41-4dc4-9892-8a16ac991e9d-2024100154432%40blurHash%3DSktDWlV%2BeHV%2BV3Q3eHR0Ng%3D%3D.jpeg,1
1944,Sneakers,L8-lg0larf,150,https://s3.amazonaws.com/com.images.legiteem8/273ee91d-a6e3-4aed-b963-895b14f95eae-2024092323016%40blurHash%3DSk5KUUd7fTk7S3hhVV14XQ%3D%3D.jpeg,1
1945,Fruit of the Loom,L8-p96j5g9,2000,https://s3.amazonaws.com/com.images.legiteem8/528d6bca-6fda-450d-82ba-f6089788b7c8-2024100123956%40blurHash%3DSktDc21qfnElIz9iVEp4dQ%3D%3D.jpeg,1
1946,Anvil,L8-n1ueuai,,https://s3.amazonaws.com/com.images.legiteem8/02b03dc4-43e1-4648-9fa1-d7bb2e460e2f-20240923223010%40blurHash%3DSkJRVyV0e2ZHc1txMHtidg%3D%3D.jpeg,1
1947,Polygram,L8-bpb7we6,300,https://s3.amazonaws.com/com.images.legiteem8/16c12952-d835-42cc-b5a2-679246c121a0-2024100134532%40blurHash%3DSkc4Z2RDWDh9P1c9XmlXPQ%3D%3D.jpeg,1
1948,Giant by Anvil,L8-gi7kfdf,280,https://s3.amazonaws.com/com.images.legiteem8/5b5b6b7e-4bde-4993-a966-da2832852d5f-20241002112858%40blurHash%3DSkJHW34zeHZfTnh1fnB0Nw%3D%3D.jpeg,1
1949,Disney,L8-6te97rk,800,https://s3.amazonaws.com/com.images.legiteem8/92f2f47c-4122-4da5-8d78-3bea663239f4-202409251555%40blurHash%3DSlBFeWYwb2d%2BVG9lXiRqcw%3D%3D.jpeg,1
1950,brandy i wanna be down,L8-kervrh8,700,https://s3.amazonaws.com/com.images.legiteem8/2009a8ad-115b-4a64-811e-34a3eca3533b-2024100255853%40blurHash%3DSkxDJFdHfT9eKi1vOV05XQ%3D%3D.jpeg,1
1951,snoop dogg whats my name?,L8-64mbi6s,800,https://s3.amazonaws.com/com.images.legiteem8/761ae1b0-8f6a-4115-88f9-1faa2c72019b-2024100341141%40blurHash%3DSjNCVzldLFctVX5wMDAwMA%3D%3D.jpeg,1
1952,RATM Burning Monk,L8-v2ai21i,750,https://s3.amazonaws.com/com.images.legiteem8/cdb97b41-33c6-492a-935b-5caea225c87e-20241002192115%40blurHash%3DSkM5dEFVLTt%2BVnQ3aWJWQA%3D%3D.jpeg,1
1953,piece of cake,L8-q42v221,250,https://s3.amazonaws.com/com.images.legiteem8/aca77b76-9020-49af-b29d-a3d54980d23c-20241004224039%40blurHash%3DSjdJV29hTXt%2BQU5IdkpJcQ%3D%3D.jpeg,1
1954,Murina,L8-go4f0w9,150,https://s3.amazonaws.com/com.images.legiteem8/256c5709-3780-4261-b204-8ef8a1b4a132-2024100482433%40blurHash%3DSldMRUEtLTp%2BcE15OUZ0Nw%3D%3D.jpeg,1
1955,Hanes Heavyweight,L8-inu4khc,100,https://s3.amazonaws.com/com.images.legiteem8/65bfcdf5-f596-4014-a4a6-d8f660f84bd1-2024100472813.jpeg,1
1956,Euro (Generic) ,L8-egsaip4,175,https://s3.amazonaws.com/com.images.legiteem8/45531329-6c86-4807-be31-cc8a68929b94-202409226742%40blurHash%3DSjZHYlAzflYwMElWMDBSKg%3D%3D.jpeg,1
1957,Hanes Heavyweight,L8-vj27641,,https://s3.amazonaws.com/com.images.legiteem8/63f2e1ab-f1f8-430d-8c4c-3d6c0f7f9986-20241002192831%40blurHash%3DSjJBdl5HP3cwMElvMDA1Nw%3D%3D.jpeg,1
1958,Mosquitohead,L8-91okohg,1500,https://s3.amazonaws.com/com.images.legiteem8/873258c8-ab62-426b-a529-37e5b006ef67-20241005183623%40blurHash%3DSkxKN34tLSR%2BWElkZSokXw%3D%3D.jpeg,1
1959,Vintage Nirvana European Bootleg Bomber MA1 style,L8-emnjmhe,100,https://s3.amazonaws.com/com.images.legiteem8/12e98f54-66a7-4803-a80d-795776e0dd56-2024100318040%40blurHash%3DSkpKfSx9SkFdJX1VSUBJPw%3D%3D.jpeg,1
1960,Screen Stars,L8-9oate4b,200,https://s3.amazonaws.com/com.images.legiteem8/1941d6ea-8c86-428e-b02d-e5280d0ccd3c-202409291732%40blurHash%3DSmhGT1N%2BfUBTek5IRU1JcA%3D%3D.jpeg,1
1961,Fruit of the Loom,L8-8evkrv6,300,https://s3.amazonaws.com/com.images.legiteem8/e313417c-c177-4d30-b6d6-b489f8a6cce8-2024100602957%40blurHash%3DSlFLMWFoUjZ%2BcC07b3x4Ww%3D%3D.jpeg,1
1962,Oneita Power-T,L8-hl0ptt0,200,https://s3.amazonaws.com/com.images.legiteem8/02938d3a-b073-4d14-8c79-0350d5298660-20241006133253%40blurHash%3DSkRGaGVTfXMuN09YMDA5Xg%3D%3D.jpeg,1
1963,Giant by Tee Jays,L8-qvtcqqd,850,https://s3.amazonaws.com/com.images.legiteem8/e1c1097d-fd9e-45a8-afbe-314aa64aded1-20241006184531%40blurHash%3DSjNKODlHflZxdC09MDB0NQ%3D%3D.jpeg,1
1964,Jerzees,L8-3nbuu8w,150,https://s3.amazonaws.com/com.images.legiteem8/16a84db4-f1f3-4bf7-8a01-dc8d9638fb3c-202409302141%40blurHash%3DSlJESllJcy5%2BcG4kP1puJA%3D%3D.jpeg,1
1965,Screen Stars,L8-79aa9mk,500,https://s3.amazonaws.com/com.images.legiteem8/122d124a-d1b1-47c0-aa00-b816b568b703-2024100713325%40blurHash%3DSkFMRHUkdSo5ci5tMDBrWA%3D%3D.jpeg,1
1966,Screen Stars Premium,L8-2g8i0ol,2500,https://s3.amazonaws.com/com.images.legiteem8/f9271b24-6af5-4d41-9e5e-adf21c91bccb-20241008165550%40blurHash%3DSkpKal4sMDF%2BVj9GeFV0Ug%3D%3D.jpeg,1
1967,Delta Pro Weight,L8-0ih9fib,60,https://s3.amazonaws.com/com.images.legiteem8/1a7a3e7f-6585-46e9-9ac8-4fdb42a7696e-2024100822053%40blurHash%3DSktFVjpOUlB0Om9MclV4Xg%3D%3D.jpeg,1
1968,Bay Club,L8-h1owp3a,,https://s3.amazonaws.com/com.images.legiteem8/e7ddaef2-e724-4bbf-8904-fae9db8c8dc9-20241008185743%40blurHash%3DSkhGNTpIP0h4b0VrfT0lMQ%3D%3D.jpeg,1
1969,Hanes Heavyweight,L8-mdpi9jr,,https://s3.amazonaws.com/com.images.legiteem8/d37ad46b-da4f-4a17-b143-039dd33bad2e-2024101023617%40blurHash%3DSktGcjZJfUAuNzU3RWc1OA%3D%3D.jpeg,1
1970,Euro (Generic) ,L8-8idvkwr,1500,https://s3.amazonaws.com/com.images.legiteem8/4ec103dc-a89f-4348-bfcd-30e4f28f5b5e-2024101042137%40blurHash%3DSlZGT2NMfT9PWklxMGZJcA%3D%3D.jpeg,1
1971,Screen Stars FOTL,L8-43bv56j,700,https://s3.amazonaws.com/com.images.legiteem8/957f26dc-6ff0-48ed-a7c3-2c1a62bbd897-2024101044413%40blurHash%3DSldKKlZNRGl%2BcSVNU2V0Uw%3D%3D.jpeg,1
1972,GEM,L8-soi38ei,,https://s3.amazonaws.com/com.images.legiteem8/848c728f-7cc1-4f46-bc3d-8253e55bbc5e-20241008163523%40blurHash%3DSjhIZCt%2BMTQwMn5WRTJeTg%3D%3D.jpeg,1
1973,Euro (Generic) ,L8-kqts51k,1100,https://s3.amazonaws.com/com.images.legiteem8/645acdc7-b02d-4562-ba96-d47133dbc5e2-2024100811832%40blurHash%3DSmZIQjs7dDZ%2BcGpbWFNXQg%3D%3D.jpeg,1
1974,1991 Silver Surfer AOP,L8-gmo3bac,300,https://s3.amazonaws.com/com.images.legiteem8/f8e2c36e-80df-4ffc-af74-53406ff1c44a-20241013213322%40blurHash%3DSlhEU0U7JTJ%2BQ29lXipzOg%3D%3D.jpeg,1
1975,Metallica ,L8-9soj0h2,500,https://s3.amazonaws.com/com.images.legiteem8/222e2413-e626-47be-ad25-fcc58cf1c0d2-2024101235242%40blurHash%3DSlNITFl2eGJeKlJqflZvZg%3D%3D.jpeg,1
1976,Bay Club,L8-u0ioh2i,765,https://s3.amazonaws.com/com.images.legiteem8/f567c385-747d-4df5-a8fc-d32bba38229c-2024101431120%40blurHash%3DSmNGWURYeEZeZ1c7fWtzLg%3D%3D.jpeg,1
1977,WWF,L8-tjk4uro,800,https://s3.amazonaws.com/com.images.legiteem8/f5c12845-8744-4f0d-afcc-ce36578c82d2-20241015173748%40blurHash%3DSklDJUJHeF1%2Bb296MDBXQQ%3D%3D.jpeg,1
1978,Chicago Bulls 1997 bootleg rap tee,L8-h82o4cq,300,https://s3.amazonaws.com/com.images.legiteem8/f2e55797-8ae0-49bd-8bc3-77e19a271c81-20241011111954%40blurHash%3DSmZFXnk5Tkh9VVdxXSVXVw%3D%3D.jpeg,1
1979,Tennessee River,L8-pb44h81,50,https://s3.amazonaws.com/com.images.legiteem8/bb070246-c285-454b-836f-c7e3ca632d91-2024101517038%40blurHash%3DSndGNWdIczp%2BQW9lXiVvTA%3D%3D.jpeg,1
1980,Fruit of the Loom,L8-bk1nov9,200,https://s3.amazonaws.com/com.images.legiteem8/9d683664-a3b8-45b2-833d-e8bb270946a8-20241016215443%40blurHash%3DSk9KSCVIfnFWWFZAMDBSaQ%3D%3D.jpeg,1
1981,Wild Oats,L8-q7a1ti1,,https://s3.amazonaws.com/com.images.legiteem8/7a766206-683b-472c-bdae-c7c3b39ca9da-20241017231433%40blurHash%3DSlFHdTJiLTZ%2Bb296XipSKw%3D%3D.jpeg,1
1982,90s Tupac Rap Tee,L8-t1d7sqf,,https://s3.amazonaws.com/com.images.legiteem8/e356121f-9286-48d5-93db-9ec694b30bcd-2024101583015%40blurHash%3DSktEU2RpJCtJVnQ2flZvTQ%3D%3D.jpeg,1
1983,Euro (Generic) ,L8-6ldbu19,330,https://s3.amazonaws.com/com.images.legiteem8/71782ed8-fff9-40e2-a9b7-bca740772527-20241018164138%40blurHash%3DSldHK2FhLW8ubFhTLXBzbQ%3D%3D.jpeg,1
1984,ACME,L8-aqscoha,450,https://s3.amazonaws.com/com.images.legiteem8/7d7f1447-2b36-4a08-bf4e-a5c84a59950e-2024102035824%40blurHash%3DSjdDUGhZPWF5c0VpTH09dw%3D%3D.jpeg,1
1985,Kustom Kit,L8-77w3loj,800,https://s3.amazonaws.com/com.images.legiteem8/9d26f827-5aed-4069-9d4a-59e2a022f06b-2024102014335%40blurHash%3DSmZGciM4LWp%2BViUyeHVXQg%3D%3D.jpeg,1
1986,1996 Chicago Bulls Rap Tee,L8-f589caf,450,https://s3.amazonaws.com/com.images.legiteem8/4ee24210-ecc7-4c34-adea-0a6a40769148-202410158392%40blurHash%3DSkNBOVtdOXUwMSUxflZXQg%3D%3D.jpeg,1
1987,TOP,L8-rj3hqmp,425,https://s3.amazonaws.com/com.images.legiteem8/0dee91c2-f017-4077-8eaa-fc9e1b5eddff-202408194178%40blurHash%3DSlhJaDdfdDd9anQ2flZvZQ%3D%3D.jpeg,1
1988,Mosquitohead,L8-6li34ta,400,https://s3.amazonaws.com/com.images.legiteem8/30bad53c-3c58-41db-814c-b970f3c5db7f-2024102022644%40blurHash%3DSktIQlAzeHR%2BVG9mVnJSaw%3D%3D.jpeg,1
1989,Euro (Generic) ,L8-2u90rit,200,https://s3.amazonaws.com/com.images.legiteem8/2d9f574f-6a40-47c8-b187-2e86bee4950b-202410221588%40blurHash%3DSjNDajM4P3Z%2BcS07MDBNfA%3D%3D.jpeg,1
1990,nirvana Vestibule Boot,L8-0qsod93,350,https://s3.amazonaws.com/com.images.legiteem8/96cf18ac-091d-41ce-ac12-4a8512217de6-20241019215753%40blurHash%3DSjpIVXdlYXh%2BVm9KLTpvSw%3D%3D.jpeg,1
1991,Wu Wear,L8-iuhim58,300,https://s3.amazonaws.com/com.images.legiteem8/d826d3d7-b589-4c20-85c8-bc4f61deea0a-2024101916165%40blurHash%3DSjVCV0dGMDBUS0UyMDB%2BcQ%3D%3D.jpeg,1
1992,Hanes,L8-frfgg61,1000,https://s3.amazonaws.com/com.images.legiteem8/c8bc1af9-1f61-4b30-b7de-153fed650b55-2024102221725%40blurHash%3DSkRHK0JwYXlfTiVNMDB0Nw%3D%3D.jpeg,1
1993,Euro (Generic) ,L8-8ldq56i,600,https://s3.amazonaws.com/com.images.legiteem8/fedd9fb4-96ab-418e-9514-4e2a19756d3d-202410221399%40blurHash%3DSjVGfmFGXzF%2BUFJpVnAlTA%3D%3D.jpeg,1
1994,Giant,L8-s88mmnh,1200,https://s3.amazonaws.com/com.images.legiteem8/8b31420d-c028-4059-a60f-f993a74e0c24-20241018203943%40blurHash%3DSmJIX3JnVj9%2BcXRSLTtheg%3D%3D.jpeg,1
1995,Salem Sportswear,L8-5sv7anq,750,https://s3.amazonaws.com/com.images.legiteem8/e3e30f51-e4fc-49a0-ad40-2c2bff10e577-2024102354140%40blurHash%3DSixITFZmb01%2BV1dCP2JvTA%3D%3D.jpeg,1
1996,Short Hills,L8-b829bih,,https://s3.amazonaws.com/com.images.legiteem8/387e8263-45f6-423e-92e9-2d659e173a77-202410243158%40blurHash%3DSkpFQ0lJJTJ%2BVXQ2flVzLg%3D%3D.jpeg,1
1997,Tultex,L8-r17dqn4,440,https://s3.amazonaws.com/com.images.legiteem8/4f64444e-ec31-4424-bbdb-b0673d34c4b1-202410236759%40blurHash%3DSlBHW05CPXklJEVMflVJcA%3D%3D.jpeg,1
1998,Sliver,L8-jh7j7nh,800,https://s3.amazonaws.com/com.images.legiteem8/b27370a4-54a2-4c4e-86eb-3475b46d780a-2024102413710%40blurHash%3DSjk5PyxoTXx%2BVVdCUmp0Ng%3D%3D.jpeg,1
1999,Screen Stars,L8-0v7vtek,700,https://s3.amazonaws.com/com.images.legiteem8/30671c42-5511-4cc1-aed3-44d305f97c03-2024102505052%40blurHash%3DSlpGNCRKfT8xMDl2czphZQ%3D%3D.jpeg,1
2000,Hanes Fifty-Fifty,L8-mprriq8,700,https://s3.amazonaws.com/com.images.legiteem8/3ced5d45-2b95-4e7c-b83e-0b45f05d3779-20241025162949.jpeg,1
2001,Fruit of the Loom,L8-f525ca4,80,https://s3.amazonaws.com/com.images.legiteem8/d88bb7ab-e0b9-48ea-b6af-bbd16232351f-20241025204742%40blurHash%3DSkdLblZpJU1%2BVnh1d0BqWQ%3D%3D.jpeg,1
2002,Hanes Heavyweight,L8-sgvc3wt,500,https://s3.amazonaws.com/com.images.legiteem8/76bd9d37-e47d-48a5-b36a-f843c09cc0cb-20241019448%40blurHash%3DSjVCZnc6fkJMMUVNOF54YQ%3D%3D.jpeg,1
2003,Craig Mack - Flava In Ya Ear - ‘94 - Parking Lot Boot / Rap Tee,L8-51v5jtr,1200,https://s3.amazonaws.com/com.images.legiteem8/a8e2f7bc-5740-49ac-b6a9-13e6499d81cb-20241026174124%40blurHash%3DSlZFe0BNdFJ%2BVG9mXiRvYw%3D%3D.jpeg,1
2004,Dog Eat Dog All Boro Kings,L8-itoq0vd,65,https://s3.amazonaws.com/com.images.legiteem8/a4b22ae1-d0a0-40f9-ad27-8a3d786b8cf1-20241023214537%40blurHash%3DSldDNmxab2Z%2BV3M6P0hvTA%3D%3D.jpeg,1
2005,Screen Stars,L8-clket25,800,https://s3.amazonaws.com/com.images.legiteem8/84f017c8-4899-4dca-af36-07e7dbcded9e-2024102921362%40blurHash%3DSk5EOHFKfUAwejVScll3ZA%3D%3D.jpeg,1
2006,Brockum,L8-ep44t1j,500,https://s3.amazonaws.com/com.images.legiteem8/cf0e7eaa-90ca-4b32-9f61-b8d55c6ac275-2024103014345%40blurHash%3DSjBBOVtAfnB%2BcWFjMDBOeA%3D%3D.jpeg,1
2007,Screen Stars,L8-gapbjn5,500,https://s3.amazonaws.com/com.images.legiteem8/43864463-9434-4901-a67f-3492177d081c-2024103017216%40blurHash%3DSlJCQ0dqakl9cW5qXjRqRw%3D%3D.jpeg,1
2008,Natural Born Killers Artimonde,L8-v6wlhmh,,https://s3.amazonaws.com/com.images.legiteem8/c2b5f7e6-fd6e-4088-a014-7fa49d72338a-20241022112352%40blurHash%3DSlpJTn4sNC5%2BcGFLeHZSUA%3D%3D.jpeg,1
2009,AAA,L8-cl2hq7d,100,https://s3.amazonaws.com/com.images.legiteem8/cfb4bd1f-e254-4c28-aaa6-79b538efb023-2024110115636%40blurHash%3DSjVDNj1aUyp%2BWHRTMDB4WQ%3D%3D.jpeg,1
2010,Screen Stars,L8-ehncca6,200,https://s3.amazonaws.com/com.images.legiteem8/f29fc78c-b2eb-49e1-ae95-2e443e85c7e1-20241101222156%40blurHash%3DSmxLd2R8LTlfTVNoJWZiYg%3D%3D.jpeg,1
2011,Fruit of the Loom,L8-cpgb20t,250,https://s3.amazonaws.com/com.images.legiteem8/28e4b152-3eca-4a5e-a948-996ae8ff25bd-2024110122317%40blurHash%3DSmFJcStIJCNfTnRSdFNSKw%3D%3D.jpeg,1
2012,Delta,L8-hujo5d3,80,https://s3.amazonaws.com/com.images.legiteem8/b238cd80-c59c-48c0-b815-7ce44da58052-20241025212642%40blurHash%3DSmFLMSxnVnR9QCVNVlhSaw%3D%3D.jpeg,1
2013,Grrwteful Dead Fall Tour 93,L8-t3i9foc,50,https://s3.amazonaws.com/com.images.legiteem8/35b999b7-862c-43f2-85b1-da64e7e3ea4f-2024110317133%40blurHash%3DSnY2OXJIWENvJGEkcDNiSg%3D%3D.jpeg,1
2014,Ghostface Rap Tee ,L8-b9dum3j,2500,https://s3.amazonaws.com/com.images.legiteem8/e696ceb0-070c-4c6d-b59b-d855c0bef505-202410234438.jpeg,0
2015,Euro (Generic) ,L8-hv0t775,200,https://s3.amazonaws.com/com.images.legiteem8/f000acda-d699-4124-85fd-71e893b1bca1-20241104145042%40blurHash%3DSkpCM3tQeHV%2BV3NsJHhhSg%3D%3D.jpeg,1
2016,Screen Stars,L8-7h8jo93,300,https://s3.amazonaws.com/com.images.legiteem8/7a9b1416-9751-4fc3-a2eb-c9bc61f92b63-20241108154130%40blurHash%3DSmRFb3hwdDd%2BcG9mfldvZg%3D%3D.jpeg,1
2017,EARACHE,L8-5ib696p,1000,https://s3.amazonaws.com/com.images.legiteem8/ce044f27-b72a-4b17-8c8f-e6f19278078f-2024110816614%40blurHash%3DSnRGPSxLfnBXQmF5UmtXQg%3D%3D.jpeg,1
2018,CONART,L8-puaii6l,,https://s3.amazonaws.com/com.images.legiteem8/d21ae18c-e997-4e16-85a5-e3708b4bff97-20241106181427%40blurHash%3DSjZKOElndFIwME1fX01NeQ%3D%3D.jpeg,1
2019,Winterland Productions,L8-p02aost,2700,https://s3.amazonaws.com/com.images.legiteem8/a152acd7-d2ee-4ad6-9b86-ceae2efbf2ab-20241022113911%40blurHash%3DSkxEOWsrfnA0LjlHNG5JcA%3D%3D.jpeg,1
2020,Adidas,L8-8qudv4h,,https://s3.amazonaws.com/com.images.legiteem8/563ace71-fd18-4a9d-9d28-a464b93ab82d-20241106193959%40blurHash%3DSlVDP1pQdDd%2BVm9mP0hqWw%3D%3D.jpeg,1
2021,Vintage Michael Jackson Thriller Pakistan Cotton shirt,L8-viumm8k,150,https://s3.amazonaws.com/com.images.legiteem8/b0578d11-f0ae-4440-93c3-62ab4e97b70e-2024110621436%40blurHash%3DSipIMmYja0J%2BcW9mP2FqWw%3D%3D.jpeg,1
2022,Gildan Active Wear,L8-028lnjm,400,https://s3.amazonaws.com/com.images.legiteem8/79b519e4-9863-44a6-b84e-447895d95ccf-20241109231558%40blurHash%3DSitHW2Nvczp%2BVm9mLW9vZQ%3D%3D.jpeg,1
2023,Giant by Tultex,L8-ulsnv6v,350,https://s3.amazonaws.com/com.images.legiteem8/e80bd155-53f8-49d9-a47c-7e1e94dfcf69-2024111013224%40blurHash%3DSjZFMms3RSt9PzBnLG01Nw%3D%3D.jpeg,1
2024,Blue Grape,L8-19fq1i8,125,https://s3.amazonaws.com/com.images.legiteem8/647e70f4-5089-4463-9105-9e04419353dc-2024110411220%40blurHash%3DSkdOSUcjPV8xQlNPMTZSLQ%3D%3D.jpeg,1
2025,fight like a brave,L8-7s4j2o9,75,https://s3.amazonaws.com/com.images.legiteem8/e2ab1de9-4eee-4ef8-9fbe-a0cf30856cdf-2024111154250%40blurHash%3DSkJHW0F4PUcwMEFhe3huNA%3D%3D.jpeg,1
2026,Brockum Worldwide,L8-0f9pgm6,250,https://s3.amazonaws.com/com.images.legiteem8/ab2b47c1-d8f2-4537-a321-05b87c9e2820-20241109181333%40blurHash%3DSjQ5c14sfkFeaC1VMCRTaQ%3D%3D.jpeg,1
2027,bob marley 1996 shirt ,L8-2uvwq3t,80,https://s3.amazonaws.com/com.images.legiteem8/2c26cdf4-bbbe-412d-b92a-e3123242ce32-20241103164433%40blurHash%3DSmRJWTlBRCouVG4kbmdXWA%3D%3D.jpeg,1
2028,Hanes,L8-0ov0oek,650,https://s3.amazonaws.com/com.images.legiteem8/7d1e114b-1eff-47ed-94cd-bfed08ef2d97-2024111211388%40blurHash%3DSkE3d3licyxwMVdEflRzLg%3D%3D.jpeg,1
2029,RAGE AGAINST THE MACHINE,L8-rdf7ui0,350,https://s3.amazonaws.com/com.images.legiteem8/c992e882-93a8-47eb-af40-59eec79b701d-2024111253313%40blurHash%3DSmhOdnJZb2Z%2Bb3hhbk1WQA%3D%3D.jpeg,1
2030,TUPAC RAP T-SHIRT,L8-tvj5ock,250,https://s3.amazonaws.com/com.images.legiteem8/b26b7721-4578-4a0f-84fc-b712d2aa64f4-2024111320323%40blurHash%3DSkdGIzptdDh9KmUuLTtzLg%3D%3D.jpeg,1
2031,Short Hills,L8-utpbd99,350,https://s3.amazonaws.com/com.images.legiteem8/cb29e041-be7f-4acd-974c-f09e9682b8f6-20241113171847%40blurHash%3DSjBFeUQ0TWQyZ0VMMDAwMA%3D%3D.jpeg,0
2032,TOP,L8-gwgd4ql,1400,https://s3.amazonaws.com/com.images.legiteem8/94bbf6ba-cffb-4208-8213-19269764ba74-20241113185538%40blurHash%3DSkVHUmJnPXs3ekVNfkI5YQ%3D%3D.jpeg,1
2033,Jerzees,L8-jb13to4,100,https://s3.amazonaws.com/com.images.legiteem8/f4bd5a84-8cf8-4a3b-91ec-b0a5031ed4da-202411104457%40blurHash%3DSjVBK3tIfXJGX0FFMDJ3ew%3D%3D.jpeg,1
2034,70’s Grateful Dead,L8-4ou0f18,2500,https://s3.amazonaws.com/com.images.legiteem8/48ee3c71-d83a-4768-8615-ee71aa2174e6-2024111411341.jpeg,1
2035,Hanes Beefy T,L8-k5ssk47,150,https://s3.amazonaws.com/com.images.legiteem8/67404c52-e7ff-48fb-8602-0e6d33bf997f-20241114121032%40blurHash%3DSmVKYW9bdDd%2BcHh0byNXQg%3D%3D.jpeg,1
2036,AAA,L8-biu3vo3,450,https://s3.amazonaws.com/com.images.legiteem8/a4c37ceb-0fc3-4325-8f63-cd164d547829-2024111420394%40blurHash%3DSjVFZktCJTJ%2BcXhefnB0Ug%3D%3D.jpeg,1
2037,Sporstwear,L8-7rae3bq,,https://s3.amazonaws.com/com.images.legiteem8/8a7cb23e-b10c-4f57-a1d6-0b70f23bf9e6-20241106175052%40blurHash%3DSjlCeT9PJU1%2BV3Q3MEtSaw%3D%3D.jpeg,1
2038,Brockum,L8-purtrtv,,https://s3.amazonaws.com/com.images.legiteem8/ba555992-8710-4973-a240-c4b9c6d3d00b-2024110619487%40blurHash%3DSkdCOnBkdDd%2BVlIqflZSag%3D%3D.jpeg,1
2039,Screen Stars,L8-jh5t6hw,,https://s3.amazonaws.com/com.images.legiteem8/4b6802e0-9d1c-4370-b576-c909d712127e-2024111518412%40blurHash%3DSjc2QHZLeHR%2BQW9ld1tXQg%3D%3D.jpeg,1
2040,Giant by Tee Jays,L8-97m5afu,225,https://s3.amazonaws.com/com.images.legiteem8/ecf54880-4704-4a96-88d8-d0ca5478415d-20241118195232%40blurHash%3DSlFGT0hifSokLE5NXlotVQ%3D%3D.jpeg,1
2041,Blue Grape,L8-qsndee8,,https://s3.amazonaws.com/com.images.legiteem8/90e3a035-07e9-476d-8a44-2a4ca1d99a7c-2024111618573%40blurHash%3DSmVDJFE0czp%2BOXM6XmhqQA%3D%3D.jpeg,1
2042,All Sport Proweight,L8-h1jgam1,,https://s3.amazonaws.com/com.images.legiteem8/47a2dc2c-fad8-447c-9604-d5c90fe62dd1-20241116192427%40blurHash%3DSmJDcmwteGFeSWFkfT90Nw%3D%3D.jpeg,1
2043,Hanes,L8-lc30ng1,,https://s3.amazonaws.com/com.images.legiteem8/71610ce8-a385-45ef-8a72-a6c1e10d7ef7-20241118194122%40blurHash%3DSmdJOzNMd0peTVItfXB4Wg%3D%3D.jpeg,1
2044,Santee,L8-bhp9seg,250,https://s3.amazonaws.com/com.images.legiteem8/40e72106-4ff9-4b8c-b545-8ef0e2e4ab52-2024111919146%40blurHash%3DSjdIVSpEOlNQWEZAMDBZMg%3D%3D.jpeg,1
2045,Giant by Tee Jays,L8-h8utoh1,800,https://s3.amazonaws.com/com.images.legiteem8/1f0c4191-25af-4cb6-8a7b-1a0a0b48f95a-20241119125154%40blurHash%3DSjE3LTFqfkIqXnM4MDI5XQ%3D%3D.jpeg,1
2046,Immature Constantly Rap Tee,L8-jlghqif,,https://s3.amazonaws.com/com.images.legiteem8/049b33ca-8b9e-4b41-b70b-d49913ed2388-202411182025%40blurHash%3DSkxJTmpsO2U5WkUqfThzOg%3D%3D.jpeg,1
2047,Toni Braxton Rap Tee,L8-s8hni7c,,https://s3.amazonaws.com/com.images.legiteem8/9c72c203-307c-42d8-b083-c081b238121b-2024111820648%40blurHash%3DSmFJZ195LVQ9XklAfVIkaA%3D%3D.jpeg,1
2048,Bay Club,L8-sdmewbl,,https://s3.amazonaws.com/com.images.legiteem8/2866c7fe-af3e-4ce4-b0ae-dc61c82fd40e-20241118201149%40blurHash%3DSmVIS2U0bm1JdU5afT1Sbg%3D%3D.jpeg,1
2049,Polygram Merchandising,L8-qk3v0dt,,https://s3.amazonaws.com/com.images.legiteem8/188d5951-830b-4408-b144-8ad80a2506ca-20241118201718%40blurHash%3DSkFFNFdsJWpXW3lGaHtNYg%3D%3D.jpeg,1
2050,Fashion Victim,L8-a6vvueb,800,https://s3.amazonaws.com/com.images.legiteem8/b1635b10-464b-4339-84dd-ba25793f3867-20241115175946%40blurHash%3DSlJKdTE0V3NfMnQ2fnBheA%3D%3D.jpeg,1
2051,Ched by Anvil,L8-f9osl96,,https://s3.amazonaws.com/com.images.legiteem8/82cd809f-3624-4f4c-9447-7ba684dcb7bb-20241106195527%40blurHash%3DSklBQVI2dDd%2BcHQ3P0d0Ng%3D%3D.jpeg,1
2052,Fruit of the Loom Best,L8-bic3dlu,,https://s3.amazonaws.com/com.images.legiteem8/8cae420f-312f-461e-9936-8bb8827c6bcc-20241118195730%40blurHash%3DSllGI358b3p9O1JpfkF0Nw%3D%3D.jpeg,1
2053,BG,L8-21nb59w,1600,https://s3.amazonaws.com/com.images.legiteem8/64107f13-6e75-45d5-aed3-b1dff922217c-2024112253535%40blurHash%3DSjZKW0NqMDB%2BMHhfMDJuIw%3D%3D.jpeg,1
2054,SBW,L8-1350the,425,https://s3.amazonaws.com/com.images.legiteem8/3b587145-1688-4b5e-9b96-a630f3e084d6-2024110583419%40blurHash%3DSjdDT3c5fXRKRF5oe3ojWA%3D%3D.jpeg,1
2055,Anvil,L8-odv403n,470,https://s3.amazonaws.com/com.images.legiteem8/9b6ef93b-0528-496c-af04-f26b5ccd0aa7-20241124175753%40blurHash%3DSjhKOExwJU0tO3hhXzRJVg%3D%3D.jpeg,1
2056,Anvil,L8-r7o3eow,500,https://s3.amazonaws.com/com.images.legiteem8/7241bd21-8cc2-4822-bebf-11b177e948ac-2024112418338%40blurHash%3DSkFHKzhmflcwMG5rNFRNZA%3D%3D.jpeg,1
2057,Anvil,L8-j4gdluv,200,https://s3.amazonaws.com/com.images.legiteem8/a660cc46-5049-4051-a380-aa6a0bf8c188-20241124183850%40blurHash%3DSjdJZz1temZRNTEkRHo9Xw%3D%3D.jpeg,1
2058,Hanes Beefy T,L8-lfs72i1,1600,https://s3.amazonaws.com/com.images.legiteem8/80f9804d-48c7-4bb3-97ca-1e256c4ec733-2024112618473%40blurHash%3DSkRJO3ddfTp%2BcHh0MDBJQA%3D%3D.jpeg,1
2059,Euro (Generic) ,L8-t1elpab,850,https://s3.amazonaws.com/com.images.legiteem8/1c3e53f5-20f4-4bba-bbcb-8c5757779cc9-20241126184544%40blurHash%3DSmVJO24kLW9fTUVMXzJ4Wg%3D%3D.jpeg,1
2060,Bay Club,L8-00saobg,,https://s3.amazonaws.com/com.images.legiteem8/4db2232f-f643-4801-a4bb-803fb4cce825-2024112217710%40blurHash%3DSllHW0deflU5XWJ3Xmo9ew%3D%3D.jpeg,1
2061,Giant,L8-in28rjf,350,https://s3.amazonaws.com/com.images.legiteem8/c79a830d-42da-42bf-8c6b-b6efa91e9f25-20241125235446%40blurHash%3DSiVHK0UjVkB%2BcGY3P0hheQ%3D%3D.jpeg,1
2062,Fruit of the Loom,L8-r83ocgl,,https://s3.amazonaws.com/com.images.legiteem8/6b287123-cca5-4271-82ee-9dffba32e93c-2024112217445%40blurHash%3DSlFFeVZ5Xmt4PTldfjklMg%3D%3D.jpeg,1
2063,typeo ,L8-1364bui,,https://s3.amazonaws.com/com.images.legiteem8/e1253a5a-5c91-49b6-af9c-b935d6b9f2e6-20241122171812%40blurHash%3DSmtGPWRZeF1%2BQXRSeENhZA%3D%3D.jpeg,1
2064,Jerzees,L8-jaolq4q,60,https://s3.amazonaws.com/com.images.legiteem8/0ce6524d-4044-405f-89ad-1d357668bc59-20241126183718%40blurHash%3DSkNFQ0I9LXB%2BVVdBMGRFMQ%3D%3D.jpeg,1
2065,Screen Stars,L8-84ngu12,55,https://s3.amazonaws.com/com.images.legiteem8/36192f73-90da-4e3f-bf23-26fcd1fbe291-202411271934%40blurHash%3DSkFLbUxoSUEubn5DMDBhMA%3D%3D.jpeg,1
2066,Hanes Beefy T,L8-hhhedek,65,https://s3.amazonaws.com/com.images.legiteem8/ba528477-2730-4c68-a910-f75162a154fb-2024111984643%40blurHash%3DSkxJfD9pRCt%2BVXh0cyt4dA%3D%3D.jpeg,1
2067,Fashion Victim,L8-kps2657,500,https://s3.amazonaws.com/com.images.legiteem8/0a2b5d6c-e4a9-44ef-8c8d-57633c37e19c-202411293350.jpeg,1
2068,Fruit of the Loom,L8-hpet5pm,150,https://s3.amazonaws.com/com.images.legiteem8/733d959d-b766-4144-bbde-c33cc736e9aa-20241128143257%40blurHash%3DSk5Fe3FlJUxfTm9mP2JXQg%3D%3D.jpeg,1
2069,Murina,L8-gc7mw90,,https://s3.amazonaws.com/com.images.legiteem8/5aefccc5-bc6a-43ff-aa76-56c0d7935875-2024110617015%40blurHash%3DSjU5R3t2Ykl%2BcFJqMDBhIw%3D%3D.jpeg,1
2070,cro mags ,L8-m642vbn,,https://s3.amazonaws.com/com.images.legiteem8/b3c7c2e0-9622-4274-bb8c-347129d4128b-202411221709%40blurHash%3DSmZKSFR%2BJWh%2BVFhUJTBSaw%3D%3D.jpeg,1
2071,Anvil,L8-g302ajq,,https://s3.amazonaws.com/com.images.legiteem8/7c08ced9-adc8-4542-8fec-801c428f5884-202412012388%40blurHash%3DSlJKNn5EIzd9QGJkP0dOSA%3D%3D.jpeg,1
2072,Stedman,L8-7iiv4br,,https://s3.amazonaws.com/com.images.legiteem8/bc77a6f7-f35a-4071-b3f2-4f748d70ed3b-20241201232428%40blurHash%3DSmNJNHQkdiN%2BQklCd3xvZg%3D%3D.jpeg,1
2073,Oneita Power-T,L8-3ur6f5s,2300,https://s3.amazonaws.com/com.images.legiteem8/e6346cd4-c2c0-4208-9545-658d38a927ba-2024120301350%40blurHash%3DSjk5R2dlJTF%2BVmF9MGZOSA%3D%3D.jpeg,1
2074,Tultex,L8-0m702lt,,https://s3.amazonaws.com/com.images.legiteem8/4ffd2db8-8053-4ca4-970d-236f178f9ddd-20241201234351%40blurHash%3DSlRIVU9aZD99QD14PXtlLg%3D%3D.jpeg,1
2075,?90s l7 tee?,L8-ari5aak,200,https://s3.amazonaws.com/com.images.legiteem8/0b9920f1-e688-474c-9517-5072c3fd7a6a-20241202101929%40blurHash%3DSkdIXyM7XzNfTklVbiV0Nw%3D%3D.jpeg,1
2076,Giant by Tee Jays,L8-533kfve,,https://s3.amazonaws.com/com.images.legiteem8/514f4221-cd65-402f-93b2-6deb54e34e77-2024120201221%40blurHash%3DSmRGT2ZWbk93SnhGfkJzOQ%3D%3D.jpeg,1
2077,Oneita Power-T,L8-ui5cvfn,1800,https://s3.amazonaws.com/com.images.legiteem8/fde16c47-b7d1-4291-92a1-6b31a3829123-20241204113224%40blurHash%3DSkFDNmxianIwMFJrfm94dA%3D%3D.jpeg,1
2078,Euro (Generic) ,L8-fk12mlo,,https://s3.amazonaws.com/com.images.legiteem8/c2823e30-3461-4705-be77-f9dacedc5504-20241203181322%40blurHash%3DSlNGaTAlYUt%2BVnM6LjhhTA%3D%3D.jpeg,1
2079,All Sport Events,L8-iar24au,,https://s3.amazonaws.com/com.images.legiteem8/2ce30506-ce79-48eb-894f-5d4427f4debe-20241203181857%40blurHash%3DSlJEOW5dUmt%2BVVdYPV1Sag%3D%3D.jpeg,1
2080,Delta Pro Weights,L8-93nawt6,,https://s3.amazonaws.com/com.images.legiteem8/ea42f296-979f-4678-8164-91e71aafff08-2024120318232%40blurHash%3DSjVEOWhuNG9%2BcEQqMDBEKg%3D%3D.jpeg,1
2081,Cowboy Bebop,L8-l0808uu,150,https://s3.amazonaws.com/com.images.legiteem8/319a9766-a413-4eb3-bc6f-f00634217e0e-202412010315%40blurHash%3DSjRBQUwwUjpfNG9nMDB0Ng%3D%3D.jpeg,1
2082,Jerzees,L8-bc2e5uv,300,https://s3.amazonaws.com/com.images.legiteem8/1a35bb06-5dca-434a-8aaa-64ffa1574ab4-202412010950.jpeg,1
2083,Bay Club,L8-mvpcv56,,https://s3.amazonaws.com/com.images.legiteem8/a630d9a3-3ace-4687-b575-d5cde793fec6-20241203183317%40blurHash%3DSkxJZ28kfVg1bVNnMDFwSQ%3D%3D.jpeg,1
2084,Hanes Beefy T,L8-l04op5k,1400,https://s3.amazonaws.com/com.images.legiteem8/2409a97a-2821-4c9f-92c4-fc092fc76265-2024120420628%40blurHash%3DSklJaFQlVkYubE9EfkFSUQ%3D%3D.jpeg,1
2085,Wild Oats,L8-q9rbg1v,150,https://s3.amazonaws.com/com.images.legiteem8/3612c91b-592a-47b9-8e5c-298472d00964-2024120515505%40blurHash%3DSjVDUC1MfnBuTnM6MDA5Rg%3D%3D.jpeg,1
2086,Screen Stars,L8-i3hlhfq,150,https://s3.amazonaws.com/com.images.legiteem8/0a996a63-23a4-4374-801f-1ac58da31285-20241119202129%40blurHash%3DSjhLZFBGMDIwMH5CMDBFUg%3D%3D.jpeg,1
2087,kanye west late registration,L8-0d98wn0,300,https://s3.amazonaws.com/com.images.legiteem8/2eb0b805-c910-4997-8a62-8838fae49b35-20241202235022%40blurHash%3DSkZLLW42fnAlTUQlRTNNew%3D%3D.jpeg,1
2088,kanye west late registration,L8-jpof65v,650,https://s3.amazonaws.com/com.images.legiteem8/ad11048c-0ab1-4ebd-8617-5c657c857551-20241202234657%40blurHash%3DSkJFQ2FvfnBeLCVNMDJhfg%3D%3D.jpeg,1
2089,Giant by Anvil,L8-0247op8,900,https://s3.amazonaws.com/com.images.legiteem8/349bf3e5-580a-43e3-85e0-b8967e41a44c-20241203182750%40blurHash%3DSk9HSF46fT1LNjledFNSaw%3D%3D.jpeg,1
2090,Star Trek Movie Promo,L8-429iudb,65,https://s3.amazonaws.com/com.images.legiteem8/3050ffbc-d1eb-4f2e-aac1-c76ed527e244-2024120504927%40blurHash%3DSjg4cH0kMDAwZ345TWJrQA%3D%3D.jpeg,1
2091,Brockum,L8-bcc986t,750,https://s3.amazonaws.com/com.images.legiteem8/4a9efaeb-bc2c-4bd7-b44d-61ae339d7211-2024120733531%40blurHash%3DSjZFMm43fkEwM1NpMWpFTQ%3D%3D.jpeg,1
2092,Liquid Blue,L8-r2ddan2,160,https://s3.amazonaws.com/com.images.legiteem8/32f8380b-5281-44ac-bfe5-bb71b6ceaeae-2024120542425%40blurHash%3DSjNJRW5QNHAwTDAwMDB9cw%3D%3D.jpeg,1
2093,Screen Stars,L8-kcfujg5,500,https://s3.amazonaws.com/com.images.legiteem8/2df878ce-e888-46a2-b52c-6d8658b1f21d-2024112217148%40blurHash%3DSkFNNnRefV0wT18wcUclTg%3D%3D.jpeg,1
2094,Mosquitohead,L8-p5fu16c,250,https://s3.amazonaws.com/com.images.legiteem8/04a33162-1b72-4aef-a276-ef53138bb78e-2024120852045%40blurHash%3DSk5ILktJTV9%2BV1ZAMDBrVw%3D%3D.jpeg,1
2095,Nirvana Paradise Amsterdam,L8-0kql0ma,350,https://s3.amazonaws.com/com.images.legiteem8/29a8b309-dc92-4004-8eb5-caa75ba4f32f-20241208213446%40blurHash%3DSmhHa3RCJTF9KnhEPV1zLg%3D%3D.jpeg,1
2096,Hanes Beefy T,L8-im54mog,250,https://s3.amazonaws.com/com.images.legiteem8/f64de8a8-a775-4096-a8e8-ca9bad987679-2024121120215%40blurHash%3DSlFHOFRLfXIwfTU3TXdzbQ%3D%3D.jpeg,1
2097,Public Enemy 1992 Tee,L8-8n08tf7,550,https://s3.amazonaws.com/com.images.legiteem8/a11f99b4-85e8-47ac-afc6-0ca8fed944d6-2024121244825.jpeg,1
2098,Jerzees,L8-qf4i31e,150,https://s3.amazonaws.com/com.images.legiteem8/d2997350-1ff3-4d8a-9f01-eb420639279f-2024121042728%40blurHash%3DSldDci5pcy19PXMuPVdzLg%3D%3D.jpeg,1
2099,Giant,L8-kgove9a,2300,https://s3.amazonaws.com/com.images.legiteem8/6cf65954-d803-403c-823c-4756708f5ac0-2024121301532%40blurHash%3DSjlHOHM1MDBCOn5WSVZ%2BQw%3D%3D.jpeg,1
2100,Hanes,L8-agnc25m,800,https://s3.amazonaws.com/com.images.legiteem8/05a283cc-1422-4d77-a474-b8ef71d20293-20241213171157%40blurHash%3DSkVLMTJYfVUubS5TMGVvfQ%3D%3D.jpeg,1
2101,Winterland,L8-lvibv9d,2800,https://s3.amazonaws.com/com.images.legiteem8/c584c0f7-b5c6-4099-b872-37e3e19de65c-202412143732%40blurHash%3DSklCZzBtLW5%2BVT9HPV4keg%3D%3D.jpeg,1
2102,Fashion Victim,L8-m2rc7w2,500,https://s3.amazonaws.com/com.images.legiteem8/c6bbaa06-69f8-45e8-80cb-4f432f31ab96-20241206132859.jpeg,1
2103,Screen Stars,L8-1mbsuc5,2000,https://s3.amazonaws.com/com.images.legiteem8/65a017d4-8667-479d-8fdd-472da35989d0-20241210104758%40blurHash%3DSjZCeV1Nbm1%2BVHQ2MDBXVQ%3D%3D.jpeg,1
2104,Euro (Generic) ,L8-hvsew8n,150,https://s3.amazonaws.com/com.images.legiteem8/2336e5e1-c10c-4fce-8388-06cf1197097b-20241215154847%40blurHash%3DSkZDNiN8Uit%2BcXh0Zi0lMg%3D%3D.jpeg,1
2105,Hanes Ultraweight,L8-1g7lnaw,120,https://s3.amazonaws.com/com.images.legiteem8/e8b1cd16-6657-4239-886f-a308567ef781-20241209161519%40blurHash%3DSk9FbzNAXmouNkFEfkJ4YQ%3D%3D.jpeg,1
2106,Fruit of the Loom,L8-otvrr38,,https://s3.amazonaws.com/com.images.legiteem8/84d30158-8b74-40f6-a250-d7ae3e47f5fb-2024121023261%40blurHash%3DSjFLLHl6UEIwMDAwMDBHdg%3D%3D.jpeg,1
2107,Metallica 1994 Ride The Lightning T Shirt,L8-qqcm962,275,https://s3.amazonaws.com/com.images.legiteem8/06a86670-236c-41eb-9be8-5595bfb6f903-202412151150.jpeg,1
2108,Euro (Generic) ,L8-j416r46,75,https://s3.amazonaws.com/com.images.legiteem8/8cafc6a6-266a-43cd-807b-910147e0093a-20241216104441%40blurHash%3DSjJDdG52LjhbJXQ1RE5XQQ%3D%3D.jpeg,1
2109,Fruit of the Loom,L8-h12qqw2,7000,https://s3.amazonaws.com/com.images.legiteem8/df63b4dc-dea5-4239-904c-6e33e934c370-202412164322%40blurHash%3DSkZNN01uflUwME17NFRSag%3D%3D.jpeg,1
2110,Giant by Anvil,L8-70d92cj,800,https://s3.amazonaws.com/com.images.legiteem8/0f15bb0f-fe43-4697-b7d0-2864da85a14d-2024121918428%40blurHash%3DSkRPM1VkXiVHd1MkMDB4WQ%3D%3D.jpeg,1
2111,Screen Stars,L8-5lwd28n,500,https://s3.amazonaws.com/com.images.legiteem8/b309b99c-e5a3-4abf-890a-d00cb239a2c0-2024122034656%40blurHash%3DSmNFQ2QqeHV%2BVnh0flZvZg%3D%3D.jpeg,1
2112,Giant by Tultex,L8-wvdthe4,300,https://s3.amazonaws.com/com.images.legiteem8/51b8495c-a392-4de3-978e-e0b55781fc48-2024122103937%40blurHash%3DSnNJNE9wb2Z9PWF5PWFhew%3D%3D.jpeg,1
2113,Jubilee Activewear,L8-w0ligqd,300,https://s3.amazonaws.com/com.images.legiteem8/aa364f29-3e41-477b-b36e-5981727ad470-2024121917555%40blurHash%3DSkpFQ09RfkFXLkUyeEJiRw%3D%3D.jpeg,1
2114,All Sport Proweight,L8-0p43n1l,500,https://s3.amazonaws.com/com.images.legiteem8/275686c1-2201-4a62-989c-483e666096c0-2024122115815%40blurHash%3DSllKYW8seEZ%2BcHRSeEJWQA%3D%3D.jpeg,1
2115,Kurt Cobain,L8-7ge8nqe,170,https://s3.amazonaws.com/com.images.legiteem8/96128ba6-455b-4cbb-a51a-2877c466df1d-202412221259%40blurHash%3DSm1HOHlLWDh%2Bb3MsflZiYw%3D%3D.jpeg,1
2116,Screen Stars,L8-ubijpn8,400,https://s3.amazonaws.com/com.images.legiteem8/376841ad-4f24-4edb-949d-f9998c889191-20241123203916.jpeg,1
2117,Anvil,L8-34bfkj0,500,https://s3.amazonaws.com/com.images.legiteem8/c2e2551a-be4f-4173-b59d-513c44e6b7ef-2024122285545%40blurHash%3DSm5HdGN1ZS59cWpaPXNqWg%3D%3D.jpeg,1
2118,Brockum Worldwide,L8-f5u6i07,1400,https://s3.amazonaws.com/com.images.legiteem8/367e8829-7224-431f-ae16-e4cedefb7e18-2024122391152%40blurHash%3DSjdNSEdafnAwMFdVMDB0Ng%3D%3D.jpeg,1
2119,Euro (Generic) ,L8-r3okcq5,200,https://s3.amazonaws.com/com.images.legiteem8/786277a3-da3e-4645-9c01-b553d15cb835-20241223102332%40blurHash%3DSjBDP0d6XywwMDAwP19VZA%3D%3D.jpeg,1
2120,1990s kurt cobain memorial tshirt,L8-vrn9m37,200,https://s3.amazonaws.com/com.images.legiteem8/dee0849f-8b5a-4caa-8495-8a791b3a4b5c-20241223212022%40blurHash%3DSjJIQl8yfnAwMF8zMDBEJQ%3D%3D.jpeg,1
2121,Blue Grape,L8-o9u9ui7,400,https://s3.amazonaws.com/com.images.legiteem8/5684d3a6-aefe-465d-ab93-6eb3b0f52c0e-2024122431712%40blurHash%3DSlhHKnZYPXt%2Bb0k6fkIkKg%3D%3D.jpeg,1
2122,kanye west LV brown,L8-q468sp6,800,https://s3.amazonaws.com/com.images.legiteem8/bd69368b-a5a8-44d4-bcd3-0d797b3484c1-20241202234314%40blurHash%3DSjlGRlcsLTp%2BWFIqMDAlTA%3D%3D.jpeg,1
2123,Santee,L8-9qjjnaq,100,https://s3.amazonaws.com/com.images.legiteem8/082ea710-5f0d-44e9-b58a-485fd4e261d1-20241227153230%40blurHash%3DSkRLLUxJfnAwMXNsNDpeKg%3D%3D.jpeg,1
2124,Jay-z,L8-jp16lcq,400,https://s3.amazonaws.com/com.images.legiteem8/7538c804-e507-453b-ac95-4eca20ae6234-20241221231236%40blurHash%3DSjJDUG5zXzJRbD9HMDA5YQ%3D%3D.jpeg,1
2125,Fruit of the Loom,L8-64ok5s9,200,https://s3.amazonaws.com/com.images.legiteem8/b35c94a6-935e-479d-aed5-c6f2752ffa02-20241228204019%40blurHash%3DSlpDaVU3eEV9P3I9PV9qRg%3D%3D.jpeg,1
2126,AAA,L8-5o6sw4m,500,https://s3.amazonaws.com/com.images.legiteem8/10caa5a1-9cb4-4811-96d4-f1b536a47620-20241223222944%40blurHash%3DSmVKOEx4eHV%2BcWZRUmlXQg%3D%3D.jpeg,1
2127,Sade Love Deluxe,L8-0nvf3d3,200,https://s3.amazonaws.com/com.images.legiteem8/9ddcddac-cd66-4820-a01c-377820ab4000-20241222192045.jpeg,1
2128,Redwood,L8-ahoptpt,750,https://s3.amazonaws.com/com.images.legiteem8/f4da2b72-1b2a-40c9-ac73-b143bfaf975b-202412315534%40blurHash%3DSjdHdGYjNTdfNFdCSyxXQg%3D%3D.jpeg,1
2129,Polygram,L8-udpifuv,750,https://s3.amazonaws.com/com.images.legiteem8/64070aae-8dd1-477d-9c6e-3658697ece95-20241231151941%40blurHash%3DSiRGRj9SeHVfTnQ4LT1heQ%3D%3D.jpeg,1
2130,90s guns n roses longsleeve,L8-jev9tl3,300,https://s3.amazonaws.com/com.images.legiteem8/b8fe20fb-df7a-441e-98bb-d5058c5362f4-20250106152755%40blurHash%3DSkdIQjN0fDpfMk14fldyWA%3D%3D.jpeg,1
2131,Euro (Generic) ,L8-ag07lqp,200,https://s3.amazonaws.com/com.images.legiteem8/dd0d7236-2954-406b-b71b-b53a84781f58-20250108212457%40blurHash%3DSlVGciM3OUZ%2BcUQlLTt4dQ%3D%3D.jpeg,1
2132,Winterland,L8-7i5q7ac,900,https://s3.amazonaws.com/com.images.legiteem8/7c1f8bee-16cb-4673-941f-5c034325ab79-2025010491656%40blurHash%3DSjhIbSs2SzEzcH1YMDAwTg%3D%3D.jpeg,1
2133,All Sport Proweight,L8-j4p8dr3,150,https://s3.amazonaws.com/com.images.legiteem8/a3b37dcc-98a4-4207-a42d-7344a1602cb3-20250108204440%40blurHash%3DSlNId2xlfVlZNDB6P0RXRA%3D%3D.jpeg,1
2134,TOP,L8-25h99g0,400,https://s3.amazonaws.com/com.images.legiteem8/8ecac0f3-ca1e-41ed-af1d-a23f5e324e4c-2024123152014%40blurHash%3DSjdEY0sufnAwMElWMDBEag%3D%3D.jpeg,1
2135,Polygram,L8-flqjihn,400,https://s3.amazonaws.com/com.images.legiteem8/059f846d-3846-4602-bb22-a1b4a4873266-20250110353%40blurHash%3DSnVGI112all%2BVm9KLW9zOg%3D%3D.jpeg,1
2136,Pacer,L8-e8gc1q5,250,https://s3.amazonaws.com/com.images.legiteem8/2ab41bf3-ba66-4184-8394-62f7f43e2f4c-2025011033147%40blurHash%3DSkZDfmJkRU1%2BQU18Xk5OSA%3D%3D.jpeg,1
2137,Jerzees,L8-dqjm0i9,500,https://s3.amazonaws.com/com.images.legiteem8/fa110ede-401d-44da-87a9-7b44315ab5b1-20241231223815%40blurHash%3DSjE3bV1FdDcwMFdWe3dSaw%3D%3D.jpeg,1
2138,Artex,L8-erbjwi2,100,https://s3.amazonaws.com/com.images.legiteem8/ad5052d6-e125-4849-8aa0-f9865ef52d2c-2025011093543%40blurHash%3DSlBJWFI3fVFUY0VVajtFMw%3D%3D.jpeg,1
2139,Oneita Power-T,L8-k3sgn12,2800,https://s3.amazonaws.com/com.images.legiteem8/a584c755-1b59-4750-826e-1242009e82d6-20250109194859%40blurHash%3DSjlEOWVxLXB%2BM3h1bkpvSQ%3D%3D.jpeg,1
2140,Brockum Worldwide,L8-gqqtibf,2200,https://s3.amazonaws.com/com.images.legiteem8/cbf36777-ae9d-455e-99f9-0d47fd12baf1-20250112164145%40blurHash%3DSklKa2lvflVNeFdCJTJWQA%3D%3D.jpeg,1
2141,Delta Pro Weights,L8-t198jm0,75,https://s3.amazonaws.com/com.images.legiteem8/50d845d7-0a3d-4e8f-8bed-8257f6df4fed-202501140517%40blurHash%3DSkdCfEI3JUx%2Bb3h0eHB0Nw%3D%3D.jpeg,1
2142,Giant by Tultex,L8-8r68dah,1400,https://s3.amazonaws.com/com.images.legiteem8/4f3657c3-385f-459a-bd5b-91b3dab8ff51-2025011420052%40blurHash%3DSlJLMWd2P3V%2BVlJqJGVvZQ%3D%3D.jpeg,1
2143,Oneita Power-T,L8-0m0vjj6,1600,https://s3.amazonaws.com/com.images.legiteem8/c2305879-64ff-4966-88f1-2f3987c23a0b-20250114232636%40blurHash%3DSlJKdTRJeHUlTWF9fnFqXQ%3D%3D.jpeg,1
2144,Oneita Power-T,L8-2porkk5,300,https://s3.amazonaws.com/com.images.legiteem8/3175810f-8733-4d53-944c-1e3250555689-2025011511429%40blurHash%3DSllHUkZAfUBLUDleOVpSKg%3D%3D.jpeg,1
2145,Negro League Baseball,L8-sr6pb69,55,https://s3.amazonaws.com/com.images.legiteem8/0fc53119-9224-4c2b-a106-67c7c8f8d095-2025011262929%40blurHash%3DSklKUGg6MDN%2BVW5oXSNzOg%3D%3D.jpeg,1
2146,Soft Tee,L8-3lo2bp5,350,https://s3.amazonaws.com/com.images.legiteem8/d8684f00-dbb0-44e7-ac08-d6cf3bfcc7dc-20250116143035%40blurHash%3DSjhJTzVeMDBEKiVnMDBfTg%3D%3D.jpeg,1
2147,Oneita Power-T,L8-dvlwrln,3200,https://s3.amazonaws.com/com.images.legiteem8/e264009b-28a4-45b3-9cb8-d104df30027e-2025011733859%40blurHash%3DSlRIQlBUfT8lIzl2NTZOYg%3D%3D.jpeg,1
2148,Gold Series,L8-utg47bg,500,https://s3.amazonaws.com/com.images.legiteem8/ca133950-5ded-46c8-a617-67d227ba5563-20250118195713%40blurHash%3DSlZDRi1Wb2YtOmY2fkFvZQ%3D%3D.jpeg,1
2149,Gildan Ultra Blend,L8-d53wfav,50,https://s3.amazonaws.com/com.images.legiteem8/c1274941-a41b-4b22-8965-ae711904d100-2025011904859%40blurHash%3DSm5GI3RDczkkZWtDfkJuJQ%3D%3D.jpeg,1
2150,Hanes Ultraweight,L8-2bc37rw,70,https://s3.amazonaws.com/com.images.legiteem8/4df36ce3-ff82-4148-b8f5-b8d4c1afe280-20250119144120%40blurHash%3DSjJDJGZxXzMwMElVMDBFMQ%3D%3D.jpeg,1
2151,Jerzees,L8-b51kssm,500,https://s3.amazonaws.com/com.images.legiteem8/ce097b25-f612-4960-8a37-06691cc7e95e-20250118194822%40blurHash%3DSlRDfjtyeFolMVJtfjlzLA%3D%3D.jpeg,1
2152,The Hot Chick - 2002 - Movie Promo,L8-wc3ioga,150,https://s3.amazonaws.com/com.images.legiteem8/2d80d8d1-b8a4-4adc-9efb-7e5637ea0957-20250120163242%40blurHash%3DSjBJWD9RMCVVYjAwMDBUeA%3D%3D.jpeg,1
2153,Screen Stars FOTL,L8-gmm0595,550,https://s3.amazonaws.com/com.images.legiteem8/b4c5f5af-9473-42d4-8821-145acd5c9c5f-20250121212331%40blurHash%3DSkxIeGZfeHN%2BVW9mNG9SKw%3D%3D.jpeg,1
2154,Hanes Beefy T,L8-k8kqvih,700,https://s3.amazonaws.com/com.images.legiteem8/465a5431-a9a8-408d-b8c2-596f6866d6f8-20250122163857%40blurHash%3DSlhDfn0ySUF%2BVlI1XipzVA%3D%3D.jpeg,1
2155,Giant,L8-511te1m,200,https://s3.amazonaws.com/com.images.legiteem8/cab4269b-bea1-45c8-8dc2-7ad8a68f1fed-20250118105410%40blurHash%3DSlVEK31DSVZ%2BcWpZXzNSag%3D%3D.jpeg,1
2156,WWF,L8-wjvmeq1,250,https://s3.amazonaws.com/com.images.legiteem8/4e07af14-5f02-48ce-84e0-bcc0ca72891b-20250122152319%40blurHash%3DSjA5R34qMDAwMCVNMDBfMg%3D%3D.jpeg,1
2157,Bay Club,L8-59wa0la,350,https://s3.amazonaws.com/com.images.legiteem8/823ee386-34ed-47df-a7ab-5c45e0cd6738-2025010516146%40blurHash%3DSlVFQ2p9eHV%2BVnQ4LW9veg%3D%3D.jpeg,1
2158,Tultex,L8-glwcouf,550,https://s3.amazonaws.com/com.images.legiteem8/4d445ec5-b261-49b2-8a9a-db17df16bf38-2025012412232%40blurHash%3DSkE4Z2QxJTJ%2BVXQ2RCpSaw%3D%3D.jpeg,1
2159,Nirvana 90s,L8-jeawaau,400,https://s3.amazonaws.com/com.images.legiteem8/30ed2206-704e-4ba0-92cc-b848c5158807-2025012543647%40blurHash%3DSmdHSW8lJTJ%2BcSUyTXt4dA%3D%3D.jpeg,0
2160,Changes,L8-wji10fh,150,https://s3.amazonaws.com/com.images.legiteem8/d4dfd2e5-3630-4250-b63e-0c1543a4ac0c-20250124124115%40blurHash%3DSkY5R1F%2BfUB4c29lc3B4YQ%3D%3D.jpeg,1
2161,Hanes Heavyweight,L8-ekjbfd8,400,https://s3.amazonaws.com/com.images.legiteem8/a80d5e8b-43c3-45f2-a5b8-b5db94cf9422-20250123145052%40blurHash%3DSkJHaywld19fTk5aMDAlMg%3D%3D.jpeg,1
2162,Nirvana hoodie,L8-lh5wpn7,120,https://s3.amazonaws.com/com.images.legiteem8/d2429481-8889-42a8-bd5d-1925dcc3e385-2025012722153%40blurHash%3DSjZJO1J9MDAwMCpJMDBOSA%3D%3D.jpeg,0
2163,rage ,L8-0cdn4f3,250,https://s3.amazonaws.com/com.images.legiteem8/2f991da2-3960-4b52-b548-b115007cd309-2025012942629.jpeg,1
2164,Fruit of the Loom,L8-64iews2,200,https://s3.amazonaws.com/com.images.legiteem8/28b3f021-ea80-4c59-bfc3-fbd33080fa8b-2025012935638%40blurHash%3DSm5Qbz04czoubWJiTGVYOA%3D%3D.jpeg,1
2165,Fruit of the Loom,L8-5f1d20d,500,https://s3.amazonaws.com/com.images.legiteem8/bb944b77-9f2a-4d83-8c24-36810a0bbfb7-202501261679%40blurHash%3DSkFJcjRfOHt%2BcElVMEpzLg%3D%3D.jpeg,1
2166,Giant,L8-8jcgbah,1500,https://s3.amazonaws.com/com.images.legiteem8/fdbc4e6a-f8c8-4624-9231-2d8a03f0679f-202501293357%40blurHash%3DSk9MTio7X00lZ1dWfnFXQg%3D%3D.jpeg,1
2167,kurt memorial ,L8-oa5f8s1,100,https://s3.amazonaws.com/com.images.legiteem8/5a826756-10db-43ec-ac66-7fad882a0213-2025012934548%40blurHash%3DSmlIeFoqYXl%2BcWpbLjhheQ%3D%3D.jpeg,1
2168,Fruit of the Loom,L8-0f7858d,200,https://s3.amazonaws.com/com.images.legiteem8/c943eaa6-e3a8-4d1e-9e71-9bce9ecdc60b-202501293518%40blurHash%3DSlBRfXtSbiR%2BV3NCM1NOYQ%3D%3D.jpeg,1
2169,Tultex,L8-7f09meg,1000,https://s3.amazonaws.com/com.images.legiteem8/f0a7306b-0320-4fbd-830f-f24307702990-20250129145214%40blurHash%3DSkJJRUBJeF1%2BcFdDLTpvTA%3D%3D.jpeg,1
2170,Hi Cru Stedman,L8-9560cuu,10,https://s3.amazonaws.com/com.images.legiteem8/8486180f-1289-43cd-a405-c07d1d62a22f-20250129215731%40blurHash%3DSk9CRTUuflg5JUVuRThNeA%3D%3D.jpeg,0
2171,Giant by Tultex,L8-2j7ukeu,100,https://s3.amazonaws.com/com.images.legiteem8/c219c4e0-b2d8-462c-872b-d3215a3dd199-2025013051613%40blurHash%3DSjBNJStVMDAwMDAwMDAwMA%3D%3D.jpeg,1
2172,Fruit of the Loom Best,L8-pfub6qe,400,https://s3.amazonaws.com/com.images.legiteem8/0270cacb-b6aa-48a1-af35-db41d68b7426-2025013055345%40blurHash%3DSmhFb2V7cyx%2BVXMrflRvSQ%3D%3D.jpeg,1
2173,Giant,L8-hlomv1u,300,https://s3.amazonaws.com/com.images.legiteem8/848492b5-1afb-4e6d-8228-f6292058702a-2025012941430.jpeg,1
2174,Nice Man,L8-0thstt8,300,https://s3.amazonaws.com/com.images.legiteem8/0c945fa8-17ac-4a2c-a25d-01ef4d3648aa-2025013101034.jpeg,1
2175,cypress hill ,L8-go666nm,500,https://s3.amazonaws.com/com.images.legiteem8/a0816d2c-0271-4599-8d94-4ae75faafb20-20250129456%40blurHash%3DSk5HdWRmV0NFOVJqfldXVQ%3D%3D.jpeg,1
2176,Santee,L8-j010fem,800,https://s3.amazonaws.com/com.images.legiteem8/7b327fda-7204-4fc3-b02b-f3933ff082c5-2025013005334%40blurHash%3DSnZMQ3R6eFp9bG9mLTRXQg%3D%3D.jpeg,1
2177,Bay Club,L8-7i46hw6,850,https://s3.amazonaws.com/com.images.legiteem8/42e8734f-821b-48fb-a775-8b4dc38dce46-20250124111410%40blurHash%3DSjJCOmpMe15MI3dITUowMA%3D%3D.jpeg,1
2178,Fruit of the Loom,L8-tocgmkw,300,https://s3.amazonaws.com/com.images.legiteem8/fc5755d7-6be0-4010-951e-0905e040bbf2-2025020174154%40blurHash%3DSlBOXllsJU1%2BV2Y2NFRXQg%3D%3D.jpeg,1
2179,Giant,L8-jlsknbt,450,https://s3.amazonaws.com/com.images.legiteem8/c8748d88-89bb-4983-ad9c-336a90de3bcf-2025020105338%40blurHash%3DSjdEU3BfLW9%2BQXhadz9vSg%3D%3D.jpeg,1
2180,Giant,L8-7w9f79k,85,https://s3.amazonaws.com/com.images.legiteem8/89a54a76-36af-40c4-9809-8663ca210ae9-20250130224253%40blurHash%3DSklHWzRjMH5fMHhGNSV9Pw%3D%3D.jpeg,1
2181,All Sport Proweight,L8-t3gv54g,1000,https://s3.amazonaws.com/com.images.legiteem8/d6658247-bceb-4f80-bf69-883052657947-2025020101754%40blurHash%3DSjNLQS54fXAwMD9HMDBWcw%3D%3D.jpeg,1
2182,Tupac Memorial,L8-hf311vc,650,https://s3.amazonaws.com/com.images.legiteem8/c67ecde6-397d-453a-9fab-188ec6198571-20250131195352%40blurHash%3DSkFESW40bWwubDBmXio5YQ%3D%3D.jpeg,1
2183,Giant,L8-thdktbw,225,https://s3.amazonaws.com/com.images.legiteem8/d5f3aa9d-eeae-442a-852f-45e3d94e3cf8-202502024238%40blurHash%3DSjlCZiU7Ump%2BVmFlMDF4YQ%3D%3D.jpeg,1
2184,home alone ,L8-p0fd733,200,https://s3.amazonaws.com/com.images.legiteem8/7b22f02a-d7f8-46cb-a8bc-aeb81877bea2-2025020102713%40blurHash%3DSlBKKkkkLXB%2BVlJqNC5zOg%3D%3D.jpeg,1
2185,Fruit of the Loom,L8-d7je07m,300,https://s3.amazonaws.com/com.images.legiteem8/381bf953-c384-411f-aca6-4558e0892143-2025020218304%40blurHash%3DSkhHdHZnMHowfn10UmpiYQ%3D%3D.jpeg,1
2186,‘98 Korn Family Values Tour,L8-27d9l6c,185,https://s3.amazonaws.com/com.images.legiteem8/c13f4e80-7c80-45a3-abe0-0f13db68ba76-20250202152618%40blurHash%3DSk1JWFF4ckF%2BTT9Zb3h4dA%3D%3D.jpeg,1
2187,Nice Man,L8-3oq5iii,60,https://s3.amazonaws.com/com.images.legiteem8/911ee022-bda4-4779-a894-7914b31d97ec-2025020305817%40blurHash%3DSltJcVN2b0t%2BOW9KLVNvTA%3D%3D.jpeg,1
2188,Fruit of the Loom,L8-4hwuwo1,150,https://s3.amazonaws.com/com.images.legiteem8/1ce71943-2952-47bd-a81e-0a6b58edf2a1-202502031838%40blurHash%3DSkpOd0c7JU1%2BcHQ3MDBSag%3D%3D.jpeg,1
2189,Fruit of the Loom Heavy,L8-h9mlcds,500,https://s3.amazonaws.com/com.images.legiteem8/d752787e-0bac-4e44-8871-b11241c1e1e9-2025013123736%40blurHash%3DSlBEdkpALXB%2BQSVMLW10Nw%3D%3D.jpeg,1
2190,Nice Man,L8-vs1q4u4,250,https://s3.amazonaws.com/com.images.legiteem8/6b03968f-ee01-49ce-a543-e942457121f1-2025020355626%40blurHash%3DSlNFZk5WeHR9KnhZdnt4Wg%3D%3D.jpeg,1
2191,Bay Club,L8-69oslw0,400,https://s3.amazonaws.com/com.images.legiteem8/0f92845e-02c7-4557-8f19-2fc9338c1a05-20250203185354%40blurHash%3DSjlNN3JzMDBebnh2MDB4dg%3D%3D.jpeg,1
2192,Fruit of the Loom,L8-cehtge8,250,https://s3.amazonaws.com/com.images.legiteem8/aed09e3c-de27-408c-a176-80c5eec73fb4-2025020218248%40blurHash%3DSnRGclJ1b2V%2BVGpzXiRqcw%3D%3D.jpeg,1
2193,alice in chains ,L8-8h8k4s4,800,https://s3.amazonaws.com/com.images.legiteem8/b2153437-e990-4c21-8b65-a24c90aaffd9-2025020451555.jpeg,1
2194,Hanes Heavyweight,L8-pmlonpe,100,https://s3.amazonaws.com/com.images.legiteem8/95958ac7-a615-4460-b317-8c08a03a9bf8-2025020361724%40blurHash%3DSlhCfEtybiR%2BVGpzXmhheQ%3D%3D.jpeg,1
2195,Brockum,L8-i9tfp3r,75,https://s3.amazonaws.com/com.images.legiteem8/45492d06-2238-4bef-a63a-c1c6996af3f3-2025020455624%40blurHash%3DSlpGfUcuLTorYU17fXJzLg%3D%3D.jpeg,1
2196,Gildan Heavy Weight,L8-abkgqag,70,https://s3.amazonaws.com/com.images.legiteem8/a4fa5ec7-8acb-4100-9f43-bd8eded7e889-202501318132%40blurHash%3DSkE4O01uNDp%2BVTlILU5EKw%3D%3D.jpeg,1
2197,janes addiction ,L8-muo88n7,100,https://s3.amazonaws.com/com.images.legiteem8/bb993196-d03c-4b85-bb12-40c1537cb999-2025020516574%40blurHash%3DSmVEK31jdDd%2BQW9mXmpvZg%3D%3D.jpeg,1
2198,Anvil,L8-oikibu3,180,https://s3.amazonaws.com/com.images.legiteem8/297fc411-aefc-4a09-b788-e672097c22e2-20250204690%40blurHash%3DSkNJRHBlOUZ9OF4lMDBeKg%3D%3D.jpeg,1
2199,Hanes Fifty-Fifty,L8-nnpv9ci,120,https://s3.amazonaws.com/com.images.legiteem8/caa21edf-489a-457c-b4f5-98ff20c634e2-20250205165055%40blurHash%3DSlJFMmUwczp9cW8wK0BhZg%3D%3D.jpeg,1
2200,Fruit of the Loom,L8-idgjie8,150,https://s3.amazonaws.com/com.images.legiteem8/30c74e9c-e92b-4354-995a-980b68c5e475-20250204639%40blurHash%3DSmRNeU5xfUUtQlMyd2NOdQ%3D%3D.jpeg,1
2201,Gildan,L8-0e1hdiw,50,https://s3.amazonaws.com/com.images.legiteem8/b0093788-e0db-4776-9613-fa32d2964124-202502065842%40blurHash%3DSjdILHFAMXowMH1ZWjJFTA%3D%3D.jpeg,1
2202,Hanes Heavyweight,L8-3oclnhb,200,https://s3.amazonaws.com/com.images.legiteem8/06507ba8-79e9-4ef0-9547-a60fc042ef06-202502065169%40blurHash%3DSktLZFNWflYtbkQqSVVNfA%3D%3D.jpeg,1
2203,Brockum,L8-rakdgmm,150,https://s3.amazonaws.com/com.images.legiteem8/ac1df948-3918-4994-91d4-a06a03e861cf-2025020644230%40blurHash%3DSlBLMW1AP2F%2BcGpbRTFSag%3D%3D.jpeg,1
2204,Fruit of the Loom,L8-w0tkr13,200,https://s3.amazonaws.com/com.images.legiteem8/ecc09848-6479-4c92-8657-2e2912df6433-202502064513%40blurHash%3DSklHanBoeHV9N1IrK1pSag%3D%3D.jpeg,1
2205,Tultex,L8-b20ogn3,450,https://s3.amazonaws.com/com.images.legiteem8/8f6b00d1-eba7-4fdd-9e8e-be9c91ff5b98-202502051861%40blurHash%3DSmZEXTl0V1Z%2BVm9mP0dqQA%3D%3D.jpeg,1
2206,Wild Oats,L8-pwl8qdr,150,https://s3.amazonaws.com/com.images.legiteem8/940a471b-0608-4b4e-b2c5-6fb7d17f67ec-20250205202223.jpeg,1
2207,Screen Stars Funky A,L8-0pqwswj,100,https://s3.amazonaws.com/com.images.legiteem8/45114953-3314-41ef-8f91-e742f678adb4-2025020517253%40blurHash%3DSjlJfS1VflYwME5MMDBJVA%3D%3D.jpeg,1
2208,Brockum,L8-oujff3w,150,https://s3.amazonaws.com/com.images.legiteem8/854afdda-a41e-487e-a0e0-1e0fb08c7bdc-202502065143%40blurHash%3DSkJLMH5NX04wMElCMDBOSA%3D%3D.jpeg,1
2209,Giant,L8-q3966su,80,https://s3.amazonaws.com/com.images.legiteem8/83e0f749-a320-4a55-9db8-b26366dd0188-2025020553917%40blurHash%3DSklFQmpmNVI5c31AXSpFTQ%3D%3D.jpeg,1
2210,ACME,L8-ioosijw,80,https://s3.amazonaws.com/com.images.legiteem8/2550139b-49f4-4196-86cf-72888604a13d-2025020553217%40blurHash%3DSkFGZz9AMExran1aNG4tVg%3D%3D.jpeg,1
2211,Cut Off,L8-513vi2d,250,https://s3.amazonaws.com/com.images.legiteem8/15483800-b259-467f-a78b-1cd45818e5dc-2025020454826%40blurHash%3DSkNIVUJeXipfI1ZAK0YlMA%3D%3D.jpeg,1
2212,Fruit of the Loom Heavy,L8-nb65cll,200,https://s3.amazonaws.com/com.images.legiteem8/51846f31-138f-4335-bee7-6f7d0c936a36-2025020342636%40blurHash%3DSmhJfHtffkNKQ0k6TktXPQ%3D%3D.jpeg,1
2213,Giant,L8-fu3kww4,2200,https://s3.amazonaws.com/com.images.legiteem8/88e6d042-02d7-40cd-a73e-c4f42ccf9414-20250203162257%40blurHash%3DSjBCTEBoN08wYz97MDAwSw%3D%3D.jpeg,1
2214,Fruit of the Loom,L8-aar7l8e,200,https://s3.amazonaws.com/com.images.legiteem8/e3a165e5-4ef5-433e-ac32-bc6b9675fe61-2025020751634%40blurHash%3DSjZId3J3eVh9OyRMMDB9Pw%3D%3D.jpeg,1
2215,Tupac Dear Mama/Me Against the World,L8-hhhofpb,1000,https://s3.amazonaws.com/com.images.legiteem8/e144910d-8be2-4437-90b3-b3cf239c9c1a-20250207213641%40blurHash%3DSkpCZzNvJHl%2BViUxeF1rRA%3D%3D.jpeg,1
2216,Direct Merchandising,L8-mnj03gb,200,https://s3.amazonaws.com/com.images.legiteem8/58d1f3ee-5535-47a3-b149-ec786f838317-2025021343727%40blurHash%3DSklQP2RWfnEtVXh1RGl4dQ%3D%3D.jpeg,1
2217,The Knits,L8-4ajrdq8,250,https://s3.amazonaws.com/com.images.legiteem8/9619baeb-d0aa-4228-a26f-b35347245d22-2025021220535%40blurHash%3DSkRITFZUP2JEKn5WXmhSag%3D%3D.jpeg,1
2218,LEE,L8-kp2fj6o,700,https://s3.amazonaws.com/com.images.legiteem8/9cdacec6-b209-40cf-b739-aeab9bd93639-20250212141540%40blurHash%3DSjFDcS5DMEs0UiNuRTEtQw%3D%3D.jpeg,1
2219,smashing pumpkins ,L8-4afhagi,200,https://s3.amazonaws.com/com.images.legiteem8/98aafa1e-025d-42c2-b362-44bcdb888c9c-2025021462514%40blurHash%3DSlhNRyNDX01vemFLTXl0Nw%3D%3D.jpeg,1
2220,Screen Stars Funky A,L8-k8736km,100,https://s3.amazonaws.com/com.images.legiteem8/a3c4c38d-bc04-47c8-b38c-fd319b4f6428-2025021464151%40blurHash%3DSnVHJXVnYkh9bmJHPXRvZA%3D%3D.jpeg,1
2221,Murina,L8-jli4mlh,135,https://s3.amazonaws.com/com.images.legiteem8/49e3dc9c-d87b-4c20-a60f-5010f8a968de-202502146522%40blurHash%3DSmVGZ3tATmJ9bU5jK1tYOA%3D%3D.jpeg,1
2222,1997 Unity concert ,L8-w4j42ui,500,https://s3.amazonaws.com/com.images.legiteem8/d3400f81-09fd-4377-9d69-1e36db3e25df-2025021255532%40blurHash%3DSkE4Z2pLJTJ%2BVnQ2czpmNg%3D%3D.jpeg,1
2223,Fruit of the Loom Heavy,L8-wst7vja,250,https://s3.amazonaws.com/com.images.legiteem8/92bdfb9b-7a3c-4ea2-a2b8-8f1634f2656f-2025021522340%40blurHash%3DSlJEUml%2Bb2Z9bldWLG5heQ%3D%3D.jpeg,1
2224,Hanes Heavyweight,L8-38fnpqn,350,https://s3.amazonaws.com/com.images.legiteem8/c593af2a-105a-43b6-9b63-ebb83c159056-20250213141747%40blurHash%3DSldJfSpQLlRNfFI0OF5qRg%3D%3D.jpeg,1
2225,Delta Pro Weights,L8-m9nuwc8,1000,https://s3.amazonaws.com/com.images.legiteem8/da10b4d0-8514-463e-9e7a-f95d4d6b8f87-20250213173012%40blurHash%3DSmtFby4zeHUtPU17fnFveg%3D%3D.jpeg,1
2226,Unique Classics/Miro,L8-7w73gqs,500,https://s3.amazonaws.com/com.images.legiteem8/c4d9f897-8e6f-4190-a9c2-2babb003b909-2025021502823%40blurHash%3DSlhGI1JHb0l9cm4jPWFuIw%3D%3D.jpeg,1
2227,Bay Club,L8-8u8cul7,250,https://s3.amazonaws.com/com.images.legiteem8/fce9d615-4e96-4edf-a4f1-e1a0c6022e94-2025021616100%40blurHash%3DSntJekx0b2V9PW9LJTBmag%3D%3D.jpeg,1
2228,Wolverine Marvel Comics,L8-uqjbd00,80,https://s3.amazonaws.com/com.images.legiteem8/2e848077-1efb-4a6d-b7d0-c56655150132-20250212191230%40blurHash%3DSlVHK1VLUzUwMHhDfnBXWQ%3D%3D.jpeg,1
2229,Belton,L8-i04dmbr,180,https://s3.amazonaws.com/com.images.legiteem8/a6ae92d5-0e4a-43a1-9ec0-93fd92a22e24-2025021712717%40blurHash%3DSlBEW2tJYX19cldWckNXVg%3D%3D.jpeg,1
2230,rage against the machine ,L8-gmjt9rp,200,https://s3.amazonaws.com/com.images.legiteem8/620da36e-9da0-45ca-80e3-de34d8a2ffe8-20250217211259%40blurHash%3DSmdHUmJseFl%2BQnhHXiVuJA%3D%3D.jpeg,1
2231,Signal Sports,L8-5b02ka4,120,https://s3.amazonaws.com/com.images.legiteem8/e354851b-7e49-47b4-b27a-93e244696d14-2025021702149%40blurHash%3DSjVLZFszflcwMGpAMDBNew%3D%3D.jpeg,1
2232,Giant,L8-33l0l2n,80,https://s3.amazonaws.com/com.images.legiteem8/6ce28d40-297a-449f-a188-c94c5e8dace8-202502075813%40blurHash%3DSlVLbkowP0g5WmF5fnBNew%3D%3D.jpeg,1
2233,Wild Oats,L8-qigit1u,250,https://s3.amazonaws.com/com.images.legiteem8/9ba25fc1-aee7-433e-83fa-b63ebaf4ccff-2025021503920%40blurHash%3DSjdHSGguMGY0VH1hUThGXw%3D%3D.jpeg,1
2234,Vimtage Def Leppard Hysteria  Tour 1988,L8-nh40m1p,75,https://s3.amazonaws.com/com.images.legiteem8/9ea0c15f-b190-43d3-8aba-43f185fcbbb5-20250217121122%40blurHash%3DSk9KaXxXQi5%2BVm99XmolTA%3D%3D.jpeg,1
2235,Brockum,L8-451bspf,150,https://s3.amazonaws.com/com.images.legiteem8/1d053f98-146a-4440-8d25-25ce879225f6-20250218215744%40blurHash%3DSllHKlpmRTJ9LU18JTFuaQ%3D%3D.jpeg,1
2236,janes addiction ,L8-4ds477b,100,https://s3.amazonaws.com/com.images.legiteem8/837ecc73-1832-4bcb-8518-ad452c9e4a98-20250218215112%40blurHash%3DSmtGcllBVkB%2BQVJrXmlhSw%3D%3D.jpeg,1
2237,Brockum,L8-2dgr3ah,350,https://s3.amazonaws.com/com.images.legiteem8/e4a02a5f-8bce-45ac-8879-3f6f3ed7edc6-202502204847%40blurHash%3DSmNHR0A3YXl9VGF9JGlXVg%3D%3D.jpeg,1
2238,GEM,L8-rq5j0ku,350,https://s3.amazonaws.com/com.images.legiteem8/4b1b232b-6df6-41ac-831a-b3eb0e685a20-2025021815554%40blurHash%3DSmRGcV4xfUA5XUVMRTBOYg%3D%3D.jpeg,1
2239,True Fan ,L8-pmf7ch4,200,https://s3.amazonaws.com/com.images.legiteem8/31176d57-e642-4be3-a9e2-36d9e9bce38f-2025021444129%40blurHash%3DSnBKJWErT0ZfTHMteHRhZg%3D%3D.jpeg,1
2240,Gravediggaz LS,L8-qw683tc,150,https://s3.amazonaws.com/com.images.legiteem8/8afcadd8-f22f-43da-b0ee-4972d5dabba0-20250217221315%40blurHash%3DSkxEYn43eHUtOm9mfjdXQQ%3D%3D.jpeg,1
2241,Stedman,L8-9wfq3mk,1100,https://s3.amazonaws.com/com.images.legiteem8/83779e17-9969-4ec8-9d2c-d4d07ff30d4f-20250211233328%40blurHash%3DSkJLSzRlMDArcl9OMDFeaA%3D%3D.jpeg,1
2242,Giant by Tultex,L8-mjd5mn1,500,https://s3.amazonaws.com/com.images.legiteem8/5ab6a40c-4121-45ba-a992-f5e962f9f6ba-2025022121249%40blurHash%3DSjBILlRnflMwMDQ9MDAwMA%3D%3D.jpeg,1
2243,Nirvana Smiley Hoodie,L8-2um7vnw,100,https://s3.amazonaws.com/com.images.legiteem8/41cc03f2-49b6-45f1-9a5f-e4f7cea935cc-2025022322153.jpeg,1
2244,AAA,L8-da9squ0,300,https://s3.amazonaws.com/com.images.legiteem8/306560a1-092d-4252-ab5d-2b1a3055c44c-2025022324040%40blurHash%3DSndHYWR0dDd9PXQ2JHpvZg%3D%3D.jpeg,1
2245,Brockum,L8-tkvcw9u,180,https://s3.amazonaws.com/com.images.legiteem8/10e5c052-50a9-42a7-81b8-99a266827570-2025022035434%40blurHash%3DSmlHSG9HTmV9a1ItLVJzLA%3D%3D.jpeg,1
2246,Murina's Best,L8-io35lue,200,https://s3.amazonaws.com/com.images.legiteem8/1575037b-6c5e-454a-9739-b4ffbcc5b607-2025022363259%40blurHash%3DSkE5Wj1rakB%2BV29mdDZvZg%3D%3D.jpeg,1
2247,Gildan Heavy,L8-amutf83,150,https://s3.amazonaws.com/com.images.legiteem8/4165e9ac-e7f4-43eb-8163-165b4a028e95-2025021723824%40blurHash%3DSjlKOEZjfnBONWp2MDBORw%3D%3D.jpeg,1
2248,Murina,L8-rhan60n,200,https://s3.amazonaws.com/com.images.legiteem8/039b74d9-7558-4e51-b7ad-23f0665de144-202502253544%40blurHash%3DSnlIMGFeV1Z9cGF9LDpiSA%3D%3D.jpeg,1
2249,Stone temple pilots,L8-4p40ao7,150,https://s3.amazonaws.com/com.images.legiteem8/67496e9c-ad39-44ef-bbd7-ae1c49d4b231-2025022515143%40blurHash%3DSmFEdS40SV19LEk9Xk1XQw%3D%3D.jpeg,1
2250,Nike,L8-u9ihjmj,100,https://s3.amazonaws.com/com.images.legiteem8/fcba360f-8504-4dc5-9863-f1551cd66adf-20250223154125%40blurHash%3DSjlKRX0zK31eKyt2P199RQ%3D%3D.jpeg,1
2251,Star Trek,L8-pcfoitv,85,https://s3.amazonaws.com/com.images.legiteem8/88450c8c-c886-4a0a-9540-e472388b58ed-2025022311621%40blurHash%3DSkJFLnxieHV%2BcUlWSWF0Nw%3D%3D.jpeg,1
2252,juvenile “Ha” rap tee,L8-5j5ssdu,1200,https://s3.amazonaws.com/com.images.legiteem8/b8d745b1-d5ad-4654-b87c-64071578c292-202502253196%40blurHash%3DSnNIX1Yjbmh%2BcFg5XitqRg%3D%3D.jpeg,1
2253,soundgrden,L8-ctnlm3c,150,https://s3.amazonaws.com/com.images.legiteem8/a18687bf-5570-4041-a443-199f091281c4-2025022545034%40blurHash%3DSlhIdkBuOV0sLS1VfT1JOg%3D%3D.jpeg,1
2254,Bay Club,L8-n4vhh0b,400,https://s3.amazonaws.com/com.images.legiteem8/04112adf-6443-44d8-bd33-fbd06244b7d9-20250227132%40blurHash%3DSjRHKnNFOWQwMH4yMDIwNA%3D%3D.jpeg,1
2255,Anvil,L8-8a9k49u,500,https://s3.amazonaws.com/com.images.legiteem8/69fcbf68-b90e-4a79-9aad-197e1c970281-2025022523932%40blurHash%3DSk1OSSQjLmw0b1EuMDBNew%3D%3D.jpeg,1
2256,Brockum Worldwide,L8-4ipr983,200,https://s3.amazonaws.com/com.images.legiteem8/00631ce5-cf64-4a78-a314-aad2af8ea4bd-2025022731836%40blurHash%3DSjFKKllQMDAwMD93MDB5Rg%3D%3D.jpeg,1
2257,Gildan Active Wear,L8-biam31n,120,https://s3.amazonaws.com/com.images.legiteem8/4e6d4857-f80f-4604-b039-150e8db2f2a0-2025022552441%40blurHash%3DSjhKanhJfkEwMFdCMDBJdA%3D%3D.jpeg,1
2258,Giant by Tultex,L8-3afo7qi,250,https://s3.amazonaws.com/com.images.legiteem8/e8d22587-4302-407b-b263-03891438b7b8-2025022545726%40blurHash%3DSlZHSEYub2Z9VGJIXWlqQA%3D%3D.jpeg,1
2259,Giant,L8-ps0mrti,150,https://s3.amazonaws.com/com.images.legiteem8/5faa68b3-b358-461a-9d77-7e79bbe5b61f-20250301153652%40blurHash%3DSkI2dGdzczp%2BQW9mXmhvSw%3D%3D.jpeg,1
2260,urban outfitters england shirt,L8-i8bmg6t,25,https://s3.amazonaws.com/com.images.legiteem8/0352dff5-6af1-4716-86ca-ee4aee54f7db-20250226225732.jpeg,1
2261,Hanes Beefy T,L8-fnhemwr,75,https://s3.amazonaws.com/com.images.legiteem8/58bf0209-3545-42d0-a593-d10a3a71beaf-202501318414%40blurHash%3DSkNKakB6NG8lM3h1flUtOg%3D%3D.jpeg,1
2262,Euro (Generic) ,L8-dr820g6,850,https://s3.amazonaws.com/com.images.legiteem8/eb95e26f-45cb-4938-a6cb-1bf57c506e07-2025030383959%40blurHash%3DSlZGaGJjfXIuN05GU15FZg%3D%3D.jpeg,1
2263,Bay Club,L8-6ovo91w,950,https://s3.amazonaws.com/com.images.legiteem8/18ca994b-ce6e-4344-a665-512de2d18244-202503040657%40blurHash%3DSkU5YThNT0Z%2BV054PV9OYg%3D%3D.jpeg,1
2264,Harlequin,L8-o92k5o9,300,https://s3.amazonaws.com/com.images.legiteem8/efc528c9-aba3-46e0-9e3e-396104fbdef7-2025030532059%40blurHash%3DSkZJIzQ3fkNYU3M6MDBJOg%3D%3D.jpeg,1
2265,Hanes,L8-vdv6qmd,150,https://s3.amazonaws.com/com.images.legiteem8/6f42bb40-e8de-4441-b08d-507f71c27fbc-20250305212346%40blurHash%3DSjc4I1F2eHZ%2BVnQ1MDBhdw%3D%3D.jpeg,0
2266,aphex twin early 2ks,L8-mm5owta,300,https://s3.amazonaws.com/com.images.legiteem8/4c9ba7d3-6133-4701-b084-cc08b426958d-2025030611626%40blurHash%3DSmpFeVNpb2Z%2BcG9mXipqWw%3D%3D.jpeg,1
2267,Fruit of the Loom,L8-1k15wro,250,https://s3.amazonaws.com/com.images.legiteem8/16483ca0-7bed-44bf-a875-02de13705b07-2025030644528%40blurHash%3DSkJKOHcufnEwMElUMDBveg%3D%3D.jpeg,1
2268,Cut Off,L8-6qdn2bg,150,https://s3.amazonaws.com/com.images.legiteem8/296c5fb8-8d7e-43e0-b721-020623587d79-20250305232415%40blurHash%3DSm5IX2xPRGl%2BcUUxeHV4dA%3D%3D.jpeg,1
2269,Cut Off,L8-31m9ee3,200,https://s3.amazonaws.com/com.images.legiteem8/89a3dc80-06cd-4199-8550-e8693110956a-2025030631134%40blurHash%3DSkxDNmlkTXt%2BQVZAfldhZQ%3D%3D.jpeg,0
2270,LOONEY TUNES,L8-aapsc8k,10,https://s3.amazonaws.com/com.images.legiteem8/8b334d50-049a-4df3-8607-2e50cba2c036-20250310223610.jpeg,1
2271,Jerzees,L8-3metpga,250,https://s3.amazonaws.com/com.images.legiteem8/3de76b9f-b141-485b-9585-80913d19cfe0-20250306163532.jpeg,1
2272,Screen Stars,L8-j95tf3r,250,https://s3.amazonaws.com/com.images.legiteem8/cdf5f6bd-b4bf-470b-a3b2-035e6f59c508-2025030615858%40blurHash%3DSkdGRjhPfVA3MzVTRGh4RA%3D%3D.jpeg,1
2273,Giant,L8-d1d7mup,200,https://s3.amazonaws.com/com.images.legiteem8/25c25aa2-c697-4a0b-98f2-0f310023e295-202503124052%40blurHash%3DSkc4RF5QSVZ%2BV017XitNew%3D%3D.jpeg,1
2274,Giant by Tultex,L8-p3tsq5v,1200,https://s3.amazonaws.com/com.images.legiteem8/11ae7045-6159-424b-a389-6b0ddfd47011-20250307203852%40blurHash%3DSkhMTk1UVnUubF8xMDBvTQ%3D%3D.jpeg,1
2275,90s ???? nirvana tee,L8-friw03v,600,https://s3.amazonaws.com/com.images.legiteem8/507e3212-ff0a-4175-97f2-74470a942ddf-20250312124559%40blurHash%3DSkVBS0kyfm8tP25mbyNSag%3D%3D.jpeg,1